company_id,company_name,year,quarter,report_type,revenue_q,revenue_q_prev,revenue_yoy,gross_profit_q,gross_profit_q_prev,gross_profit_yoy,operating_income_q,operating_income_q_prev,operating_income_yoy,net_income_q,net_income_q_prev,net_income_yoy,eps_q,eps_q_prev,eps_change_q,revenue_ytd,revenue_ytd_prev,revenue_ytd_yoy,gross_profit_ytd,gross_profit_ytd_prev,gross_profit_ytd_yoy,operating_income_ytd,operating_income_ytd_prev,operating_income_ytd_yoy,net_income_ytd,net_income_ytd_prev,net_income_ytd_yoy,eps_ytd,eps_ytd_prev,eps_change_ytd,total_assets_q,total_assets_q_prev,total_liabilities_q,total_liabilities_q_prev,debt_ratio_q,debt_ratio_q_prev,debt_ratio_yoy_change,gross_margin_q,gross_margin_q_prev,gross_margin_yoy_change,operating_margin_q,operating_margin_q_prev,operating_margin_yoy_change,net_margin_q,net_margin_q_prev,net_margin_yoy_change
1101,臺灣水泥股份有限公司,2025,3,合併,39066.9,41075.04,-4.89,8843.98,9968.92,-11.28,5140.08,6269.91,-18.02,-10200.12,3141.23,-424.72,-1.36,0.42,-1.78,109377.58,105588.49,3.59,20084.53,21311.95,-5.76,8555.98,11795.13,-27.46,-9239.4,7363.97,-225.47,-1.28,0.93,-2.21,581076.43,586487.54,300508.56,283103.82,51.72,48.27,3.45,22.64,24.27,-1.63,13.16,15.26,-2.1,-26.11,7.65,-33.76
1102,亞洲水泥股份有限公司,2025,3,合併,17888.57,19953.2,-10.35,2986.13,2808.55,6.32,2415.43,1928.71,25.24,3791.12,1896.25,99.93,1.13,0.57,0.56,53149.01,55437.72,-4.13,8731.24,7419.22,17.68,6608.11,4767.1,38.62,8085.15,9087.9,-11.03,2.42,2.72,-0.3,317375.2,328791.6,121052.19,128053.63,38.14,38.95,-0.81,16.69,14.08,2.61,13.5,9.67,3.83,21.19,9.5,11.69
1103,嘉新水泥股份有限公司,2025,3,合併,723.66,775.74,-6.71,112.7,127.36,-11.51,-38.03,-54.49,30.21,687.56,484.6,41.88,1.04,0.74,0.3,2244.68,2213.18,1.42,362.36,350.82,3.29,-37.63,-81.02,53.55,478.87,517.89,-7.53,0.73,0.79,-0.06,33271.28,36003.48,14452.04,13545.35,43.44,37.62,5.82,15.57,16.42,-0.85,-5.26,-7.02,1.76,95.01,62.47,32.54
1104,環球水泥股份有限公司,2025,3,合併,1885.54,1872.79,0.68,388.43,346.01,12.26,245.66,236.02,4.08,561.55,474.48,18.35,0.82,0.69,0.13,5783.02,5873.44,-1.54,1217.08,1163.24,4.63,812.43,782.57,3.82,1236.84,1105.59,11.87,1.8,1.61,0.19,29626.74,29074.62,5622.46,5013.1,18.98,17.24,1.74,20.6,18.48,2.12,13.03,12.6,0.43,29.78,25.34,4.44
1108,幸福水泥股份有限公司,2025,3,合併,1052.09,1144.7,-8.09,214.55,190.62,12.55,151.08,136.12,10.99,121.12,107.92,12.23,0.3,0.27,0.03,3425.38,3554.78,-3.64,710.38,668.19,6.31,1039.06,469.97,121.09,815.94,362.66,124.99,2.02,0.9,1.12,10231.72,10100.51,4542.45,5060.36,44.4,50.1,-5.7,20.39,16.65,3.74,14.36,11.89,2.47,11.51,9.43,2.08
1109,信大水泥股份有限公司,2025,3,合併,1060.57,1059.07,0.14,179.57,184.4,-2.62,117.12,103.18,13.51,104.65,61.98,68.84,0.31,0.18,0.13,3312.27,3532.18,-6.23,544.83,732.68,-25.64,332.18,468.68,-29.12,271.77,370.7,-26.69,0.8,1.08,-0.28,11001.35,11116.56,1041.55,1015.17,9.47,9.13,0.34,16.93,17.41,-0.48,11.04,9.74,1.3,9.87,5.85,4.02
1110,東南水泥股份有限公司,2025,3,合併,653.3,890.64,-26.65,110.89,190.99,-41.94,59.47,141.0,-57.82,121.48,199.86,-39.22,0.21,0.35,-0.14,2142.29,2072.16,3.38,320.07,386.1,-17.1,189.99,278.07,-31.68,163.94,287.75,-43.03,0.29,0.5,-0.21,12726.91,12552.86,3101.73,3066.63,24.37,24.43,-0.06,16.97,21.44,-4.47,9.1,15.83,-6.73,18.6,22.44,-3.84
1201,味全食品工業股份有限公司,2025,3,合併,5985.81,6506.1,-8.0,1588.1,1783.77,-10.97,109.58,217.54,-49.63,79.69,140.4,-43.24,0.16,0.28,-0.12,16717.79,17746.41,-5.8,4559.52,4902.6,-7.0,373.07,510.75,-26.96,215.86,375.11,-42.45,0.43,0.74,-0.31,17802.7,18009.06,10313.05,10358.16,57.93,57.52,0.41,26.53,27.42,-0.89,1.83,3.34,-1.51,1.33,2.16,-0.83
1203,味王股份有限公司,2025,3,合併,1382.94,1443.72,-4.21,460.49,450.25,2.27,218.1,192.4,13.36,150.17,102.58,46.39,0.64,0.44,0.2,4337.94,4524.64,-4.13,1521.93,1495.07,1.8,746.28,731.38,2.04,303.1,374.63,-19.09,1.28,1.58,-0.3,10407.31,10332.52,3353.75,3415.61,32.22,33.06,-0.84,33.3,31.19,2.11,15.77,13.33,2.44,10.86,7.11,3.75
1210,大成長城企業股份有限公司,2025,3,合併,24677.21,25858.17,-4.57,3664.07,3705.4,-1.12,1080.66,1116.19,-3.18,780.85,841.8,-7.24,0.93,1.0,-0.07,75015.43,76102.72,-1.43,10818.71,10872.24,-0.49,3422.91,3805.91,-10.06,2235.77,2473.75,-9.62,2.67,2.94,-0.27,70504.97,67765.93,37275.97,34749.92,52.87,51.28,1.59,14.85,14.33,0.52,4.38,4.32,0.06,3.16,3.26,-0.1
1213,大西洋飲料股份有限公司,2025,3,合併,91.59,63.68,43.83,-0.38,-2.43,84.36,-10.61,-14.28,25.7,-11.12,-17.95,38.05,-0.2,-0.32,0.12,226.78,138.93,63.23,-4.81,-29.45,83.67,-34.2,-59.07,42.1,-36.85,-42.56,13.42,-0.65,-0.75,0.1,790.01,955.54,126.25,770.89,15.98,80.68,-64.7,-0.42,-3.82,3.4,-11.59,-22.42,10.83,-12.14,-28.19,16.05
1215,台灣卜蜂企業股份有限公司,2025,3,合併,7094.16,7013.97,1.14,1576.02,1038.06,51.82,1008.01,431.44,133.64,879.97,513.33,71.42,2.99,1.74,1.25,20852.15,20631.06,1.07,4504.53,3189.41,41.23,2840.76,1451.47,95.72,2340.21,1259.01,85.88,7.94,4.27,3.67,30846.68,29827.4,18784.17,19160.1,60.9,64.24,-3.34,22.22,14.8,7.42,14.21,6.15,8.06,12.4,7.32,5.08
1216,統一企業股份有限公司,2025,3,合併,176326.13,178921.76,-1.45,59082.08,59035.05,0.08,10476.79,10956.19,-4.38,5994.89,6088.94,-1.54,1.06,1.07,-0.01,515163.66,499797.98,3.07,172538.65,165235.3,4.42,30786.6,28786.52,6.95,16664.6,17531.97,-4.95,2.93,3.09,-0.16,717115.18,704898.84,518138.23,503445.99,72.25,71.42,0.83,33.51,32.99,0.52,5.94,6.12,-0.18,3.4,3.4,0.0
1217,愛之味股份有限公司,2025,3,合併,1604.53,1700.84,-5.66,440.93,481.37,-8.4,43.92,67.15,-34.59,178.12,112.63,58.15,0.36,0.23,0.13,4032.26,4062.43,-0.74,1114.14,1156.56,-3.67,108.89,147.68,-26.27,154.46,309.02,-50.02,0.31,0.62,-0.31,15635.38,15254.86,7345.46,6937.94,46.98,45.48,1.5,27.48,28.3,-0.82,2.74,3.95,-1.21,11.1,6.62,4.48
1218,泰山企業股份有限公司,2025,3,合併,2802.8,2968.24,-5.57,527.1,602.07,-12.45,114.28,239.66,-52.32,198.2,268.02,-26.05,0.41,0.55,-0.14,7732.3,8280.05,-6.62,1386.03,1488.95,-6.91,358.0,520.39,-31.21,519.79,626.42,-17.02,1.07,1.29,-0.22,14516.92,14691.34,1823.71,1975.99,12.56,13.45,-0.89,18.81,20.28,-1.47,4.08,8.07,-3.99,7.07,9.03,-1.96
1219,福壽實業股份有限公司,2025,3,合併,3468.96,3524.65,-1.58,325.06,311.67,4.3,27.5,0.24,11358.33,64.69,13.12,393.06,0.19,0.04,0.15,10596.85,10559.02,0.36,861.44,962.09,-10.46,-38.3,60.93,-162.86,85.5,121.77,-29.79,0.25,0.36,-0.11,9585.17,9875.61,5028.44,5303.13,52.46,53.7,-1.24,9.37,8.84,0.53,0.79,0.01,0.78,1.86,0.37,1.49
1220,台榮產業股份有限公司,2025,3,合併,845.57,833.64,1.43,136.23,148.42,-8.21,49.89,75.69,-34.09,42.52,59.84,-28.94,0.24,0.34,-0.1,2405.23,2408.79,-0.15,274.65,459.64,-40.25,37.6,236.55,-84.1,22.52,186.58,-87.93,0.13,1.06,-0.93,3490.43,3308.54,930.82,667.2,26.67,20.17,6.5,16.11,17.8,-1.69,5.9,9.08,-3.18,5.03,7.18,-2.15
1225,福懋油脂股份有限公司,2025,3,合併,2822.18,3172.62,-11.05,298.19,257.44,15.83,129.66,101.67,27.53,87.21,68.8,26.76,0.36,0.28,0.08,8999.76,9557.28,-5.83,841.5,807.77,4.18,362.64,342.91,5.75,271.84,275.62,-1.37,1.12,1.14,-0.02,8080.65,8690.73,3808.31,4790.76,47.13,55.12,-7.99,10.57,8.11,2.46,4.59,3.2,1.39,3.09,2.17,0.92
1227,佳格食品股份有限公司,2025,3,合併,7281.27,7633.93,-4.62,1679.4,1963.76,-14.48,324.46,640.47,-49.34,375.29,494.53,-24.11,0.41,0.54,-0.13,20336.37,20787.3,-2.17,5111.88,5155.26,-0.84,1006.6,1397.59,-27.98,850.36,1262.67,-32.65,0.94,1.39,-0.45,27413.19,26819.69,9263.86,8744.77,33.79,32.61,1.18,23.06,25.72,-2.66,4.46,8.39,-3.93,5.15,6.48,-1.33
1229,聯華實業控股股份有限公司,2025,3,合併,3231.6,2784.39,16.06,690.4,428.9,60.97,322.98,68.68,370.27,1275.56,754.86,68.98,0.71,0.42,0.29,9763.22,9774.04,-0.11,2600.51,2160.17,20.38,1620.04,1134.39,42.81,3585.85,3201.0,12.02,2.0,1.79,0.21,98835.43,86968.38,19376.75,18896.17,19.61,21.73,-2.12,21.36,15.4,5.96,9.99,2.47,7.52,39.47,27.11,12.36
1231,聯華食品工業股份有限公司,2025,3,合併,3381.02,3184.22,6.18,675.1,670.62,0.67,260.3,289.6,-10.12,314.81,229.89,36.94,1.05,0.77,0.28,9486.47,8740.02,8.54,1880.65,1786.82,5.25,724.73,688.06,5.33,668.59,735.86,-9.14,2.24,2.47,-0.23,14694.01,13900.25,7913.87,7767.02,53.86,55.88,-2.02,19.97,21.06,-1.09,7.7,9.09,-1.39,9.31,7.22,2.09
1232,大統益股份有限公司,2025,3,合併,5335.06,5411.91,-1.42,687.92,610.9,12.61,387.75,335.32,15.64,304.88,256.99,18.63,1.91,1.61,0.3,15836.43,16376.35,-3.3,2084.37,2004.8,3.97,1203.37,1189.37,1.18,933.56,963.47,-3.1,5.84,6.02,-0.18,8852.24,8919.21,3144.96,3447.66,35.53,38.65,-3.12,12.89,11.29,1.6,7.27,6.2,1.07,5.71,4.75,0.96
1233,天仁茶業股份有限公司,2025,3,合併,526.5,537.67,-2.08,315.71,316.91,-0.38,10.29,13.86,-25.76,12.68,11.58,9.5,0.14,0.13,0.01,1599.94,1634.31,-2.1,953.39,961.11,-0.8,53.63,61.87,-13.32,49.86,65.47,-23.84,0.55,0.72,-0.17,2193.42,2251.16,854.33,836.6,38.95,37.16,1.79,59.96,58.94,1.02,1.95,2.58,-0.63,2.41,2.15,0.26
1234,黑松股份有限公司,2025,3,合併,2611.66,3057.12,-14.57,858.7,1034.76,-17.01,193.03,327.79,-41.11,245.28,365.83,-32.95,0.61,0.91,-0.3,7308.38,7975.74,-8.37,2114.24,2417.6,-12.55,296.77,619.53,-52.1,631.63,790.81,-20.13,1.57,1.97,-0.4,24151.8,23803.71,5458.51,5121.0,22.6,21.51,1.09,32.88,33.85,-0.97,7.39,10.72,-3.33,9.39,11.97,-2.58
1235,興泰實業股份有限公司,2025,3,合併,51.49,32.83,56.84,14.41,8.73,65.06,1.33,-1.76,175.57,7.1,62.98,-88.73,0.06,0.51,-0.45,119.66,73.61,62.56,33.0,23.49,40.49,4.92,-11.68,142.12,71.99,150.52,-52.17,0.59,1.23,-0.64,5550.79,6276.78,2473.32,2756.93,44.56,43.92,0.64,27.98,26.6,1.38,2.58,-5.37,7.95,13.79,191.81,-178.02
1236,宏亞食品股份有限公司,2025,3,合併,528.09,504.26,4.73,149.0,127.19,17.15,19.82,-8.46,334.28,25.55,-0.51,5109.8,0.29,-0.01,0.3,1378.07,1420.93,-3.02,351.66,353.58,-0.54,-22.68,-32.09,29.32,-19.68,-18.55,-6.09,-0.23,-0.21,-0.02,3769.77,3920.06,1262.18,1328.61,33.48,33.89,-0.41,28.21,25.22,2.99,3.75,-1.68,5.43,4.84,-0.1,4.94
1256,鮮活控股股份有限公司,2025,3,合併,1444.36,1302.46,10.89,425.53,360.75,17.96,241.14,180.06,33.92,168.69,140.44,20.12,4.98,4.15,0.83,3241.47,3368.6,-3.77,926.02,875.13,5.82,435.81,362.58,20.2,315.38,277.86,13.5,9.32,8.21,1.11,4599.26,4503.39,1166.39,1053.8,25.36,23.4,1.96,29.46,27.7,1.76,16.7,13.82,2.88,11.68,10.78,0.9
1301,台灣塑膠工業股份有限公司,2025,3,合併,41717.95,50492.25,-17.38,576.05,2491.32,-76.88,-2684.61,-1507.18,-78.12,-602.12,-3092.47,80.53,-0.09,-0.49,0.4,134307.26,149709.59,-10.29,4624.17,8062.88,-42.65,-5138.96,-2782.64,-84.68,-7177.39,-1507.02,-376.26,-1.13,-0.24,-0.89,489417.16,521676.63,197520.23,206748.28,40.36,39.63,0.73,1.38,4.93,-3.55,-6.44,-2.98,-3.46,-1.44,-6.12,4.68
1303,南亞塑膠工業股份有限公司,2025,3,合併,64177.49,66423.31,-3.38,5321.26,5515.92,-3.53,1036.36,994.09,4.25,3256.14,65.76,4851.55,0.41,0.01,0.4,195445.09,191459.55,2.08,15622.74,14068.8,11.05,2374.37,707.89,235.42,-406.81,3041.95,-113.37,-0.05,0.38,-0.43,588213.36,631671.24,243647.3,259083.51,41.42,41.02,0.4,8.29,8.3,-0.01,1.61,1.5,0.11,5.07,0.1,4.97
1304,台灣聚合化學品股份有限公司,2025,3,合併,10505.77,12903.25,-18.58,173.56,307.76,-43.61,-846.22,-869.76,2.71,-479.3,-658.87,27.25,-0.45,-0.62,0.17,34227.46,38387.77,-10.84,817.31,1938.73,-57.84,-2223.92,-1258.39,-76.73,-1982.2,-1304.19,-51.99,-1.85,-1.22,-0.63,64559.96,72060.87,27644.78,27564.58,42.82,38.25,4.57,1.65,2.39,-0.74,-8.05,-6.74,-1.31,-4.56,-5.11,0.55
1305,華夏海灣塑膠股份有限公司,2025,3,合併,2265.11,2562.29,-11.6,-64.07,-259.81,75.34,-296.35,-520.81,43.1,-103.3,-411.49,74.9,-0.18,-0.71,0.53,7385.4,8542.92,-13.55,-361.85,234.53,-254.29,-1071.3,-574.76,-86.39,-777.34,-348.76,-122.89,-1.34,-0.6,-0.74,17141.54,17992.74,8786.15,8372.21,51.26,46.53,4.73,-2.83,-10.14,7.31,-13.08,-20.33,7.25,-4.56,-16.06,11.5
1307,三芳化學工業股份有限公司,2025,3,合併,2845.95,3110.96,-8.52,877.76,1024.58,-14.33,385.56,541.32,-28.77,417.01,385.86,8.07,1.05,0.97,0.08,8251.58,8212.74,0.47,2602.75,2565.4,1.46,1192.08,1213.66,-1.78,798.72,1099.09,-27.33,2.01,2.76,-0.75,16982.43,16926.85,7543.89,7236.47,44.42,42.75,1.67,30.84,32.93,-2.09,13.55,17.4,-3.85,14.65,12.4,2.25
1308,亞洲聚合股份有限公司及子公司,2025,3,合併,1465.84,1422.23,3.07,9.53,7.5,27.07,-53.96,-54.83,1.59,-152.84,-214.67,28.8,-0.26,-0.36,0.1,4340.67,4478.4,-3.08,157.87,114.92,37.37,-28.68,-65.02,55.89,-685.99,-474.31,-44.63,-1.16,-0.8,-0.36,12273.95,14183.3,1819.56,1752.36,14.82,12.36,2.46,0.65,0.53,0.12,-3.68,-3.86,0.18,-10.43,-15.09,4.66
1309,台達化學工業股份有限公司,2025,3,合併,3392.44,5185.91,-34.58,126.34,341.73,-63.03,-132.82,-68.08,-95.09,-73.44,-98.97,25.8,-0.18,-0.25,0.07,11474.81,13919.66,-17.56,493.36,580.57,-15.02,-302.17,-354.45,14.75,-370.84,-239.93,-54.56,-0.93,-0.6,-0.33,8752.79,9853.49,3082.42,3520.26,35.22,35.73,-0.51,3.72,6.59,-2.87,-3.92,-1.31,-2.61,-2.16,-1.91,-0.25
1310,台灣苯乙烯工業股份有限公司,2025,3,合併,2220.09,3032.9,-26.8,-117.27,-153.96,23.83,-163.42,-200.98,18.69,-124.53,-176.44,29.42,-0.24,-0.34,0.1,6960.17,8692.01,-19.92,-415.95,-200.97,-106.97,-546.38,-354.24,-54.24,-496.62,-203.94,-143.51,-0.94,-0.39,-0.55,9442.42,9341.08,2538.19,2315.4,26.88,24.79,2.09,-5.28,-5.08,-0.2,-7.36,-6.63,-0.73,-5.61,-5.82,0.21
1312,國喬石油化學股份有限公司,2025,3,合併,4831.35,4315.4,11.96,-672.48,70.28,-1056.86,-1234.14,-467.09,-164.22,-1472.27,-320.79,-358.95,-1.33,-0.29,-1.04,15848.48,12623.77,25.54,-1193.22,405.48,-394.27,-2996.91,-1019.08,-194.08,-3159.91,-1061.01,-197.82,-2.86,-0.96,-1.9,63616.76,63498.01,31657.38,26294.36,49.76,41.41,8.35,-13.92,1.63,-15.55,-25.54,-10.82,-14.72,-30.47,-7.43,-23.04
1313,聯成化學科技股份有限公司,2025,3,合併,14588.79,17004.41,-14.21,139.69,-263.72,152.97,-498.23,-886.24,43.78,-331.8,-726.35,54.32,-0.25,-0.55,0.3,44121.42,55211.41,-20.09,952.19,-649.21,246.67,-939.46,-2515.1,62.65,-743.76,-2078.67,64.22,-0.56,-1.57,1.01,55206.51,56543.43,25495.84,27793.59,46.18,49.15,-2.97,0.96,-1.55,2.51,-3.42,-5.21,1.79,-2.27,-4.27,2.0
1314,中國石油化學工業開發股份有限公司,2025,3,合併,4446.19,7127.84,-37.62,-545.29,-11.0,-4857.18,-938.53,-510.33,-83.91,-903.97,-576.99,-56.67,-0.24,-0.15,-0.09,15851.24,23359.68,-32.14,-1105.75,763.71,-244.79,-2436.29,-665.64,-266.01,-2839.48,-115.48,-2358.85,-0.75,-0.03,-0.72,130046.55,145292.19,54022.79,66015.18,41.54,45.44,-3.9,-12.26,-0.15,-12.11,-21.11,-7.16,-13.95,-20.33,-8.09,-12.24
1315,達新工業股份有限公司,2025,3,合併,590.89,510.67,15.71,66.97,59.87,11.86,-25.39,-27.94,9.13,136.34,44.42,206.93,1.43,0.46,0.97,1748.42,1525.17,14.64,227.03,187.09,21.35,-45.9,-90.41,49.23,94.17,143.55,-34.4,0.99,1.5,-0.51,10125.42,10682.72,697.31,792.42,6.89,7.42,-0.53,11.33,11.72,-0.39,-4.3,-5.47,1.17,23.07,8.7,14.37
1316,上曜建設開發股份有限公司,2025,3,合併,1111.23,363.01,206.12,527.64,90.16,485.23,160.64,-19.12,940.17,-43.98,-22.18,-98.29,-0.13,-0.08,-0.05,2821.27,964.9,192.39,1230.97,296.93,314.57,352.4,-36.6,1062.84,-241.85,-77.48,-212.15,-0.74,-0.29,-0.45,21539.16,16968.75,9668.0,8008.9,44.89,47.2,-2.31,47.48,24.84,22.64,14.46,-5.27,19.73,-3.96,-6.11,2.15
1319,東陽實業廠股份有限公司,2025,3,合併,5401.84,6315.45,-14.47,1512.45,2056.98,-26.47,618.6,1179.27,-47.54,657.18,882.78,-25.56,1.11,1.49,-0.38,18586.57,18675.48,-0.48,6235.82,6142.06,1.53,3426.44,3477.59,-1.47,2579.59,3095.73,-16.67,4.36,5.23,-0.87,36232.91,34804.11,8933.99,8068.63,24.66,23.18,1.48,28.0,32.57,-4.57,11.45,18.67,-7.22,12.17,13.98,-1.81
1321,大洋塑膠工業股份有限公司,2025,3,合併,798.31,1022.54,-21.93,31.64,35.59,-11.1,-49.39,-63.49,22.21,-29.39,-24.18,-21.55,-0.13,-0.11,-0.02,2742.89,3467.92,-20.91,200.02,236.39,-15.39,-68.2,-60.53,-12.67,-162.42,163.52,-199.33,-0.74,0.74,-1.48,11432.97,11977.76,5620.34,5803.74,49.16,48.45,0.71,3.96,3.48,0.48,-6.19,-6.21,0.02,-3.68,-2.36,-1.32
1323,永裕塑膠工業股份有限公司,2025,3,合併,483.15,568.08,-14.95,57.5,69.14,-16.84,-11.0,-20.09,45.25,4.88,180.32,-97.29,0.05,1.98,-1.93,1525.3,2124.09,-28.19,194.55,364.3,-46.6,-9.12,68.45,-113.32,5.3,230.5,-97.7,0.06,2.53,-2.47,4608.1,4880.56,2143.18,2258.82,46.51,46.28,0.23,11.9,12.17,-0.27,-2.28,-3.54,1.26,1.01,31.74,-30.73
1324,地球綜合工業股份有限公司,2025,3,合併,175.48,182.48,-3.84,21.83,34.04,-35.87,-13.46,-1.79,-651.96,-9.93,-2.07,-379.71,-0.13,-0.03,-0.1,552.24,587.25,-5.96,80.11,109.44,-26.8,-50.46,-1.9,-2555.79,-49.89,-0.69,-7130.43,-0.66,-0.01,-0.65,1114.73,1163.38,220.64,198.67,19.79,17.08,2.71,12.44,18.66,-6.22,-7.67,-0.98,-6.69,-5.66,-1.14,-4.52
1325,恒大股份有限公司,2025,3,合併,61.83,71.45,-13.46,-17.87,-13.75,-29.96,-28.84,-24.52,-17.62,-3.51,-18.81,81.34,-0.05,-0.22,0.17,227.96,244.84,-6.89,-34.39,-25.11,-36.96,-68.41,-59.29,-15.38,-55.05,-11.04,-398.64,-0.65,-0.13,-0.52,2746.44,2897.86,91.12,94.42,3.32,3.26,0.06,-28.91,-19.24,-9.67,-46.64,-34.32,-12.32,-5.68,-26.32,20.64
1326,台灣化學纖維股份有限公司,2025,3,合併,69575.98,86898.52,-19.93,3034.03,1836.61,65.2,-214.68,-2088.56,89.72,1779.96,-1917.88,192.81,0.3,-0.33,0.63,222032.93,267315.49,-16.94,6697.24,11112.35,-39.73,-3181.37,-687.51,-362.74,-5501.94,1446.35,-480.4,-0.94,0.25,-1.19,482409.98,532104.42,169974.48,190643.22,35.23,35.83,-0.6,4.36,2.11,2.25,-0.31,-2.4,2.09,2.56,-2.21,4.77
1337,亞洲塑膠再生資源控股有限公司,2025,3,合併,152.49,180.87,-15.69,-45.55,-35.65,-27.77,-107.98,-94.17,-14.66,-116.74,-93.66,-24.64,-0.44,-0.35,-0.09,502.01,617.54,-18.71,-91.34,-83.42,-9.49,-295.65,-264.81,-11.65,-332.27,-281.31,-18.12,-1.24,-1.05,-0.19,6056.64,5955.83,2440.58,1643.89,40.3,27.6,12.7,-29.87,-19.71,-10.16,-70.81,-52.07,-18.74,-76.56,-51.78,-24.78
1338,廣華控股有限公司,2025,3,合併,1356.18,1184.97,14.45,356.4,316.48,12.61,34.83,-13.91,350.4,11.55,-28.84,140.05,0.14,-0.35,0.49,3884.46,3673.97,5.73,923.63,842.67,9.61,-26.52,-67.2,60.54,-163.23,-45.86,-255.93,-2.0,-0.55,-1.45,10176.69,10626.39,4272.34,4151.92,41.98,39.07,2.91,26.28,26.71,-0.43,2.57,-1.17,3.74,0.85,-2.43,3.28
1339,昭輝實業股份有限公司,2025,3,合併,382.46,476.31,-19.7,103.19,157.46,-34.47,29.32,73.15,-59.92,67.48,77.81,-13.28,0.91,1.05,-0.14,1289.67,1430.6,-9.85,450.31,496.24,-9.26,222.89,251.84,-11.5,83.37,301.89,-72.38,1.12,4.07,-2.95,5144.08,5090.14,1152.01,956.51,22.39,18.79,3.6,26.98,33.06,-6.08,7.67,15.36,-7.69,17.64,16.34,1.3
1340,勝悅新材料有限公司,2025,3,合併,9.22,12.27,-24.86,-10.96,12.27,-189.32,-39.34,-10.54,-273.24,-40.09,-135.85,70.49,-0.26,-0.89,0.63,32.74,35.38,-7.46,-25.0,35.38,-170.66,-103.84,-47.68,-117.79,-145.16,-354.24,59.02,-0.95,-2.32,1.37,2970.95,3828.68,249.63,340.49,8.4,8.89,-0.49,-118.84,100.0,-218.84,-426.54,-85.9,-340.64,-434.66,-1106.81,672.15
1341,富林塑膠工業（開曼）控股股份有限公司,2025,3,合併,605.52,687.59,-11.94,131.16,133.91,-2.05,49.93,71.71,-30.37,41.85,54.72,-23.52,0.79,1.04,-0.25,1878.78,1998.12,-5.97,422.68,414.97,1.86,193.6,229.27,-15.56,122.84,193.64,-36.56,2.32,3.69,-1.37,2018.84,2240.29,840.7,893.5,41.64,39.88,1.76,21.66,19.48,2.18,8.25,10.43,-2.18,6.91,7.96,-1.05
1402,遠東新世紀股份有限公司及子公司,2025,3,合併,61501.69,67273.78,-8.58,11848.39,14215.1,-16.65,3842.36,5012.49,-23.34,2119.54,1994.45,6.27,0.42,0.4,0.02,185299.98,200198.92,-7.44,38622.05,40289.71,-4.14,13739.88,13150.79,4.48,5424.0,7030.42,-22.85,1.08,1.4,-0.32,665187.93,672113.97,359556.46,358241.84,54.05,53.3,0.75,19.27,21.13,-1.86,6.25,7.45,-1.2,3.45,2.96,0.49
1410,南洋染整股份有限公司,2025,3,合併,39.96,66.44,-39.86,6.26,24.57,-74.52,-9.28,9.71,-195.57,26.88,6.1,340.66,0.43,0.1,0.33,142.71,175.61,-18.73,40.91,59.16,-30.85,-8.06,12.57,-164.12,25.81,26.62,-3.04,0.41,0.42,-0.01,1292.3,1338.65,211.41,217.82,16.36,16.27,0.09,15.66,36.98,-21.32,-23.22,14.61,-37.83,67.26,9.18,58.08
1414,東和紡織股份有限公司,2025,3,合併,99.08,122.37,-19.03,10.42,14.38,-27.54,-7.83,-4.58,-70.96,21.77,21.78,-0.05,0.1,0.1,0.0,358.86,405.21,-11.44,44.32,51.71,-14.29,-12.01,-7.17,-67.5,25.95,56.65,-54.19,0.12,0.26,-0.14,4148.24,4405.26,1044.64,1236.66,25.18,28.07,-2.89,10.51,11.75,-1.24,-7.9,-3.75,-4.15,21.97,17.8,4.17
1416,廣豐實業股份有限公司,2025,3,合併,86.29,83.67,3.13,29.07,30.75,-5.46,-3.68,-2.91,-26.46,72.87,42.16,72.84,0.39,0.23,0.16,249.11,239.0,4.23,83.13,88.64,-6.22,-12.43,-0.22,-5550.0,119.65,121.63,-1.63,0.65,0.66,-0.01,5815.51,5380.78,1557.77,1340.38,26.79,24.91,1.88,33.69,36.75,-3.06,-4.26,-3.48,-0.78,84.45,50.39,34.06
1417,嘉裕股份有限公司,2025,3,合併,97.63,110.11,-11.33,48.1,22.39,114.83,-8.26,-54.98,84.98,31.75,-29.52,207.55,0.17,-0.16,0.33,237.47,489.38,-51.48,124.6,183.24,-32.0,-43.35,-130.53,66.79,33.86,-64.65,152.37,0.18,-0.34,0.52,2836.36,3066.57,482.05,660.62,17.0,21.54,-4.54,49.27,20.34,28.93,-8.46,-49.94,41.48,32.52,-26.81,59.33
1418,東華龍股份有限公司 (原名:東華合纖股份有限公司),2025,3,合併,0.05,0.89,-94.38,0.05,0.16,-68.75,-19.74,7.51,-362.85,-38.66,-25.7,-50.43,-0.71,-0.47,-0.24,3.6,7.2,-50.0,0.5,1.11,-54.95,-57.69,-27.59,-109.1,-121.48,-85.44,-42.18,-2.24,-1.57,-0.67,5282.07,4969.2,4103.56,3782.95,77.69,76.13,1.56,100.0,18.38,81.62,-37247.17,846.45,-38093.62,-72941.51,-2897.75,-70043.76
1419,新光紡織股份有限公司,2025,3,合併,1253.35,1135.75,10.35,292.39,330.79,-11.61,97.83,149.46,-34.54,585.94,239.63,144.52,1.96,0.8,1.16,3253.89,2885.55,12.76,856.02,835.11,2.5,273.39,284.96,-4.06,1009.44,542.8,85.97,3.37,1.81,1.56,24764.27,20269.83,7457.99,5489.66,30.12,27.08,3.04,23.33,29.13,-5.8,7.81,13.16,-5.35,46.75,21.1,25.65
1432,大魯閣實業股份有限公司,2025,3,合併,351.51,333.88,5.28,152.1,128.1,18.74,-15.94,-4.04,-294.55,-18.97,-7.19,-163.84,-0.18,-0.07,-0.11,1026.62,977.81,4.99,446.79,389.98,14.57,-17.05,5.48,-411.13,-38.88,-17.82,-118.18,-0.36,-0.19,-0.17,5529.84,5600.43,4363.96,4482.41,78.92,80.04,-1.12,43.27,38.37,4.9,-4.54,-1.21,-3.33,-5.4,-2.15,-3.25
1434,福懋興業股份有限公司,2025,3,合併,6505.74,7089.7,-8.24,733.13,758.56,-3.35,93.12,138.94,-32.98,331.87,962.47,-65.52,0.2,0.57,-0.37,21439.09,21882.93,-2.03,2425.8,2341.1,3.62,645.02,504.0,27.98,484.52,1384.4,-65.0,0.29,0.82,-0.53,52002.9,60093.52,14403.59,15999.9,27.7,26.63,1.07,11.27,10.7,0.57,1.43,1.96,-0.53,5.1,13.58,-8.48
1436,華友聯開發股份有限公司,2025,3,合併,2038.7,4083.5,-50.07,979.0,2107.14,-53.54,812.78,1807.73,-55.04,605.07,1476.46,-59.02,3.25,9.31,-6.06,3692.16,6125.34,-39.72,1848.56,3087.7,-40.13,1487.24,2563.86,-41.99,1056.42,2084.53,-49.32,6.01,13.57,-7.56,22787.67,18870.75,15763.93,12878.8,69.18,68.25,0.93,48.02,51.6,-3.58,39.87,44.27,-4.4,29.68,36.16,-6.48
1437,勤益投資控股股份有限公司,2025,3,合併,303.74,269.35,12.77,193.17,175.41,10.12,158.64,143.63,10.45,292.99,178.14,64.47,1.44,0.88,0.56,693.38,638.25,8.64,396.41,394.62,0.45,321.71,294.05,9.41,324.69,559.24,-41.94,1.6,2.75,-1.15,13709.08,13395.62,5412.84,5291.49,39.48,39.5,-0.02,63.6,65.12,-1.52,52.23,53.33,-1.1,96.46,66.14,30.32
1439,雋揚國際股份有限公司,2025,3,合併,282.64,13.97,1923.19,71.27,7.74,820.8,45.94,-9.41,588.2,80.19,34.66,131.36,0.87,0.38,0.49,515.9,78.1,560.56,142.32,28.74,395.2,81.62,-21.26,483.91,192.35,96.24,99.86,2.09,1.05,1.04,5848.99,5585.69,2549.08,2477.75,43.58,44.36,-0.78,25.22,55.39,-30.17,16.25,-67.39,83.64,28.37,248.11,-219.74
1440,臺南紡織股份有限公司,2025,3,合併,3251.26,4632.08,-29.81,222.32,166.28,33.7,-190.31,-302.09,37.0,4.68,-52.96,108.84,0.0,-0.03,0.03,11143.88,13190.93,-15.52,811.42,770.76,5.28,-433.54,-572.72,24.3,-66.1,-221.24,70.12,-0.04,-0.13,0.09,45211.76,48987.49,17442.66,19301.45,38.58,39.4,-0.82,6.84,3.59,3.25,-5.85,-6.52,0.67,0.14,-1.14,1.28
1441,大東紡織股份有限公司,2025,3,合併,360.83,519.37,-30.53,17.99,33.65,-46.54,-17.89,-7.96,-124.75,-25.31,10.52,-340.59,-0.35,0.15,-0.5,1138.09,1182.26,-3.74,103.17,-33.36,409.26,-10.05,-149.28,93.27,-18.6,173.23,-110.74,-0.26,2.54,-2.8,1373.01,2245.05,904.06,1631.52,65.85,72.67,-6.82,4.99,6.48,-1.49,-4.96,-1.53,-3.43,-7.01,2.03,-9.04
1442,名軒開發股份有限公司,2025,3,合併,557.24,2461.54,-77.36,265.6,1018.23,-73.92,191.35,858.27,-77.71,166.64,754.67,-77.92,0.46,2.06,-1.6,2694.9,7434.87,-63.75,1317.89,2964.95,-55.55,1074.24,2487.86,-56.82,912.02,2150.93,-57.6,2.49,5.87,-3.38,13999.86,14876.94,6193.61,6815.93,44.24,45.82,-1.58,47.66,41.37,6.29,34.34,34.87,-0.53,29.9,30.66,-0.76
1443,立益物流開發股份有限公司,2025,3,合併,244.75,240.59,1.73,118.37,119.54,-0.98,82.55,89.76,-8.03,61.83,57.47,7.59,0.46,0.42,0.04,751.41,671.0,11.98,366.56,327.32,11.99,271.49,249.88,8.65,70.98,211.24,-66.4,0.52,1.56,-1.04,7826.32,7581.85,5948.2,5829.23,76.0,76.88,-0.88,48.36,49.69,-1.33,33.73,37.31,-3.58,25.26,23.89,1.37
1444,力麗企業股份有限公司,2025,3,合併,1715.91,2037.67,-15.79,-8.82,17.21,-151.25,-166.04,-148.74,-11.63,-335.35,-75.22,-345.83,-0.34,-0.08,-0.26,5336.57,6112.92,-12.7,99.4,157.94,-37.06,-329.79,-303.93,-8.51,-675.3,261.88,-357.87,-0.68,0.26,-0.94,20052.97,20436.57,9082.86,8058.34,45.29,39.43,5.86,-0.51,0.84,-1.35,-9.68,-7.3,-2.38,-19.54,-3.69,-15.85
1445,大宇紡織股份有限公司,2025,3,合併,176.34,271.81,-35.12,17.21,14.97,14.96,-24.47,-24.66,0.77,-21.32,-25.33,15.83,-0.16,-0.19,0.03,579.17,779.64,-25.71,74.5,74.31,0.26,-46.63,-52.67,11.47,-73.79,-22.0,-235.41,-0.56,-0.17,-0.39,4666.18,2718.76,2382.3,364.65,51.05,13.41,37.64,9.76,5.51,4.25,-13.87,-9.07,-4.8,-12.09,-9.32,-2.77
1446,宏和精密紡織股份有限公司,2025,3,合併,221.04,1593.27,-86.13,95.41,809.55,-88.21,71.27,692.38,-89.71,81.26,671.22,-87.89,0.59,4.87,-4.28,987.85,3056.04,-67.68,462.63,1538.84,-69.94,355.78,1288.98,-72.4,281.63,1246.79,-77.41,2.05,9.05,-7.0,3203.82,3660.09,373.09,987.85,11.65,26.99,-15.34,43.17,50.81,-7.64,32.24,43.46,-11.22,36.76,42.13,-5.37
1447,力鵬企業股份有限公司,2025,3,合併,6667.02,7255.09,-8.11,-21.04,83.13,-125.31,-199.19,-136.92,-45.48,-101.12,-139.52,27.52,-0.12,-0.16,0.04,21160.68,25533.08,-17.12,92.97,310.63,-70.07,-461.04,-265.02,-73.96,-531.88,71.99,-838.82,-0.61,0.08,-0.69,17837.82,18025.2,9175.97,7984.4,51.44,44.3,7.14,-0.32,1.15,-1.47,-2.99,-1.89,-1.1,-1.52,-1.92,0.4
1449,佳和實業股份有限公司,2025,3,合併,453.13,641.79,-29.4,14.98,102.54,-85.39,-80.63,5.43,-1584.9,-32.36,14.04,-330.48,-0.29,0.14,-0.43,1805.67,2225.76,-18.87,241.13,451.15,-46.55,-64.6,114.21,-156.56,-30.14,85.82,-135.12,-0.28,0.96,-1.24,6392.7,6315.15,4107.13,4281.86,64.25,67.8,-3.55,3.31,15.98,-12.67,-17.79,0.85,-18.64,-7.14,2.19,-9.33
1451,年興紡織股份有限公司,2025,3,合併,1559.5,1632.36,-4.46,175.96,226.39,-22.28,24.66,90.75,-72.83,108.48,86.16,25.91,0.55,0.44,0.11,4687.15,4949.66,-5.3,513.04,523.24,-1.95,61.14,105.66,-42.14,286.72,179.42,59.8,1.45,0.91,0.54,8446.93,8384.14,1203.35,1222.37,14.25,14.58,-0.33,11.28,13.87,-2.59,1.58,5.56,-3.98,6.96,5.28,1.68
1452,宏益纖維工業(股)公司,2025,3,合併,348.25,462.82,-24.75,0.28,12.96,-97.84,-23.1,-12.71,-81.75,19.09,6.96,174.28,0.14,0.05,0.09,1047.29,1242.67,-15.72,25.17,49.27,-48.91,-44.36,-29.77,-49.01,-44.89,51.72,-186.79,-0.34,0.39,-0.73,2817.35,2937.0,131.71,170.1,4.67,5.79,-1.12,0.08,2.8,-2.72,-6.63,-2.75,-3.88,5.48,1.5,3.98
1453,大將開發股份有限公司,2025,3,合併,0.33,0.34,-2.94,0.19,0.2,-5.0,-7.63,-8.04,5.1,17.49,-16.25,207.63,0.15,-0.14,0.29,1.08,1.03,4.85,0.58,0.51,13.73,-24.12,-29.58,18.46,5.23,12.69,-58.79,0.05,0.11,-0.06,2841.49,2510.03,1386.49,1049.52,48.79,41.81,6.98,56.76,56.69,0.07,-2292.19,-2337.5,45.31,5253.15,-4722.97,9976.12
1454,台灣富綢纖維股份有限公司,2025,3,合併,362.09,416.01,-12.96,-8.51,26.47,-132.15,-46.35,-19.31,-140.03,-13.94,-0.1,-13840.0,-0.11,0.0,-0.11,1179.29,1232.7,-4.33,32.15,102.33,-68.58,-86.88,-26.08,-233.13,-85.36,29.59,-388.48,-0.7,0.24,-0.94,2042.05,1985.25,604.19,391.37,29.59,19.71,9.88,-2.35,6.36,-8.71,-12.8,-4.64,-8.16,-3.85,-0.02,-3.83
1455,集盛實業股份有限公司,2025,3,合併,1401.91,2376.03,-41.0,-34.48,20.96,-264.5,-111.81,-77.22,-44.79,-29.21,-59.91,51.24,-0.05,-0.12,0.07,4987.23,7318.11,-31.85,-120.21,177.08,-167.88,-379.34,-142.45,-166.3,-351.18,75.78,-563.42,-0.66,0.14,-0.8,9344.78,11157.73,3394.3,4775.19,36.32,42.8,-6.48,-2.46,0.88,-3.34,-7.98,-3.25,-4.73,-2.08,-2.52,0.44
1456,怡華實業股份有限公司,2025,3,合併,161.42,304.86,-47.05,64.18,100.32,-36.02,39.11,62.85,-37.77,-32.1,-15.2,-111.18,-0.34,-0.16,-0.18,621.62,843.5,-26.3,225.97,280.36,-19.4,133.91,170.21,-21.33,-84.46,-99.94,15.49,-0.9,-1.07,0.17,12628.71,12176.26,11095.86,10762.49,87.86,88.39,-0.53,39.76,32.91,6.85,24.23,20.62,3.61,-19.88,-4.98,-14.9
1457,宜進實業股份有限公司,2025,3,合併,674.95,931.16,-27.52,61.51,105.57,-41.74,22.89,377.51,-93.94,9.66,156.41,-93.82,0.04,0.67,-0.63,2341.58,2557.61,-8.45,243.53,235.81,3.27,385.64,440.55,-12.46,101.72,218.14,-53.37,0.44,0.93,-0.49,17107.29,18803.97,8478.57,9953.71,49.56,52.93,-3.37,9.11,11.34,-2.23,3.39,40.54,-37.15,1.43,16.8,-15.37
1459,聯發紡織纖維股份有限公司,2025,3,合併,277.62,198.73,39.7,54.97,-11.67,571.04,34.43,-26.3,230.91,151.72,59.14,156.54,0.48,0.19,0.29,817.5,569.46,43.56,99.32,-32.36,406.92,34.84,-77.27,145.09,189.72,177.42,6.93,0.6,0.56,0.04,4498.48,5052.5,1205.85,1998.58,26.81,39.56,-12.75,19.8,-5.87,25.67,12.4,-13.23,25.63,54.65,29.76,24.89
1460,宏遠興業股份有限公司,2025,3,合併,1764.91,2121.08,-16.79,230.12,216.06,6.51,-66.48,-59.15,-12.39,-67.46,-156.39,56.86,-0.1,-0.23,0.13,5467.85,5804.56,-5.8,787.39,622.01,26.59,-95.45,-220.89,56.79,-182.4,-273.11,33.21,-0.27,-0.4,0.13,11242.61,12082.62,5750.27,6257.56,51.15,51.79,-0.64,13.04,10.19,2.85,-3.77,-2.79,-0.98,-3.82,-7.37,3.55
1463,強盛新股份有限公司,2025,3,合併,58.26,72.15,-19.25,-3.51,1.26,-378.57,-23.37,-16.3,-43.37,96.41,35.53,171.35,0.56,0.22,0.34,743.02,217.44,241.71,166.67,-5.81,2968.67,109.24,-63.27,272.66,132.35,42.56,210.97,0.78,0.26,0.52,3572.93,2989.89,752.75,639.43,21.07,21.39,-0.32,-6.02,1.74,-7.76,-40.11,-22.59,-17.52,165.47,49.25,116.22
1464,得力實業股份有限公司,2025,3,合併,3049.92,3225.16,-5.43,489.47,695.28,-29.6,-14.04,209.56,-106.7,60.9,111.08,-45.17,0.14,0.26,-0.12,9334.62,8587.5,8.7,1802.05,1749.46,3.01,280.91,431.27,-34.86,13.46,267.18,-94.96,0.03,0.63,-0.6,17196.51,15583.57,11715.19,9698.1,68.13,62.23,5.9,16.05,21.56,-5.51,-0.46,6.5,-6.96,2.0,3.44,-1.44
1466,聚隆纖維股份有限公司,2025,3,合併,598.26,805.77,-25.75,48.0,81.65,-41.21,-23.8,0.82,-3002.44,-28.89,-1.34,-2055.97,-0.26,-0.01,-0.25,1942.71,2095.01,-7.27,172.06,197.42,-12.85,-26.7,-12.68,-110.57,-68.02,-13.43,-406.48,-0.61,-0.12,-0.49,3730.27,3472.82,2093.11,2041.85,56.11,58.8,-2.69,8.02,10.13,-2.11,-3.98,0.1,-4.08,-4.83,-0.17,-4.66
1467,南緯實業股份有限公司,2025,3,合併,1477.33,1446.97,2.1,264.81,323.11,-18.04,0.34,93.56,-99.64,3.14,64.3,-95.12,0.01,0.28,-0.27,3863.26,3709.19,4.15,687.7,790.18,-12.97,-26.62,117.0,-122.75,-183.92,92.98,-297.81,-0.79,0.4,-1.19,8571.06,8901.11,5813.17,5807.54,67.82,65.25,2.57,17.93,22.33,-4.4,0.02,6.47,-6.45,0.21,4.44,-4.23
1468,昶和纖維興業股份有限公司,2025,3,合併,190.67,250.46,-23.87,39.37,57.91,-32.02,13.92,34.23,-59.33,53.7,12.93,315.31,0.33,0.08,0.25,646.26,840.25,-23.09,73.19,176.75,-58.59,-6.65,74.64,-108.91,-7.15,127.62,-105.6,-0.04,0.8,-0.84,3081.28,2890.63,1659.98,1471.11,53.87,50.89,2.98,20.65,23.12,-2.47,7.3,13.67,-6.37,28.16,5.16,23.0
1470,大統新創股份有限公司及子公司,2025,3,合併,179.76,196.55,-8.54,34.7,51.07,-32.05,5.88,22.24,-73.56,21.5,11.31,90.1,0.25,0.13,0.12,592.39,573.46,3.3,130.37,146.4,-10.95,45.42,62.53,-27.36,27.51,65.82,-58.2,0.32,0.77,-0.45,1135.12,1179.57,160.17,176.6,14.11,14.97,-0.86,19.3,25.98,-6.68,3.27,11.31,-8.04,11.96,5.76,6.2
1471,首利實業股份有限公司,2025,3,合併,46.47,68.72,-32.38,3.93,4.13,-4.84,-22.05,-23.67,6.84,-5.69,33.46,-117.01,-0.04,0.22,-0.26,148.66,203.72,-27.03,13.62,21.73,-37.32,-71.02,-63.78,-11.35,-7.77,42.94,-118.1,-0.05,0.29,-0.34,1644.57,1689.47,122.33,140.61,7.44,8.32,-0.88,8.45,6.01,2.44,-47.46,-34.44,-13.02,-12.24,48.69,-60.93
1472,三洋實業股份有限公司,2025,3,合併,923.62,547.26,68.77,127.95,69.36,84.47,95.93,26.27,265.17,84.99,25.05,239.28,1.62,0.51,1.11,2727.82,1657.71,64.55,411.17,220.3,86.64,310.23,117.54,163.94,267.65,84.19,217.91,5.1,1.88,3.22,5360.3,3395.62,3139.8,1445.31,58.58,42.56,16.02,13.85,12.67,1.18,10.39,4.8,5.59,9.2,4.58,4.62
1473,臺南企業股份有限公司,2025,3,合併,1437.0,1825.84,-21.3,171.68,340.65,-49.6,-54.2,93.47,-157.99,-21.08,72.04,-129.26,-0.14,0.49,-0.63,5436.55,5774.4,-5.85,876.89,1092.73,-19.75,141.49,341.26,-58.54,112.06,372.06,-69.88,0.77,2.55,-1.78,5099.8,5512.32,1352.52,1532.38,26.52,27.8,-1.28,11.95,18.66,-6.71,-3.77,5.12,-8.89,-1.47,3.95,-5.42
1474,弘裕企業股份有限公司,2025,3,合併,727.95,760.26,-4.25,77.8,72.39,7.47,6.88,-26.35,126.11,18.93,-2.23,948.88,0.15,-0.01,0.16,2168.93,2294.52,-5.47,260.48,209.92,24.09,20.31,-66.23,130.67,37.27,100.97,-63.09,0.29,0.78,-0.49,3634.72,3808.57,1539.29,1622.53,42.35,42.6,-0.25,10.69,9.52,1.17,0.95,-3.47,4.42,2.6,-0.29,2.89
1475,台灣業旺股份有限公司,2025,3,合併,347.27,521.98,-33.47,76.17,150.61,-49.43,65.5,132.28,-50.48,101.51,80.14,26.67,1.54,1.21,0.33,1106.65,1467.4,-24.58,261.01,425.2,-38.61,196.11,376.5,-47.91,94.38,344.73,-72.62,1.43,5.22,-3.79,2136.81,2187.0,673.04,712.1,31.5,32.56,-1.06,21.93,28.85,-6.92,18.86,25.34,-6.48,29.23,15.35,13.88
1476,儒鴻企業股份有限公司,2025,3,合併,9633.43,10031.71,-3.97,2761.12,3242.2,-14.84,1840.36,2309.33,-20.31,1652.38,1775.2,-6.92,6.02,6.47,-0.45,28725.62,27257.62,5.39,8085.18,8512.34,-5.02,5316.68,5885.45,-9.66,3932.96,4934.02,-20.29,14.33,17.98,-3.65,33364.77,33617.47,5603.53,6558.6,16.79,19.51,-2.72,28.66,32.32,-3.66,19.1,23.02,-3.92,17.15,17.7,-0.55
1477,聚陽實業股份有限公司,2025,3,合併,8889.0,10464.89,-15.06,1991.85,2479.9,-19.68,1091.93,1589.32,-31.3,858.01,1168.81,-26.59,3.48,4.74,-1.26,26501.96,26767.08,-0.99,6444.97,6751.94,-4.55,3613.74,4060.51,-11.0,2744.76,3146.78,-12.78,11.13,12.76,-1.63,22039.9,23321.65,8925.41,9746.09,40.5,41.79,-1.29,22.41,23.7,-1.29,12.28,15.19,-2.91,9.65,11.17,-1.52
1503,士林電機廠股份有限公司,2025,3,合併,8339.25,8062.44,3.43,1650.81,1848.19,-10.68,787.17,1015.26,-22.47,733.67,702.4,4.45,1.41,1.35,0.06,27493.83,26151.75,5.13,6102.04,5202.22,17.3,3617.99,2765.52,30.82,2846.01,2589.39,9.91,5.46,4.97,0.49,57562.57,58401.38,20399.99,19332.73,35.44,33.1,2.34,19.8,22.92,-3.12,9.44,12.59,-3.15,8.8,8.71,0.09
1504,東元電機股份有限公司,2025,3,合併,14538.15,13457.34,8.03,3552.74,3492.87,1.71,1633.56,1632.72,0.05,1592.72,1770.01,-10.02,0.75,0.84,-0.09,43759.28,41712.87,4.91,10507.81,10717.32,-1.95,4295.5,4879.14,-11.96,4188.8,4576.1,-8.46,1.98,2.17,-0.19,141127.27,126857.32,47023.27,41761.65,33.32,32.92,0.4,24.44,25.96,-1.52,11.24,12.13,-0.89,10.96,13.15,-2.19
1506,正道工業股份有限公司,2025,3,合併,273.37,254.46,7.43,35.8,31.93,12.12,-13.5,-3.48,-287.93,22.6,12.64,78.8,0.07,0.04,0.03,820.0,766.02,7.05,131.6,111.91,17.59,-0.29,7.49,-103.87,13.43,31.16,-56.9,0.04,0.1,-0.06,3223.03,3134.59,370.8,314.53,11.5,10.03,1.47,13.1,12.55,0.55,-4.94,-1.37,-3.57,8.27,4.97,3.3
1512,瑞利企業股份有限公司,2025,3,合併,282.4,256.06,10.29,101.2,59.34,70.54,3.62,-25.66,114.11,2.04,-15.8,112.91,0.02,-0.16,0.18,828.6,807.25,2.64,277.59,194.69,42.58,-15.77,-75.48,79.11,3.94,-33.55,111.74,0.04,-0.34,0.38,2708.77,2120.21,2096.99,1784.48,77.41,84.17,-6.76,35.83,23.18,12.65,1.28,-10.02,11.3,0.72,-6.17,6.89
1513,中興電工機械股份有限公司,2025,3,合併,6790.86,6386.33,6.33,1756.61,1534.57,14.47,1297.85,979.37,32.52,1138.09,920.15,23.69,2.31,1.86,0.45,20342.94,18658.86,9.03,5149.42,4938.82,4.26,3726.6,3323.57,12.13,2958.08,2770.46,6.77,5.99,5.61,0.38,48405.81,49250.97,28559.05,30597.85,59.0,62.13,-3.13,25.87,24.03,1.84,19.11,15.34,3.77,16.76,14.41,2.35
1514,亞力電機股份有限公司,2025,3,合併,2811.62,1947.84,44.35,498.65,371.73,34.14,269.73,188.1,43.4,242.3,151.3,60.15,0.89,0.56,0.33,7404.96,6253.04,18.42,1345.8,1195.26,12.59,695.23,630.27,10.31,591.95,575.77,2.81,2.19,2.15,0.04,13367.92,10538.11,7294.99,4937.04,54.57,46.85,7.72,17.74,19.08,-1.34,9.59,9.66,-0.07,8.62,7.77,0.85
1515,力山工業股份有限公司,2025,3,合併,1410.99,1451.59,-2.8,155.56,205.24,-24.21,-10.37,26.54,-139.07,57.97,7.58,664.78,0.32,0.05,0.27,3618.16,5103.52,-29.1,451.78,824.0,-45.17,-35.08,284.33,-112.34,-15.38,347.53,-104.43,-0.08,1.92,-2.0,8063.81,7546.27,4307.75,3569.59,53.42,47.3,6.12,11.02,14.14,-3.12,-0.73,1.83,-2.56,4.11,0.52,3.59
1517,利奇機械工業股份有限公司,2025,3,合併,466.02,574.2,-18.84,-16.33,26.29,-162.11,-112.66,-68.65,-64.11,-23.78,-34.47,31.01,-0.11,-0.15,0.04,1525.56,1459.66,4.51,55.86,30.68,82.07,-226.2,-237.32,4.69,-147.58,-62.36,-136.66,-0.66,-0.28,-0.38,4266.77,4660.73,752.01,891.82,17.62,19.13,-1.51,-3.5,4.58,-8.08,-24.17,-11.96,-12.21,-5.1,-6.0,0.9
1519,華城電機股份有限公司,2025,3,合併,5831.8,5356.88,8.87,2431.45,2052.96,18.44,1202.35,1416.25,-15.1,1090.27,1229.67,-11.34,3.45,3.89,-0.44,16326.45,13040.22,25.2,6468.3,4776.14,35.43,3670.99,3186.92,15.19,2741.18,2721.85,0.71,8.68,8.62,0.06,24980.38,19594.99,16127.11,12295.14,64.56,62.75,1.81,41.69,38.32,3.37,20.62,26.44,-5.82,18.7,22.96,-4.26
1521,大億交通工業製造股份有限公司,2025,3,合併,903.35,802.63,12.55,128.07,120.38,6.39,8.37,0.85,884.71,8.77,-0.91,1063.74,0.12,-0.01,0.13,2654.24,2867.66,-7.44,424.58,422.26,0.55,71.85,59.78,20.19,26.05,65.93,-60.49,0.34,0.86,-0.52,2930.55,2864.7,1112.81,1043.4,37.97,36.42,1.55,14.18,15.0,-0.82,0.93,0.11,0.82,0.97,-0.11,1.08
1522,堤維西交通工業股份有限公司,2025,3,合併,6903.16,4788.59,44.16,1779.91,1363.67,30.52,563.07,488.93,15.16,333.84,405.07,-17.58,1.07,1.3,-0.23,16139.58,15092.59,6.94,4096.58,4481.86,-8.6,1188.11,1913.25,-37.9,425.58,1607.08,-73.52,1.17,4.96,-3.79,37540.63,26334.62,27519.04,15796.96,73.3,59.99,13.31,25.78,28.48,-2.7,8.16,10.21,-2.05,4.84,8.46,-3.62
1525,江申工業股份有限公司,2025,3,合併,330.81,403.4,-17.99,50.71,43.01,17.9,15.02,12.92,16.25,63.9,80.02,-20.14,0.87,1.09,-0.22,901.42,1088.02,-17.15,114.5,122.85,-6.8,19.76,33.64,-41.26,182.27,200.25,-8.98,2.48,2.73,-0.25,5461.13,5733.61,706.18,809.07,12.93,14.11,-1.18,15.33,10.66,4.67,4.54,3.2,1.34,19.32,19.84,-0.52
1526,日馳企業股份有限公司,2025,3,合併,202.39,160.24,26.3,15.9,13.03,22.03,-37.53,-41.89,10.41,4.64,-30.35,115.29,0.08,-0.51,0.59,611.38,543.9,12.41,120.29,118.81,1.25,-39.58,-50.44,21.53,-2.59,-28.7,90.98,-0.04,-0.48,0.44,2312.24,2503.05,960.72,1119.66,41.55,44.73,-3.18,7.86,8.13,-0.27,-18.54,-26.14,7.6,2.29,-18.94,21.23
1528,恩德科技股份有限公司及子公司,2025,3,合併,785.3,954.13,-17.69,241.3,229.45,5.16,20.09,-65.81,130.53,15.41,-64.76,123.8,0.08,-0.34,0.42,2116.38,2699.53,-21.6,655.68,643.06,1.96,41.75,-171.83,124.3,-100.94,-107.68,6.26,-0.53,-0.56,0.03,5413.45,5625.76,3216.54,3279.21,59.42,58.29,1.13,30.73,24.05,6.68,2.56,-6.9,9.46,1.96,-6.79,8.75
1529,樂事綠能科技股份有限公司,2025,3,合併,205.11,152.2,34.76,40.18,38.97,3.1,23.77,24.85,-4.35,13.19,-8.62,253.02,0.09,-0.06,0.15,680.64,505.72,34.59,131.24,112.45,16.71,53.76,69.08,-22.18,150.41,14.63,928.09,0.97,0.09,0.88,3443.94,3441.63,1560.15,1641.25,45.3,47.69,-2.39,19.59,25.6,-6.01,11.59,16.33,-4.74,6.43,-5.66,12.09
1530,亞崴機電股份有限公司,2025,3,合併,420.25,570.44,-26.33,63.75,71.08,-10.31,-12.81,-17.68,27.55,122.56,56.78,115.85,1.3,0.59,0.71,1456.55,1391.24,4.69,197.42,219.99,-10.26,-74.65,-53.13,-40.5,-268.31,121.68,-320.5,-2.81,1.26,-4.07,5628.19,6034.61,2423.59,2635.42,43.06,43.67,-0.61,15.17,12.46,2.71,-3.05,-3.1,0.05,29.16,9.95,19.21
1531,高林股份有限公司,2025,3,合併,361.97,431.02,-16.02,67.71,92.5,-26.8,-28.21,24.58,-214.77,32.23,11.64,176.89,0.18,0.06,0.12,1161.6,1241.05,-6.4,236.49,238.14,-0.69,-21.93,-4.94,-343.93,-42.1,45.47,-192.59,-0.23,0.25,-0.48,4291.69,4313.54,774.39,655.86,18.04,15.2,2.84,18.71,21.46,-2.75,-7.79,5.7,-13.49,8.9,2.7,6.2
1532,勤美股份有限公司,2025,3,合併,5996.28,3415.71,75.55,1471.83,748.8,96.56,772.22,120.29,541.97,398.96,30.83,1194.06,0.95,0.08,0.87,12058.63,14974.54,-19.47,2886.1,3887.75,-25.76,953.42,1979.05,-51.82,342.71,1412.59,-75.74,0.81,3.66,-2.85,52543.21,53237.38,33828.98,33941.57,64.38,63.76,0.62,24.55,21.92,2.63,12.88,3.52,9.36,6.65,0.9,5.75
1533,車王電子股份有限公司,2025,3,合併,1070.89,577.42,85.46,287.58,182.46,57.61,39.33,-77.74,150.59,45.82,-58.72,178.03,0.46,-0.6,1.06,2800.16,1965.23,42.49,830.15,455.95,82.07,56.44,-296.17,119.06,-14.13,-181.12,92.2,-0.14,-1.84,1.7,8475.86,8331.24,5871.44,5791.77,69.27,69.52,-0.25,26.85,31.6,-4.75,3.67,-13.46,17.13,4.28,-10.17,14.45
1535,中宇環保工程股份有限公司,2025,3,合併,3139.4,2591.42,21.15,241.65,235.94,2.42,95.09,108.39,-12.27,113.47,113.31,0.14,0.92,0.92,0.0,8678.85,7815.0,11.05,742.34,684.72,8.42,311.13,296.17,5.05,345.02,353.93,-2.52,2.79,2.86,-0.07,6963.79,6816.77,3336.57,3210.54,47.91,47.1,0.81,7.7,9.1,-1.4,3.03,4.18,-1.15,3.61,4.37,-0.76
1536,和大工業股份有限公司,2025,3,合併,1193.88,1456.86,-18.05,48.17,166.69,-71.1,-78.86,-43.23,-82.42,-40.64,-84.41,51.85,-0.15,-0.3,0.15,3559.16,4590.39,-22.46,179.91,588.14,-69.41,-278.7,-29.45,-846.35,-573.05,47.78,-1299.35,-2.05,0.17,-2.22,21692.28,22282.43,13593.92,13520.46,62.67,60.68,1.99,4.03,11.44,-7.41,-6.61,-2.97,-3.64,-3.4,-5.79,2.39
1537,廣隆光電科技股份有限公司,2025,3,合併,1603.75,2203.91,-27.23,303.91,534.51,-43.14,171.93,358.74,-52.07,169.34,278.25,-39.14,2.06,3.39,-1.33,5017.79,6059.37,-17.19,1047.93,1367.92,-23.39,640.4,902.03,-29.0,472.75,756.42,-37.5,5.76,9.23,-3.47,5658.41,5900.45,1528.36,1487.46,27.01,25.21,1.8,18.95,24.25,-5.3,10.72,16.28,-5.56,10.56,12.63,-2.07
1538,正峰工業股份有限公司,2025,3,合併,31.67,29.15,8.64,7.88,0.34,2217.65,-13.94,-14.44,3.46,-26.6,-21.12,-25.95,-0.82,-0.65,-0.17,92.57,75.32,22.9,19.3,3.24,495.68,-38.03,-43.03,11.62,-11.64,-53.97,78.43,-0.36,-1.67,1.31,248.82,275.71,101.16,87.57,40.66,31.76,8.9,24.88,1.17,23.71,-44.01,-49.55,5.54,-84.0,-72.47,-11.53
1539,巨庭機械股份有限公司,2025,3,合併,324.86,340.39,-4.56,29.92,36.91,-18.94,7.13,12.4,-42.5,22.47,1.8,1148.33,0.34,0.03,0.31,1048.01,1045.52,0.24,100.54,125.13,-19.65,29.44,51.64,-42.99,-5.26,70.33,-107.48,-0.08,1.08,-1.16,2181.35,2296.34,605.0,682.99,27.74,29.74,-2.0,9.21,10.84,-1.63,2.19,3.64,-1.45,6.92,0.53,6.39
1541,錩泰工業股份有限公司,2025,3,合併,937.97,716.45,30.92,143.56,95.91,49.68,42.31,-11.81,458.26,87.03,-16.82,617.42,1.1,-0.21,1.31,2881.21,2249.49,28.08,521.0,350.43,48.67,186.06,11.87,1467.48,103.83,73.34,41.57,1.32,0.93,0.39,3281.94,3189.07,1258.67,1226.67,38.35,38.46,-0.11,15.31,13.39,1.92,4.51,-1.65,6.16,9.28,-2.35,11.63
1558,伸興工業股份有限公司,2025,3,合併,2248.51,2442.96,-7.96,616.07,708.72,-13.07,247.09,327.85,-24.63,149.54,135.9,10.04,2.25,2.04,0.21,6472.83,6310.08,2.58,1719.67,1822.7,-5.65,624.03,739.65,-15.63,283.96,367.45,-22.72,4.27,5.52,-1.25,13025.93,12963.74,4636.01,4075.95,35.59,31.44,4.15,27.4,29.01,-1.61,10.99,13.42,-2.43,6.65,5.56,1.09
1560,中國砂輪企業股份有限公司,2025,3,合併,2091.28,1859.19,12.48,677.31,558.81,21.21,333.21,305.46,9.08,328.44,285.35,15.1,2.24,1.96,0.28,5977.67,5185.48,15.28,1904.62,1621.73,17.44,966.79,861.0,12.29,880.62,795.71,10.67,6.02,5.48,0.54,12560.39,10606.95,4691.06,3417.04,37.35,32.22,5.13,32.39,30.06,2.33,15.93,16.43,-0.5,15.71,15.35,0.36
1563,巧新科技工業股份有限公司,2025,3,合併,1701.67,1717.94,-0.95,298.64,445.5,-32.97,66.63,167.32,-60.18,42.81,188.98,-77.35,0.19,0.79,-0.6,5334.74,5545.63,-3.8,1183.41,1471.5,-19.58,508.8,697.08,-27.01,331.95,602.17,-44.87,1.47,2.66,-1.19,18106.44,17137.01,9278.72,7381.33,51.25,43.07,8.18,17.55,25.93,-8.38,3.92,9.74,-5.82,2.52,11.0,-8.48
1568,倉佑實業股份有限公司,2025,3,合併,249.82,242.36,3.08,68.74,56.26,22.18,27.59,15.7,75.73,34.77,29.06,19.65,0.34,0.28,0.06,792.32,808.43,-1.99,251.21,223.89,12.2,120.56,100.0,20.56,90.56,135.65,-33.24,0.88,1.33,-0.45,2278.1,2318.73,345.45,452.48,15.16,19.51,-4.35,27.52,23.21,4.31,11.04,6.48,4.56,13.92,11.99,1.93
1582,信錦企業股份有限公司,2025,3,合併,2166.66,2468.54,-12.23,503.84,720.81,-30.1,172.23,377.55,-54.38,156.88,218.38,-28.16,1.09,1.52,-0.43,6564.17,7149.03,-8.18,1597.41,2123.88,-24.79,643.99,1111.18,-42.04,429.56,794.9,-45.96,2.98,5.57,-2.59,12391.95,12943.75,5200.15,5162.87,41.96,39.89,2.07,23.25,29.2,-5.95,7.95,15.29,-7.34,7.24,8.85,-1.61
1583,程泰機械股份有限公司,2025,3,合併,1032.94,1118.38,-7.64,180.42,204.25,-11.67,-22.64,7.0,-423.43,320.04,168.31,90.15,2.93,1.53,1.4,2912.67,3312.08,-12.06,513.41,751.79,-31.71,-120.76,70.45,-271.41,-631.52,376.05,-267.94,-5.75,3.41,-9.16,13927.81,14131.24,6934.04,6777.54,49.79,47.96,1.83,17.47,18.26,-0.79,-2.19,0.63,-2.82,30.98,15.05,15.93
1587,吉茂精密股份有限公司,2025,3,合併,675.32,549.62,22.87,126.67,124.51,1.73,17.86,13.32,34.08,14.31,-6.21,330.43,0.18,-0.09,0.27,1874.09,1562.73,19.92,364.9,341.3,6.91,42.57,-24.52,273.61,19.54,-30.98,163.07,0.24,-0.43,0.67,3569.2,3393.86,2077.9,2083.02,58.22,61.38,-3.16,18.76,22.65,-3.89,2.64,2.42,0.22,2.12,-1.13,3.25
1589,永冠能源科技集團有限公司,2025,3,合併,2095.12,1847.22,13.42,164.91,28.36,481.49,-109.45,-273.45,59.97,-312.0,333.58,-193.53,-2.34,2.82,-5.16,5845.44,5005.98,16.77,409.12,-168.92,342.2,-401.39,-980.77,59.07,-673.31,-605.71,-11.16,-5.06,-5.13,0.07,26073.85,24864.17,17934.78,16256.43,68.78,65.38,3.4,7.87,1.54,6.33,-5.22,-14.8,9.58,-14.89,18.06,-32.95
1590,亞德客國際集團,2025,3,合併,8245.91,7380.79,11.72,3796.68,3419.21,11.04,2460.2,2069.29,18.89,2099.47,1732.37,21.19,10.5,8.66,1.84,25294.81,23014.32,9.91,11489.84,10803.71,6.35,7464.35,6879.43,8.5,6072.28,5822.65,4.29,30.36,29.11,1.25,59241.58,58056.38,11348.17,11444.62,19.16,19.71,-0.55,46.04,46.33,-0.29,29.84,28.04,1.8,25.46,23.47,1.99
1597,直得科技股份有限公司,2025,3,合併,279.74,280.38,-0.23,110.14,115.55,-4.68,21.0,22.32,-5.91,29.31,13.45,117.92,0.34,0.15,0.19,804.72,784.37,2.59,337.01,318.21,5.91,74.94,63.96,17.17,44.06,68.36,-35.55,0.5,0.78,-0.28,4210.23,4241.47,1857.75,1879.64,44.12,44.32,-0.2,39.37,41.21,-1.84,7.51,7.96,-0.45,10.48,4.8,5.68
1598,岱宇國際股份有限公司,2025,3,合併,1281.38,1586.37,-19.23,560.25,540.76,3.6,13.5,-70.6,119.12,61.12,-132.09,146.27,0.36,-0.84,1.2,4447.74,4849.69,-8.29,1737.92,1639.53,6.0,-179.85,-200.86,10.46,-206.9,-205.54,-0.66,-1.23,-1.3,0.07,10382.53,10727.14,5531.6,6069.04,53.28,56.58,-3.3,43.72,34.09,9.63,1.05,-4.45,5.5,4.77,-8.33,13.1
1603,中華電線電纜股份有限公司,2025,3,合併,1243.58,1171.12,6.19,177.05,180.32,-1.81,147.0,151.28,-2.83,190.66,162.56,17.29,1.2,1.02,0.18,4094.3,3341.99,22.51,596.94,465.23,28.31,484.46,369.37,31.16,481.1,349.99,37.46,3.03,2.2,0.83,12056.31,11108.26,4573.37,4110.27,37.93,37.0,0.93,14.24,15.4,-1.16,11.82,12.92,-1.1,15.33,13.88,1.45
1604,聲寶股份有限公司,2025,3,合併,2058.06,2264.51,-9.12,397.31,440.55,-9.82,118.69,171.46,-30.78,131.49,171.13,-23.16,0.36,0.47,-0.11,6950.11,7178.76,-3.19,1322.05,1449.94,-8.82,384.36,545.75,-29.57,469.84,633.06,-25.78,1.29,1.74,-0.45,18135.83,16485.27,9455.12,7721.08,52.14,46.84,5.3,19.3,19.45,-0.15,5.77,7.57,-1.8,6.39,7.56,-1.17
1605,華新麗華股份有限公司,2025,3,合併,41108.61,43802.36,-6.15,1958.06,2584.91,-24.25,-640.42,218.3,-393.37,998.33,356.08,180.37,0.23,0.09,0.14,132382.69,132666.0,-0.21,9040.27,9311.14,-2.91,807.32,2250.28,-64.12,2165.86,3370.08,-35.73,0.52,0.84,-0.32,286993.89,262469.95,121798.63,112637.62,42.44,42.91,-0.47,4.76,5.9,-1.14,-1.56,0.5,-2.06,2.43,0.81,1.62
1608,華榮電線電纜股份有限公司,2025,3,合併,2822.49,2874.46,-1.81,260.14,254.16,2.35,183.65,196.44,-6.51,1583.53,85.93,1742.81,3.73,0.2,3.53,8622.96,8654.5,-0.36,926.52,728.85,27.12,735.35,563.09,30.59,2014.03,591.56,240.46,4.75,1.39,3.36,15972.45,13932.22,5575.69,5008.08,34.91,35.95,-1.04,9.22,8.84,0.38,6.51,6.83,-0.32,56.1,2.99,53.11
1609,大亞電線電纜股份有限公司,2025,3,合併,7838.82,7914.17,-0.95,1024.55,1102.89,-7.1,605.19,570.59,6.06,342.52,258.07,32.72,0.44,0.33,0.11,22995.09,22230.14,3.44,3244.96,2926.93,10.87,2024.67,1478.56,36.94,1269.39,1417.99,-10.48,1.62,1.81,-0.19,60501.92,56328.72,41356.08,38187.92,68.35,67.79,0.56,13.07,13.94,-0.87,7.72,7.21,0.51,4.37,3.26,1.11
1611,中國電器股份有限公司及子公司,2025,3,合併,254.79,277.32,-8.12,79.36,90.0,-11.82,11.59,29.32,-60.47,36.69,33.34,10.05,0.11,0.1,0.01,817.99,863.88,-5.31,245.69,271.95,-9.66,45.47,80.44,-43.47,30.85,137.82,-77.62,0.1,0.43,-0.33,5212.3,5386.73,960.99,1020.33,18.44,18.94,-0.5,31.15,32.45,-1.3,4.55,10.57,-6.02,14.4,12.02,2.38
1612,宏泰電工股份有限公司,2025,3,合併,1874.57,1537.98,21.89,250.58,204.46,22.56,178.81,144.71,23.56,220.95,138.0,60.11,0.7,0.44,0.26,5901.35,4823.17,22.35,851.7,782.05,8.91,664.13,606.25,9.55,693.29,606.49,14.31,2.19,1.92,0.27,9083.51,8565.66,1161.6,1037.26,12.79,12.11,0.68,13.37,13.29,0.08,9.54,9.41,0.13,11.79,8.97,2.82
1614,台灣三洋電機股份有限公司,2025,3,合併,1312.91,1611.26,-18.52,290.8,303.55,-4.2,73.82,85.05,-13.2,72.19,81.78,-11.73,0.28,0.32,-0.04,4199.31,4402.14,-4.61,794.37,762.93,4.12,156.57,136.78,14.47,171.1,119.09,43.67,0.66,0.46,0.2,7107.77,7097.65,1459.23,1560.0,20.53,21.98,-1.45,22.15,18.84,3.31,5.62,5.28,0.34,5.5,5.08,0.42
1615,大山電線電纜股份有限公司,2025,3,合併,1269.61,1683.65,-24.59,293.68,304.88,-3.67,235.98,246.92,-4.43,231.33,213.97,8.11,1.18,1.09,0.09,4133.97,4404.52,-6.14,902.18,830.91,8.58,730.58,662.07,10.35,657.46,559.36,17.54,3.34,2.84,0.5,5710.85,5367.77,1820.65,1934.02,31.88,36.03,-4.15,23.13,18.11,5.02,18.59,14.67,3.92,18.22,12.71,5.51
1616,億泰電線電纜股份有限公司,2025,3,合併,1516.46,1199.8,26.39,240.2,148.75,61.48,191.73,77.17,148.45,107.87,79.55,35.6,0.57,0.42,0.15,4055.78,3339.72,21.44,633.41,311.31,103.47,445.02,150.28,196.13,420.56,95.22,341.67,2.22,0.5,1.72,4439.45,4210.61,2187.97,2300.63,49.28,54.64,-5.36,15.84,12.4,3.44,12.64,6.43,6.21,7.11,6.63,0.48
1617,榮星電線工業股份有限公司,2025,3,合併,849.41,893.08,-4.89,59.27,66.13,-10.37,2.38,-0.76,413.16,15.24,-18.57,182.07,0.09,-0.11,0.2,2453.29,2514.96,-2.45,181.73,242.46,-25.05,-1.04,35.65,-102.92,-64.0,49.16,-230.19,-0.38,0.3,-0.68,3391.57,3693.68,1308.76,1396.07,38.59,37.8,0.79,6.98,7.4,-0.42,0.28,-0.09,0.37,1.79,-2.08,3.87
1618,合機電線電纜股份有限公司,2025,3,合併,1175.81,1346.19,-12.66,204.58,296.21,-30.93,175.81,257.61,-31.75,194.38,226.89,-14.33,1.01,1.18,-0.17,3828.18,3321.89,15.24,715.24,621.74,15.04,597.07,516.99,15.49,628.0,521.33,20.46,3.26,2.71,0.55,8219.32,7726.51,1961.95,1571.69,23.87,20.34,3.53,17.4,22.0,-4.6,14.95,19.14,-4.19,16.53,16.85,-0.32
1626,艾美特(開曼)國際有限公司,2025,3,合併,1275.33,1575.81,-19.07,206.0,262.53,-21.53,-102.94,-99.09,-3.89,-121.44,-88.46,-37.28,-0.81,-0.58,-0.23,6348.71,6621.32,-4.12,1228.0,1278.39,-3.94,-71.97,-58.77,-22.46,-45.53,-97.9,53.49,-0.3,-0.64,0.34,7966.73,8587.48,5269.26,5534.38,66.14,64.45,1.69,16.15,16.66,-0.51,-8.07,-6.29,-1.78,-9.52,-5.61,-3.91
1702,南僑投資控股股份有限公司,2025,3,合併,5634.58,5989.84,-5.93,1337.37,1654.51,-19.17,84.53,309.75,-72.71,35.58,141.99,-74.94,0.14,0.57,-0.43,17261.13,17448.94,-1.08,4272.95,5189.47,-17.66,452.04,1228.79,-63.21,208.4,771.49,-72.99,0.84,3.11,-2.27,31797.21,33316.1,18220.97,18648.61,57.3,55.97,1.33,23.74,27.62,-3.88,1.5,5.17,-3.67,0.63,2.37,-1.74
1707,葡萄王生技股份有限公司,2025,3,合併,2427.89,2899.24,-16.26,1787.59,2265.32,-21.09,542.09,747.45,-27.47,296.1,415.89,-28.8,2.0,2.81,-0.81,7249.19,8005.02,-9.44,5400.85,6186.67,-12.7,1396.27,1735.38,-19.54,773.48,1001.53,-22.77,5.22,6.76,-1.54,14489.48,14405.9,2851.39,2874.58,19.68,19.95,-0.27,73.63,78.13,-4.5,22.33,25.78,-3.45,12.2,14.34,-2.14
1708,東南實業股份有限公司,2025,3,合併,1557.41,1620.74,-3.91,506.9,580.87,-12.73,292.62,345.63,-15.34,265.55,291.28,-8.83,1.07,1.17,-0.1,4524.63,4679.53,-3.31,1409.31,1599.63,-11.9,804.37,951.23,-15.44,547.82,772.84,-29.12,2.2,3.1,-0.9,12672.01,13827.81,5744.05,6962.16,45.33,50.35,-5.02,32.55,35.84,-3.29,18.79,21.33,-2.54,17.05,17.97,-0.92
1709,和益化學工業股份有限公司,2025,3,合併,2143.09,2575.26,-16.78,277.41,422.11,-34.28,109.91,179.41,-38.74,161.63,196.22,-17.63,0.34,0.41,-0.07,6959.0,8098.82,-14.07,981.23,1203.01,-18.44,461.49,540.95,-14.69,413.14,655.88,-37.01,0.87,1.37,-0.5,11946.06,13438.52,2843.93,3824.29,23.81,28.46,-4.65,12.94,16.39,-3.45,5.13,6.97,-1.84,7.54,7.62,-0.08
1710,東聯化學股份有限公司,2025,3,合併,5387.41,6534.37,-17.55,-38.4,405.81,-109.46,-308.08,95.71,-421.89,-246.68,51.52,-578.8,-0.28,0.06,-0.34,17337.02,18186.08,-4.67,276.11,964.62,-71.38,-565.27,87.19,-748.32,-511.48,90.09,-667.74,-0.58,0.1,-0.68,31613.39,32115.72,19431.99,17561.42,61.47,54.68,6.79,-0.71,6.21,-6.92,-5.72,1.46,-7.18,-4.58,0.79,-5.37
1711,台灣永光化學工業股份有限公司,2025,3,合併,1805.86,2035.82,-11.3,288.03,448.76,-35.82,-101.32,35.32,-386.86,-60.97,45.94,-232.72,-0.11,0.08,-0.19,5733.83,6137.07,-6.57,1112.24,1346.52,-17.4,-101.04,143.37,-170.47,-96.32,199.55,-148.27,-0.18,0.36,-0.54,12724.9,13512.49,4310.83,4612.45,33.88,34.13,-0.25,15.95,22.04,-6.09,-5.61,1.73,-7.34,-3.38,2.26,-5.64
1712,興農股份有限公司,2025,3,合併,4372.69,4662.75,-6.22,1354.74,1424.74,-4.91,258.36,287.19,-10.04,235.2,245.76,-4.3,0.56,0.58,-0.02,14234.4,14568.86,-2.3,4396.27,4329.25,1.55,1038.45,1009.74,2.84,869.57,815.55,6.62,2.07,1.94,0.13,15018.29,15290.79,6701.12,7060.99,44.62,46.18,-1.56,30.98,30.56,0.42,5.91,6.16,-0.25,5.38,5.27,0.11
1714,和桐化學股份有限公司,2025,3,合併,5973.24,5098.84,17.15,581.46,466.61,24.61,286.83,172.27,66.5,166.04,87.0,90.85,0.17,0.08,0.09,16916.5,14588.09,15.96,1496.82,1308.25,14.41,624.43,661.78,-5.64,364.99,356.92,2.26,0.37,0.35,0.02,23056.09,23944.15,6892.12,6931.68,29.89,28.95,0.94,9.73,9.15,0.58,4.8,3.38,1.42,2.78,1.71,1.07
1717,長興材料工業股份有限公司,2025,3,合併,10096.32,11333.52,-10.92,1991.48,2245.89,-11.33,315.12,518.35,-39.21,574.55,456.64,25.82,0.49,0.39,0.1,30561.71,32923.65,-7.17,6213.45,6608.22,-5.97,1293.36,1691.38,-23.53,1276.64,1347.83,-5.28,1.09,1.14,-0.05,58888.49,62648.58,32052.85,34611.1,54.43,55.25,-0.82,19.72,19.82,-0.1,3.12,4.57,-1.45,5.69,4.03,1.66
1720,生達化學製藥股份有限公司,2025,3,合併,1769.69,1742.44,1.56,737.36,744.66,-0.98,347.99,346.96,0.3,307.6,217.39,41.5,1.72,1.22,0.5,5237.64,5116.08,2.38,2172.79,2249.07,-3.39,1009.99,1060.79,-4.79,698.45,685.87,1.83,3.91,3.84,0.07,11623.44,11162.94,2602.01,2282.56,22.39,20.45,1.94,41.67,42.74,-1.07,19.66,19.91,-0.25,17.38,12.48,4.9
1721,三晃股份有限公司,2025,3,合併,483.96,648.1,-25.33,-2.77,37.39,-107.41,-46.54,-11.76,-295.75,-44.25,-20.39,-117.02,-0.24,-0.11,-0.13,1374.01,1796.23,-23.51,-50.41,15.26,-430.34,-188.28,-131.64,-43.03,-207.89,-141.66,-46.75,-1.12,-0.77,-0.35,3163.39,3540.96,1415.56,1568.57,44.75,44.3,0.45,-0.57,5.77,-6.34,-9.62,-1.81,-7.81,-9.14,-3.15,-5.99
1722,台灣肥料股份有限公司,2025,3,合併,3020.1,2955.02,2.2,418.26,469.12,-10.84,115.61,170.12,-32.04,561.74,737.93,-23.88,0.57,0.75,-0.18,9363.27,9170.63,2.1,1166.07,1371.18,-14.96,279.31,535.8,-47.87,1092.0,1513.36,-27.84,1.11,1.54,-0.43,81728.23,81770.46,27573.53,26774.81,33.74,32.74,1.0,13.85,15.88,-2.03,3.83,5.76,-1.93,18.6,24.97,-6.37
1723,中鋼碳素化學股份有限公司,2025,3,合併,1390.6,2100.28,-33.79,241.53,516.53,-53.24,87.51,358.79,-75.61,122.03,344.48,-64.58,0.53,1.48,-0.95,4513.68,5858.85,-22.96,872.37,1433.22,-39.13,441.38,992.66,-55.54,496.46,967.38,-48.68,2.14,4.17,-2.03,11134.08,11127.92,3444.17,3013.01,30.93,27.08,3.85,17.37,24.59,-7.22,6.29,17.08,-10.79,8.77,16.4,-7.63
1725,元禎企業股份有限公司,2025,3,合併,1955.35,2159.46,-9.45,124.34,129.96,-4.32,69.88,74.64,-6.38,233.57,196.36,18.95,1.28,1.08,0.2,6237.51,6107.71,2.13,294.62,310.71,-5.18,128.18,143.06,-10.4,248.49,303.7,-18.18,1.37,1.67,-0.3,8436.84,8030.93,2261.89,2584.64,26.81,32.18,-5.37,6.36,6.02,0.34,3.57,3.46,0.11,11.95,9.09,2.86
1726,永記造漆工業股份有限公司,2025,3,合併,2262.36,2354.67,-3.92,608.16,573.14,6.11,254.02,200.9,26.44,246.11,187.82,31.04,1.52,1.16,0.36,7278.67,6868.65,5.97,1899.26,1742.96,8.97,835.44,686.5,21.7,692.64,619.31,11.84,4.28,3.82,0.46,11483.12,11366.96,1433.12,1375.82,12.48,12.1,0.38,26.88,24.34,2.54,11.23,8.53,2.7,10.88,7.98,2.9
1730,花仙子企業股份有限公司,2025,3,合併,581.33,628.39,-7.49,303.02,297.32,1.92,92.3,88.9,3.82,75.26,68.23,10.3,1.19,1.08,0.11,1812.38,1896.08,-4.41,921.49,904.35,1.9,285.85,221.09,29.29,215.97,185.86,16.2,3.42,2.94,0.48,2618.73,2485.17,540.43,470.3,20.64,18.92,1.72,52.12,47.32,4.8,15.88,14.15,1.73,12.95,10.86,2.09
1731,美吾華股份有限公司,2025,3,合併,372.25,351.8,5.81,232.66,225.77,3.05,49.62,47.24,5.04,40.12,39.43,1.75,0.31,0.3,0.01,1169.24,1109.78,5.36,742.39,720.56,3.03,176.59,170.65,3.48,145.66,144.26,0.97,1.1,1.09,0.01,3106.92,3082.02,1022.35,1010.74,32.91,32.79,0.12,62.5,64.17,-1.67,13.33,13.43,-0.1,10.78,11.21,-0.43
1732,毛寶股份有限公司,2025,3,合併,169.74,143.72,18.1,70.86,61.51,15.2,12.84,4.54,182.82,12.72,3.41,273.02,0.3,0.08,0.22,506.38,445.58,13.65,207.66,184.76,12.39,33.84,11.64,190.72,15.87,13.09,21.24,0.37,0.31,0.06,647.29,635.28,159.88,143.41,24.7,22.57,2.13,41.75,42.8,-1.05,7.56,3.16,4.4,7.5,2.37,5.13
1733,五鼎生物技術股份有限公司,2025,3,合併,437.21,509.56,-14.2,106.82,143.93,-25.78,8.02,47.32,-83.05,22.14,33.07,-33.05,0.22,0.33,-0.11,1505.91,1398.21,7.7,406.38,370.34,9.73,107.48,80.69,33.2,112.81,89.5,26.04,1.13,0.9,0.23,2309.41,2335.28,494.69,557.62,21.42,23.88,-2.46,24.43,28.25,-3.82,1.84,9.29,-7.45,5.06,6.49,-1.43
1734,杏輝藥品工業股份有限公司,2025,3,合併,872.73,749.52,16.44,382.49,272.11,40.56,108.87,54.74,98.89,83.35,47.62,75.03,0.44,0.25,0.19,2491.3,2296.24,8.49,1074.43,889.33,20.81,320.82,206.98,55.0,263.8,222.94,18.33,1.39,1.17,0.22,6126.12,6263.25,2553.03,2793.84,41.67,44.61,-2.94,43.83,36.3,7.53,12.48,7.3,5.18,9.55,6.35,3.2
1735,日勝化工股份有限公司,2025,3,合併,559.29,685.99,-18.47,102.41,129.11,-20.68,15.69,32.09,-51.11,19.85,19.33,2.69,0.2,0.19,0.01,1743.2,1981.75,-12.04,306.34,346.89,-11.69,45.29,85.52,-47.04,20.12,71.8,-71.98,0.2,0.72,-0.52,3113.83,3345.51,1648.68,1794.98,52.95,53.65,-0.7,18.31,18.82,-0.51,2.81,4.68,-1.87,3.55,2.82,0.73
1736,喬山健康科技股份有限公司,2025,3,合併,12041.83,12075.06,-0.28,6220.46,6224.2,-0.06,775.8,966.93,-19.77,647.78,474.73,36.45,2.14,1.57,0.57,34957.01,30409.04,14.96,18059.77,15482.59,16.65,1697.67,1042.8,62.8,1035.98,628.92,64.72,3.41,2.08,1.33,44547.16,40680.76,33227.78,30325.17,74.59,74.54,0.05,51.66,51.55,0.11,6.44,8.01,-1.57,5.38,3.93,1.45
1737,臺鹽實業股份有限公司,2025,3,合併,814.82,838.93,-2.87,323.98,333.47,-2.85,95.97,107.38,-10.63,72.36,91.59,-21.0,0.36,0.45,-0.09,2491.21,2455.95,1.44,1020.19,1015.24,0.49,342.46,290.1,18.05,256.78,294.87,-12.92,1.28,1.47,-0.19,8201.1,8230.07,1555.32,1678.75,18.96,20.4,-1.44,39.76,39.75,0.01,11.78,12.8,-1.02,8.88,10.92,-2.04
1752,南光化學製藥股份有限公司,2025,3,合併,523.84,579.89,-9.67,167.82,196.57,-14.63,51.27,85.82,-40.26,46.64,58.11,-19.74,0.46,0.58,-0.12,1645.02,1620.65,1.5,588.2,527.78,11.45,232.54,207.21,12.22,170.6,156.94,8.7,1.69,1.55,0.14,3783.45,3541.47,1350.84,1209.4,35.7,34.15,1.55,32.04,33.9,-1.86,9.79,14.8,-5.01,8.9,10.02,-1.12
1760,寶齡富錦生技股份有限公司,2025,3,合併,531.95,501.2,6.14,300.29,258.93,15.97,99.52,58.03,71.5,75.35,27.72,171.83,0.88,0.32,0.56,1517.25,1507.11,0.67,830.95,805.0,3.22,235.5,151.56,55.38,141.55,91.71,54.35,1.65,1.07,0.58,3124.68,3140.75,1222.69,1259.67,39.13,40.11,-0.98,56.45,51.66,4.79,18.71,11.58,7.13,14.17,5.53,8.64
1762,中化合成生技股份有限公司,2025,3,合併,154.47,348.18,-55.64,-9.22,87.88,-110.49,-88.42,-4.76,-1757.56,-42.58,-8.24,-416.75,-0.77,-0.11,-0.66,691.46,1061.05,-34.83,80.53,322.88,-75.06,-156.57,33.02,-574.17,-102.59,53.39,-292.15,-1.84,0.69,-2.53,4438.66,4866.91,1225.09,1528.64,27.6,31.41,-3.81,-5.97,25.24,-31.21,-57.24,-1.37,-55.87,-27.56,-2.37,-25.19
1773,勝一化工股份有限公司,2025,3,合併,2918.16,2876.2,1.46,1055.36,918.57,14.89,634.76,570.61,11.24,549.73,477.91,15.03,1.83,1.59,0.24,8521.27,8162.0,4.4,2929.12,2677.77,9.39,1765.09,1588.73,11.1,1502.78,1340.39,12.12,5.01,4.47,0.54,16265.49,15434.2,5685.36,6113.1,34.95,39.61,-4.66,36.17,31.94,4.23,21.75,19.84,1.91,18.84,16.62,2.22
1776,展宇科技材料股份有限公司,2025,3,合併,248.89,317.4,-21.58,42.66,55.51,-23.15,9.75,12.02,-18.89,1.13,13.97,-91.91,0.02,0.23,-0.21,768.67,890.99,-13.73,118.77,161.04,-26.25,6.0,28.59,-79.01,2.74,38.83,-92.94,0.05,0.65,-0.6,1532.82,1694.89,608.68,677.84,39.71,39.99,-0.28,17.14,17.49,-0.35,3.92,3.79,0.13,0.45,4.4,-3.95
1783,和康生物科技股份有限公司,2025,3,合併,200.86,173.94,15.48,135.04,128.38,5.19,53.14,49.95,6.39,75.53,49.52,52.52,0.84,0.56,0.28,586.86,475.02,23.54,398.45,332.33,19.9,174.55,115.66,50.92,181.57,137.67,31.89,2.02,1.55,0.47,1707.56,1532.95,234.0,198.35,13.7,12.94,0.76,67.23,73.81,-6.58,26.46,28.71,-2.25,37.61,28.47,9.14
1786,科妍生物科技股份有限公司,2025,3,合併,221.41,222.2,-0.36,154.08,160.35,-3.91,46.44,74.74,-37.86,58.32,57.17,2.01,0.81,0.82,-0.01,635.23,628.11,1.13,449.04,466.17,-3.67,139.99,187.88,-25.49,99.15,176.69,-43.88,1.38,2.58,-1.2,2609.87,2146.26,689.27,321.64,26.41,14.99,11.42,69.59,72.16,-2.57,20.97,33.64,-12.67,26.34,25.73,0.61
1789,台灣神隆股份有限公司,2025,3,合併,721.5,724.22,-0.38,215.83,278.99,-22.64,-19.62,31.84,-161.62,15.45,27.1,-42.99,0.02,0.03,-0.01,2155.38,2369.81,-9.05,763.37,923.06,-17.3,100.87,254.82,-60.42,95.67,242.01,-60.47,0.12,0.31,-0.19,12311.95,11784.3,1319.0,1344.4,10.71,11.41,-0.7,29.91,38.52,-8.61,-2.72,4.4,-7.12,2.14,3.74,-1.6
1795,美時化學製藥股份有限公司,2025,3,合併,4770.7,5234.2,-8.86,2734.5,3315.5,-17.52,1192.77,2112.31,-43.53,1434.71,1565.11,-8.33,5.53,5.98,-0.45,14247.51,14175.28,0.51,8442.94,8497.99,-0.65,4411.2,5001.12,-11.8,3598.4,3932.98,-8.51,13.82,15.03,-1.21,39599.55,37234.5,17427.32,17015.63,44.01,45.7,-1.69,57.32,63.34,-6.02,25.0,40.36,-15.36,30.07,29.9,0.17
1802,台灣玻璃工業股份有限公司,2025,3,合併,10726.8,10101.27,6.19,1250.7,344.64,262.9,148.14,-946.48,115.65,277.16,-1095.54,125.3,0.1,-0.38,0.48,30702.53,30942.72,-0.78,3339.48,2424.11,37.76,-145.77,-1171.6,87.56,-960.18,-1525.07,37.04,-0.33,-0.52,0.19,86865.65,90892.97,39460.18,39858.59,45.43,43.85,1.58,11.66,3.41,8.25,1.38,-9.37,10.75,2.58,-10.85,13.43
1805,寶徠建設股份有限公司,2025,3,合併,0.34,1.32,-74.24,0.34,-0.23,247.83,-10.41,-11.66,10.72,-9.78,17.63,-155.47,-0.07,0.17,-0.24,97.36,4.71,1967.09,42.63,-0.4,10757.5,7.45,-34.86,121.37,8.03,79.65,-89.92,0.06,0.79,-0.73,2034.47,2133.82,425.52,1178.81,20.92,55.24,-34.32,100.0,-17.22,117.22,-3036.15,-884.98,-2151.17,-2851.6,1337.33,-4188.93
1806,冠軍建材股份有限公司,2025,3,合併,780.01,885.2,-11.88,197.26,232.29,-15.08,39.43,60.08,-34.37,60.25,68.61,-12.18,0.16,0.18,-0.02,2558.34,2570.09,-0.46,611.3,681.16,-10.26,124.05,127.42,-2.64,88.67,83.94,5.63,0.23,0.22,0.01,8164.79,8289.06,2969.01,2734.84,36.36,32.99,3.37,25.29,26.24,-0.95,5.06,6.79,-1.73,7.72,7.75,-0.03
1808,潤隆建設股份有限公司,2025,3,合併,34.74,1980.41,-98.25,0.66,777.55,-99.92,-102.83,527.91,-119.48,-134.37,443.23,-130.32,-0.14,0.45,-0.59,103.61,8591.18,-98.79,19.18,3911.18,-99.51,-335.17,3001.41,-111.17,-364.33,2505.01,-114.54,-0.37,2.52,-2.89,54615.72,49464.95,43435.87,34648.85,79.53,70.05,9.48,1.91,39.26,-37.35,-296.03,26.66,-322.69,-386.81,22.38,-409.19
1809,中國製釉股份有限公司,2025,3,合併,660.46,561.77,17.57,123.37,117.99,4.56,-0.33,11.74,-102.81,4.35,19.1,-77.23,0.02,0.12,-0.1,1860.81,1772.02,5.01,360.76,351.81,2.54,13.98,23.32,-40.05,19.11,44.79,-57.33,0.11,0.27,-0.16,4449.34,4497.65,1166.8,1139.91,26.22,25.34,0.88,18.68,21.0,-2.32,-0.05,2.09,-2.14,0.66,3.4,-2.74
1810,和成欣業股份有限公司,2025,3,合併,1058.23,1162.46,-8.97,273.69,302.49,-9.52,-18.94,6.38,-396.87,10.48,48.21,-78.26,0.03,0.16,-0.13,3435.07,3559.37,-3.49,883.75,890.15,-0.72,-34.58,-0.75,-4510.67,10.87,56.39,-80.72,0.04,0.19,-0.15,10215.64,10406.04,3370.07,3588.74,32.99,34.49,-1.5,25.86,26.02,-0.16,-1.79,0.55,-2.34,0.99,4.15,-3.16
1817,凱撒衛浴股份有限公司,2025,3,合併,657.95,714.69,-7.94,240.15,250.86,-4.27,91.35,93.11,-1.89,88.08,72.63,21.27,1.21,1.01,0.2,1946.15,2012.91,-3.32,702.31,707.04,-0.67,241.26,255.74,-5.66,199.9,220.49,-9.34,2.75,3.06,-0.31,2940.58,2827.16,748.65,640.4,25.46,22.65,2.81,36.5,35.1,1.4,13.88,13.03,0.85,13.39,10.16,3.23
1903,士林紙業股份有限公司,2025,3,合併,36.89,37.95,-2.79,23.08,22.38,3.13,9.78,-15.81,161.86,196.08,30.2,549.27,0.75,0.12,0.63,114.3,116.08,-1.53,74.66,70.16,6.41,-13.53,-33.76,59.92,139.41,0.12,116075.0,0.54,0.0,0.54,10194.92,10863.39,5038.37,4928.1,49.42,45.36,4.06,62.56,58.99,3.57,26.5,-41.67,68.17,531.48,79.58,451.9
1904,正隆股份有限公司,2025,3,合併,10560.78,12520.79,-15.65,1797.7,1674.47,7.36,332.06,151.7,118.89,158.28,50.48,213.55,0.14,0.05,0.09,31612.1,33303.86,-5.08,5342.19,5477.37,-2.47,1072.11,1098.24,-2.38,188.43,487.59,-61.35,0.17,0.44,-0.27,70071.87,71008.6,40992.36,40910.85,58.5,57.61,0.89,17.02,13.37,3.65,3.14,1.21,1.93,1.5,0.4,1.1
1905,中華紙漿股份有限公司,2025,3,合併,4527.07,5021.11,-9.84,-86.74,505.43,-117.16,-539.99,-33.1,-1531.39,-310.93,72.32,-529.94,-0.28,0.07,-0.35,14093.78,15710.52,-10.29,299.33,1308.43,-77.12,-1248.14,-277.24,-350.2,-933.28,-65.21,-1331.19,-0.85,-0.06,-0.79,39289.08,38380.9,21913.22,19926.79,55.77,51.92,3.85,-1.92,10.07,-11.99,-11.93,-0.66,-11.27,-6.87,1.44,-8.31
1907,永豐餘投資控股股份有限公司,2025,3,合併,18498.26,20075.08,-7.85,2132.82,2736.11,-22.05,-378.7,-12.81,-2856.28,1508.33,780.8,93.18,0.91,0.47,0.44,54747.28,57725.44,-5.16,6910.12,7974.36,-13.35,-825.04,88.51,-1032.14,1436.81,1072.69,33.94,0.87,0.65,0.22,164852.2,160376.46,80461.17,77015.16,48.81,48.02,0.79,11.53,13.63,-2.1,-2.05,-0.06,-1.99,8.15,3.89,4.26
1909,榮成紙業股份有限公司,2025,3,合併,11262.75,11751.07,-4.16,906.06,1055.26,-14.14,-198.2,-82.3,-140.83,-144.31,-263.32,45.2,-0.11,-0.2,0.09,32676.83,35089.95,-6.88,2904.44,3617.63,-19.71,-318.93,394.83,-180.78,-714.0,-129.07,-453.19,-0.54,-0.1,-0.44,67517.63,72846.71,47795.6,50378.82,70.79,69.16,1.63,8.04,8.98,-0.94,-1.76,-0.7,-1.06,-1.28,-2.24,0.96
2002,中國鋼鐵股份有限公司,2025,3,合併,73515.65,85615.74,-14.13,198.0,1890.97,-89.53,-3016.26,-1223.19,-146.59,-2480.49,-81.36,-2948.78,-0.16,-0.01,-0.15,241782.58,273941.87,-11.74,5381.08,10762.42,-50.0,-4259.74,849.77,-601.28,-4138.99,1883.54,-319.75,-0.27,0.12,-0.39,674937.82,697843.18,351298.52,354882.7,52.05,50.85,1.2,0.27,2.21,-1.94,-4.1,-1.43,-2.67,-3.37,-0.1,-3.27
2006,東和鋼鐵企業股份有限公司,2025,3,合併,13848.82,14869.59,-6.86,1941.57,2015.93,-3.69,1220.99,1360.02,-10.22,1125.73,1080.29,4.21,1.54,1.48,0.06,44023.55,45150.61,-2.5,6372.66,6257.04,1.85,4349.19,4306.23,1.0,3323.0,3335.86,-0.39,4.55,4.57,-0.02,51744.26,55290.83,18887.43,23698.72,36.5,42.86,-6.36,14.02,13.56,0.46,8.82,9.15,-0.33,8.13,7.27,0.86
2010,春源鋼鐵工業股份有限公司,2025,3,合併,6199.35,6173.79,0.41,671.73,550.84,21.95,450.58,325.01,38.64,371.82,302.7,22.83,0.57,0.47,0.1,18159.74,17601.45,3.17,2010.37,1489.83,34.94,1308.34,834.97,56.69,1124.63,754.12,49.13,1.74,1.16,0.58,23702.47,21868.4,11008.83,9531.73,46.45,43.59,2.86,10.84,8.92,1.92,7.27,5.26,2.01,6.0,4.9,1.1
2012,春雨工廠股份有限公司,2025,3,合併,2046.28,2379.78,-14.01,251.94,313.33,-19.59,39.34,88.41,-55.5,32.86,42.55,-22.77,0.12,0.15,-0.03,6381.2,6600.04,-3.32,882.73,939.1,-6.0,260.14,298.51,-12.85,69.88,259.08,-73.03,0.25,0.93,-0.68,11287.51,11992.52,6807.86,6865.35,60.31,57.25,3.06,12.31,13.17,-0.86,1.92,3.72,-1.8,1.61,1.79,-0.18
2013,中國鋼鐵結構股份有限公司,2025,3,合併,4778.03,4889.88,-2.29,248.29,268.81,-7.63,154.69,175.46,-11.84,180.02,145.02,24.13,0.9,0.73,0.17,15696.08,14257.6,10.09,753.96,765.85,-1.55,474.53,502.19,-5.51,453.32,400.31,13.24,2.27,2.0,0.27,14556.25,15231.59,9083.47,9899.51,62.4,64.99,-2.59,5.2,5.5,-0.3,3.24,3.59,-0.35,3.77,2.97,0.8
2014,中鴻鋼鐵股份有限公司,2025,3,合併,4116.57,6705.24,-38.61,-446.91,-717.58,37.72,-547.55,-833.8,34.33,-535.45,-609.0,12.08,-0.37,-0.42,0.05,15237.39,24013.72,-36.55,-1451.72,-746.84,-94.38,-1774.08,-1114.8,-59.14,-1584.32,-816.27,-94.09,-1.1,-0.57,-0.53,28012.84,32195.59,15460.31,17461.69,55.19,54.24,0.95,-10.86,-10.7,-0.16,-13.3,-12.44,-0.86,-13.01,-9.08,-3.93
2015,豐興鋼鐵股份有限公司,2025,3,合併,6644.23,8179.36,-18.77,826.08,718.87,14.91,630.36,514.78,22.45,567.58,456.09,24.44,0.98,0.78,0.2,22456.65,25693.27,-12.6,2582.36,2701.82,-4.42,1944.43,2039.64,-4.67,1709.19,1831.6,-6.68,2.94,3.15,-0.21,24777.07,26538.25,2809.32,4731.37,11.34,17.83,-6.49,12.43,8.79,3.64,9.49,6.29,3.2,8.54,5.58,2.96
2017,官田鋼鐵股份有限公司及子公司,2025,3,合併,701.72,885.23,-20.73,-21.15,56.82,-137.22,-129.15,-48.78,-164.76,-100.37,-43.05,-133.15,-0.23,-0.1,-0.13,2122.95,2472.73,-14.15,30.18,208.96,-85.56,-279.64,-97.8,-185.93,-132.11,214.18,-161.68,-0.31,0.5,-0.81,13796.51,13371.67,7056.56,6284.01,51.15,46.99,4.16,-3.01,6.42,-9.43,-18.41,-5.51,-12.9,-14.3,-4.86,-9.44
2020,美亞鋼管廠股份有限公司,2025,3,合併,1597.19,1234.24,29.41,301.2,178.84,68.42,105.4,104.21,1.14,156.61,191.13,-18.06,0.59,0.72,-0.13,3735.26,4074.68,-8.33,686.17,623.6,10.03,257.9,378.94,-31.94,443.27,759.92,-41.67,1.66,2.85,-1.19,9411.76,8203.45,5069.73,3692.35,53.87,45.01,8.86,18.86,14.49,4.37,6.6,8.44,-1.84,9.81,15.49,-5.68
2022,聚亨企業股份有限公司,2025,3,合併,2530.47,1966.08,28.71,268.3,4.94,5331.17,64.04,-194.17,132.98,14.95,-62.47,123.93,0.05,-0.19,0.24,6773.58,5962.32,13.61,749.72,428.35,75.03,131.61,-149.26,188.17,5.73,-39.7,114.43,0.02,-0.12,0.14,9767.23,10179.9,3094.97,3114.58,31.69,30.6,1.09,10.6,0.25,10.35,2.53,-9.88,12.41,0.59,-3.18,3.77
2023,燁輝企業股份有限公司,2025,3,合併,15974.03,16737.89,-4.56,1430.33,984.25,45.32,134.75,-217.99,161.81,-1039.34,-764.36,-35.98,-0.54,-0.39,-0.15,52616.66,56154.85,-6.3,4471.89,4699.82,-4.85,394.42,583.85,-32.44,-2711.11,-820.6,-230.38,-1.4,-0.41,-0.99,95934.57,100078.9,61400.07,59681.7,64.0,59.63,4.37,8.95,5.88,3.07,0.84,-1.3,2.14,-6.51,-4.57,-1.94
2027,大成不銹鋼工業股份有限公司,2025,3,合併,25864.42,21739.94,18.97,6818.53,4222.4,61.48,4023.21,1450.86,177.3,2316.18,289.59,699.81,1.0,0.13,0.87,77364.14,69100.08,11.96,18928.87,12971.18,45.93,10614.61,4878.82,117.57,4825.34,2289.14,110.79,2.08,0.99,1.09,151434.2,134636.39,67516.26,58572.86,44.58,43.5,1.08,26.36,19.42,6.94,15.55,6.67,8.88,8.96,1.33,7.63
2029,盛餘股份有限公司,2025,3,合併,2934.68,3356.02,-12.55,177.78,245.02,-27.44,-56.26,93.14,-160.4,-16.55,83.04,-119.93,-0.05,0.26,-0.31,10385.31,9966.77,4.2,1021.37,896.3,13.95,185.36,418.81,-55.74,152.56,395.12,-61.39,0.47,1.23,-0.76,11222.33,10957.68,1201.86,927.57,10.71,8.47,2.24,6.06,7.3,-1.24,-1.92,2.78,-4.7,-0.56,2.47,-3.03
2030,彰源企業股份有限公司,2025,3,合併,2482.71,3122.09,-20.48,199.68,349.86,-42.93,22.02,150.66,-85.38,20.51,101.3,-79.75,0.07,0.36,-0.29,7682.86,9403.29,-18.3,702.93,905.22,-22.35,154.74,293.82,-47.34,35.25,185.22,-80.97,0.13,0.66,-0.53,11421.61,12093.04,6730.1,7118.43,58.92,58.86,0.06,8.04,11.21,-3.17,0.89,4.83,-3.94,0.83,3.24,-2.41
2031,新光鋼鐵股份有限公司,2025,3,合併,3820.41,3362.91,13.6,331.82,178.18,86.23,198.27,136.1,45.68,192.93,-669.62,128.81,0.6,-2.09,2.69,13465.02,10499.07,28.25,1077.38,826.21,30.4,663.05,383.85,72.74,857.36,1525.09,-43.78,2.67,4.75,-2.08,29184.6,30195.63,16826.71,17353.63,57.66,57.47,0.19,8.69,5.3,3.39,5.19,4.05,1.14,5.05,-19.91,24.96
2034,允強實業股份有限公司,2025,3,合併,2955.09,3796.59,-22.16,373.09,470.93,-20.78,165.91,176.69,-6.1,210.89,2.8,7431.79,0.4,0.01,0.39,9914.93,10434.5,-4.98,922.52,1370.67,-32.7,244.03,580.99,-58.0,170.3,80.81,110.74,0.33,0.17,0.16,22090.72,23355.72,12612.45,14416.58,57.09,61.73,-4.64,12.63,12.4,0.23,5.61,4.65,0.96,7.14,0.07,7.07
2038,海光企業股份有限公司,2025,3,合併,1820.03,2483.2,-26.71,-25.39,63.76,-139.82,-68.58,14.09,-586.73,-67.98,-16.27,-317.82,-0.35,-0.08,-0.27,6815.15,7061.99,-3.5,131.0,198.16,-33.89,-17.46,44.06,-139.63,-24.22,38.29,-163.25,-0.12,0.2,-0.32,9891.08,9500.55,5769.81,5362.62,58.33,56.45,1.88,-1.39,2.57,-3.96,-3.77,0.57,-4.34,-3.74,-0.66,-3.08
2049,上銀科技股份有限公司,2025,3,合併,5995.33,6326.49,-5.23,1714.75,1944.06,-11.8,410.55,684.53,-40.02,445.85,664.49,-32.9,1.26,1.88,-0.62,17759.6,18015.87,-1.42,5218.98,5481.43,-4.79,1327.87,1740.54,-23.71,1063.89,1641.83,-35.2,3.01,4.64,-1.63,53256.43,52643.39,16379.54,16316.89,30.76,31.0,-0.24,28.6,30.73,-2.13,6.85,10.82,-3.97,7.44,10.5,-3.06
2059,川湖科技股份有限公司,2025,3,合併,4368.65,2576.68,69.55,3258.02,1817.55,79.25,2974.9,1612.29,84.51,3197.09,1154.98,176.81,33.55,12.12,21.43,12551.59,7031.15,78.51,9542.46,4776.98,99.76,8664.32,4158.49,108.35,6322.67,3998.32,58.13,66.35,41.96,24.39,30455.5,23377.53,5968.47,4269.33,19.6,18.26,1.34,74.58,70.54,4.04,68.1,62.57,5.53,73.18,44.82,28.36
2062,橋椿金屬股份有限公司,2025,3,合併,1613.95,1811.44,-10.9,115.83,254.27,-54.45,-18.78,107.78,-117.42,-26.03,75.33,-134.55,-0.13,0.38,-0.51,4655.32,5842.45,-20.32,425.9,885.8,-51.92,11.57,438.44,-97.36,37.04,433.98,-91.47,0.19,2.17,-1.98,10721.3,11557.53,3371.1,3744.59,31.44,32.4,-0.96,7.18,14.04,-6.86,-1.16,5.95,-7.11,-1.61,4.16,-5.77
2069,運錩鋼鐵股份有限公司,2025,3,合併,2384.76,2675.18,-10.86,204.03,330.3,-38.23,68.86,140.92,-51.14,62.64,98.7,-36.53,0.38,0.59,-0.21,7711.72,7983.11,-3.4,705.57,753.45,-6.35,268.73,240.67,11.66,182.22,143.81,26.71,1.1,0.86,0.24,8974.4,9046.88,5055.75,5091.65,56.34,56.28,0.06,8.56,12.35,-3.79,2.89,5.27,-2.38,2.63,3.69,-1.06
2072,世紀離岸風電設備股份有限公司,2025,3,合併,2279.49,2343.65,-2.74,743.73,675.28,10.14,457.17,616.33,-25.82,399.1,441.85,-9.68,2.35,3.16,-0.81,7695.9,6681.15,15.19,2011.86,1864.48,7.9,1530.3,1696.17,-9.78,1284.72,1277.95,0.53,7.56,9.13,-1.57,23634.18,19275.6,4688.78,9824.38,19.84,50.97,-31.13,32.63,28.81,3.82,20.06,26.3,-6.24,17.51,18.85,-1.34
2101,南港輪胎股份有限公司,2025,3,合併,2176.47,8777.97,-75.21,433.81,3384.86,-87.18,128.06,2968.76,-95.69,77.64,2600.8,-97.01,0.09,3.12,-3.03,6695.34,13146.91,-49.07,1444.38,4459.74,-67.61,502.53,3418.79,-85.3,-305.33,3150.48,-109.69,-0.37,3.78,-4.15,50611.17,43971.26,39247.72,30257.82,77.55,68.81,8.74,19.93,38.56,-18.63,5.88,33.82,-27.94,3.57,29.63,-26.06
2102,泰豐輪胎股份有限公司,2025,3,合併,62.33,79.23,-21.33,19.39,10.21,89.91,-29.45,-43.72,32.64,71.5,-125.84,156.82,0.16,-0.27,0.43,200.13,196.24,1.98,41.03,20.87,96.6,-115.6,-162.22,28.74,-1018.64,-284.07,-258.59,-2.22,-0.62,-1.6,12602.26,13588.89,6888.43,6659.66,54.66,49.01,5.65,31.11,12.89,18.22,-47.25,-55.18,7.93,114.71,-158.83,273.54
2103,台橡股份有限公司,2025,3,合併,8606.64,9929.89,-13.33,783.48,1045.87,-25.09,130.99,315.66,-58.5,-82.25,353.11,-123.29,-0.1,0.43,-0.53,28111.89,27620.06,1.78,2734.87,3167.77,-13.67,668.61,1146.27,-41.67,179.68,939.1,-80.87,0.22,1.14,-0.92,41341.68,43083.67,20758.57,21134.37,50.21,49.05,1.16,9.1,10.53,-1.43,1.52,3.18,-1.66,-0.96,3.56,-4.52
2104,國際中橡投資控股股份有限公司,2025,3,合併,3770.47,4852.92,-22.31,-226.18,559.17,-140.45,-547.1,191.91,-385.08,-2778.11,3.74,-74381.02,-2.86,0.0,-2.86,12024.09,13414.99,-10.37,-360.58,1159.05,-131.11,-1417.02,152.0,-1032.25,-3293.84,-1653.08,-99.25,-3.4,-1.7,-1.7,49053.26,58618.81,22935.92,24459.62,46.76,41.73,5.03,-6.0,11.52,-17.52,-14.51,3.95,-18.46,-73.68,0.08,-73.76
2105,正新橡膠工業股份有限公司,2025,3,合併,23674.53,25504.26,-7.17,5536.44,6198.83,-10.69,2061.36,2705.54,-23.81,1636.9,2328.68,-29.71,0.5,0.72,-0.22,69825.73,73472.68,-4.96,15845.08,18487.36,-14.29,5741.18,8493.34,-32.4,3993.41,6903.95,-42.16,1.23,2.13,-0.9,138907.01,145783.78,56275.92,55864.28,40.51,38.32,2.19,23.39,24.31,-0.92,8.71,10.61,-1.9,6.91,9.13,-2.22
2106,建大工業股份有限公司,2025,3,合併,8177.65,8820.31,-7.29,1616.4,1915.63,-15.62,155.45,350.16,-55.61,76.25,175.4,-56.53,0.08,0.18,-0.1,25940.65,26207.28,-1.02,4879.55,5923.12,-17.62,452.59,1392.27,-67.49,59.41,1036.61,-94.27,0.06,1.09,-1.03,44236.77,46005.85,25607.67,25632.56,57.89,55.72,2.17,19.77,21.72,-1.95,1.9,3.97,-2.07,0.93,1.99,-1.06
2107,厚生股份有限公司,2025,3,合併,310.63,381.44,-18.56,92.05,125.44,-26.62,46.12,76.94,-40.06,179.42,198.36,-9.55,0.59,0.65,-0.06,1007.43,1124.09,-10.38,362.45,349.32,3.76,220.85,194.6,13.49,460.76,543.7,-15.25,1.52,1.79,-0.27,15013.78,15288.21,1997.46,1929.67,13.3,12.62,0.68,29.63,32.88,-3.25,14.85,20.17,-5.32,57.76,52.0,5.76
2108,南帝化學工業股份有限公司,2025,3,合併,2343.2,3147.08,-25.54,534.48,606.47,-11.87,159.84,191.28,-16.44,117.38,124.08,-5.4,0.24,0.25,-0.01,7240.87,8388.52,-13.68,1549.49,1666.76,-7.04,493.74,568.72,-13.18,281.27,388.75,-27.65,0.57,0.79,-0.22,17836.24,17555.28,2006.46,1972.15,11.25,11.23,0.02,22.81,19.27,3.54,6.82,6.08,0.74,5.01,3.94,1.07
2109,華豐橡膠工業股份有限公司,2025,3,合併,966.03,1259.13,-23.28,185.5,300.09,-38.19,65.97,179.72,-63.29,75.46,59.26,27.34,0.27,0.21,0.06,3326.55,3627.2,-8.29,714.7,859.87,-16.88,357.94,506.64,-29.35,218.29,314.7,-30.64,0.78,1.13,-0.35,7785.12,8271.04,2873.02,3141.27,36.9,37.98,-1.08,19.2,23.83,-4.63,6.83,14.27,-7.44,7.81,4.71,3.1
2115,六暉控股股份有限公司,2025,3,合併,692.64,792.52,-12.6,133.79,175.93,-23.95,44.72,85.16,-47.49,24.94,49.88,-50.0,0.24,0.48,-0.24,2245.95,2331.61,-3.67,481.8,528.06,-8.76,209.34,262.97,-20.39,154.84,157.16,-1.48,1.48,1.51,-0.03,4479.22,4829.22,1423.11,1585.21,31.77,32.83,-1.06,19.32,22.2,-2.88,6.46,10.75,-4.29,3.6,6.29,-2.69
2201,裕隆汽車製造股份有限公司,2025,3,合併,18273.01,21280.35,-14.13,5814.26,6782.23,-14.27,1484.35,1867.22,-20.5,256.44,1274.3,-79.88,0.24,1.22,-0.98,53835.77,65017.78,-17.2,17763.37,20959.12,-15.25,4527.32,6015.28,-24.74,807.72,3354.95,-75.92,0.77,3.2,-2.43,365698.4,384533.25,273771.37,292050.83,74.86,75.95,-1.09,31.82,31.87,-0.05,8.12,8.77,-0.65,1.4,5.99,-4.59
2204,中華汽車工業股份有限公司,2025,3,合併,7559.91,8353.46,-9.5,1429.29,1380.3,3.55,339.62,273.62,24.12,801.35,809.8,-1.04,1.47,1.48,-0.01,23960.07,32220.87,-25.64,4043.31,5183.1,-21.99,939.88,1861.06,-49.5,2130.73,3266.92,-34.78,3.9,5.99,-2.09,53635.5,53716.29,13424.88,13640.15,25.03,25.39,-0.36,18.91,16.52,2.39,4.49,3.28,1.21,10.6,9.69,0.91
2206,三陽工業股份有限公司,2025,3,合併,15686.87,16187.27,-3.09,3370.64,3206.44,5.12,1410.43,1256.72,12.23,1205.66,1050.73,14.74,1.55,1.33,0.22,47983.82,51082.95,-6.07,10311.07,10389.51,-0.75,4725.57,4783.6,-1.21,3621.51,3718.83,-2.62,4.6,4.69,-0.09,94961.62,67662.63,54584.28,40102.34,57.48,59.27,-1.79,21.49,19.81,1.68,8.99,7.76,1.23,7.69,6.49,1.2
2208,台灣國際造船股份有限公司,2025,3,合併,4103.47,3546.76,15.7,-82.77,-900.83,90.81,-280.2,-1057.08,73.49,63.19,-695.59,109.08,0.05,-0.55,0.6,17941.29,11242.97,59.58,-2671.64,-1720.38,-55.29,-3236.87,-2163.89,-49.59,-2466.76,-1261.39,-95.56,-1.94,-1.0,-0.94,42917.21,34750.76,36215.22,24323.33,84.38,69.99,14.39,-2.02,-25.4,23.38,-6.83,-29.8,22.97,1.54,-19.61,21.15
2211,長榮鋼鐵股份有限公司,2025,3,合併,3998.11,3278.48,21.95,1135.28,765.54,48.3,985.33,611.11,61.24,1198.96,812.67,47.53,2.87,1.95,0.92,11509.71,9471.67,21.52,3276.72,2614.97,25.31,2841.55,2178.02,30.46,3069.98,2091.74,46.77,7.36,5.02,2.34,38589.75,38620.37,8128.1,9084.46,21.06,23.52,-2.46,28.4,23.35,5.05,24.64,18.64,6.0,29.99,24.79,5.2
2227,裕隆日產汽車股份有限公司,2025,3,合併,3510.34,5262.66,-33.3,307.76,551.02,-44.15,-173.29,-32.75,-429.13,247.25,102.0,142.4,0.82,0.34,0.48,11733.42,18776.09,-37.51,1093.87,2268.29,-51.78,-451.39,291.09,-255.07,-72.31,1083.91,-106.67,-0.24,3.61,-3.85,21604.53,23266.48,4744.13,4888.57,21.96,21.01,0.95,8.77,10.47,-1.7,-4.94,-0.62,-4.32,7.04,1.94,5.1
2228,劍麟股份有限公司,2025,3,合併,1249.3,1359.21,-8.09,301.37,360.88,-16.49,111.25,159.07,-30.06,89.34,136.09,-34.35,1.12,1.79,-0.67,3765.3,3799.32,-0.9,912.08,968.87,-5.86,373.6,424.31,-11.95,322.78,512.98,-37.08,4.06,6.76,-2.7,6718.26,6599.5,1981.59,1571.53,29.5,23.81,5.69,24.12,26.55,-2.43,8.9,11.7,-2.8,7.15,10.01,-2.86
2231,為升電裝工業股份有限公司,2025,3,合併,899.51,1153.2,-22.0,286.72,401.08,-28.51,-14.13,102.86,-113.74,37.7,83.93,-55.08,0.28,0.6,-0.32,2601.21,3197.5,-18.65,942.99,1074.04,-12.2,67.51,186.37,-63.78,-8.24,232.21,-103.55,-0.06,1.65,-1.71,11121.54,11003.92,6448.92,5712.19,57.99,51.91,6.08,31.87,34.78,-2.91,-1.57,8.92,-10.49,4.19,7.28,-3.09
2233,宇隆科技股份有限公司,2025,3,合併,793.68,964.0,-17.67,244.95,364.94,-32.88,99.87,189.06,-47.18,103.37,187.36,-44.83,1.71,3.11,-1.4,2509.02,2769.16,-9.39,780.46,1027.0,-24.01,330.88,539.06,-38.62,302.51,518.46,-41.65,5.02,8.6,-3.58,6375.78,5931.67,2621.65,2047.24,41.12,34.51,6.61,30.86,37.86,-7.0,12.58,19.61,-7.03,13.02,19.44,-6.42
2236,百達精密工業股份有限公司,2025,3,合併,2411.0,420.66,473.15,276.64,106.15,160.61,4.98,-38.41,112.97,-181.64,-55.96,-224.59,-3.39,-1.07,-2.32,6992.88,1242.45,462.83,798.27,329.72,142.11,73.72,-64.04,215.12,-143.08,-52.17,-174.26,-2.67,-1.01,-1.66,7731.32,2835.77,5849.03,1185.22,75.65,41.8,33.85,11.47,25.23,-13.76,0.21,-9.13,9.34,-7.53,-13.3,5.77
2239,開曼英利工業股份有限公司,2025,3,合併,4564.5,5160.48,-11.55,416.31,647.69,-35.72,-124.46,32.07,-488.09,-266.45,-90.96,-192.93,-2.22,-0.76,-1.46,13955.79,16007.47,-12.82,1346.29,2011.09,-33.06,-397.73,169.48,-334.68,-570.25,-64.22,-787.96,-4.74,-0.53,-4.21,35225.9,37424.71,18286.78,19302.78,51.91,51.58,0.33,9.12,12.55,-3.43,-2.73,0.62,-3.35,-5.84,-1.76,-4.08
2241,艾姆勒科技股份有限公司,2025,3,合併,189.23,169.46,11.67,5.29,6.38,-17.08,-28.68,-46.98,38.95,-25.45,-44.57,42.9,-0.24,-0.43,0.19,510.96,524.26,-2.54,-11.95,21.01,-156.88,-125.4,-135.97,7.77,-63.14,-118.74,46.82,-0.6,-1.14,0.54,2185.14,2504.94,719.57,924.01,32.93,36.89,-3.96,2.8,3.76,-0.96,-15.15,-27.72,12.57,-13.45,-26.3,12.85
2243,宏旭控股股份有限公司,2025,3,合併,367.9,385.0,-4.44,11.18,6.8,64.41,-24.63,-31.58,22.01,-33.97,-25.33,-34.11,-0.49,-0.37,-0.12,1105.96,1235.05,-10.45,109.29,91.53,19.4,7.65,-1.4,646.43,-7.64,-12.66,39.65,-0.11,-0.18,0.07,3229.46,3327.73,2544.52,2626.53,78.79,78.93,-0.14,3.04,1.77,1.27,-6.69,-8.2,1.51,-9.23,-6.58,-2.65
2247,汎德永業汽車股份有限公司,2025,3,合併,11332.44,14335.17,-20.95,1314.17,1627.47,-19.25,373.26,601.69,-37.96,311.18,502.06,-38.02,3.86,6.22,-2.36,39221.42,43553.81,-9.95,4398.75,4823.41,-8.8,1460.58,1783.55,-18.11,1199.38,1470.98,-18.46,14.86,18.23,-3.37,21809.79,21643.4,8723.43,8813.21,40.0,40.72,-0.72,11.6,11.35,0.25,3.29,4.2,-0.91,2.75,3.5,-0.75
2248,華勝汽車電子股份有限公司,2025,3,合併,507.95,549.3,-7.53,158.59,192.67,-17.69,67.95,87.43,-22.28,58.86,67.4,-12.67,1.24,1.6,-0.36,1406.65,1475.53,-4.67,424.28,476.89,-11.03,174.56,210.19,-16.95,155.2,196.72,-21.11,3.36,4.68,-1.32,2763.84,2568.43,1275.55,1394.81,46.15,54.31,-8.16,31.22,35.08,-3.86,13.38,15.92,-2.54,11.59,12.27,-0.68
2250,第一化成控股(開曼)股份有限公司,2025,3,合併,819.0,956.07,-14.34,133.48,183.47,-27.25,37.42,66.62,-43.83,34.59,58.85,-41.22,0.99,1.87,-0.88,2543.47,2694.12,-5.59,435.14,532.79,-18.33,139.98,187.45,-25.32,109.56,160.09,-31.56,3.19,5.18,-1.99,3460.14,3813.32,1388.98,1879.41,40.14,49.29,-9.15,16.3,19.19,-2.89,4.57,6.97,-2.4,4.22,6.16,-1.94
2254,巨鎧精密工業股份有限公司,2025,3,合併,107.82,173.96,-38.02,14.54,53.15,-72.64,-24.03,3.76,-739.1,-18.28,-2.8,-552.86,-0.29,-0.04,-0.25,426.8,480.3,-11.14,116.05,128.38,-9.6,9.69,-42.07,123.03,-6.94,-44.2,84.3,-0.11,-0.69,0.58,2240.61,2457.51,1093.65,1272.37,48.81,51.77,-2.96,13.48,30.55,-17.07,-22.28,2.16,-24.44,-16.96,-1.61,-15.35
2258,鴻華先進科技股份有限公司,2025,3,合併,633.23,2500.65,-74.68,122.8,450.88,-72.76,-1132.41,-631.4,-79.35,-1072.52,-558.93,-91.89,-0.61,-0.32,-0.29,3573.21,6927.58,-48.42,714.49,1244.49,-42.59,-2428.81,-1666.16,-45.77,-2253.24,-1287.97,-74.95,-1.29,-0.74,-0.55,18201.56,20507.65,3387.99,2615.17,18.61,12.75,5.86,19.39,18.03,1.36,-178.83,-25.25,-153.58,-169.37,-22.35,-147.02
2301,光寶科技股份有限公司,2025,3,合併,44890.51,36773.08,22.07,11242.71,8251.43,36.25,4682.78,3924.89,19.31,4645.29,3390.13,37.02,2.05,1.48,0.57,121728.44,98834.48,23.16,28406.42,21485.97,32.21,12084.7,9436.88,28.06,11256.04,8892.83,26.57,4.94,3.88,1.06,203942.65,196977.67,120159.25,110525.82,58.92,56.11,2.81,25.04,22.44,2.6,10.43,10.67,-0.24,10.35,9.22,1.13
2302,麗正國際科技股份有限公司,2025,3,合併,224.42,201.8,11.21,78.28,72.27,8.32,30.06,23.12,30.02,62.23,13.41,364.06,0.38,0.08,0.3,634.42,552.48,14.83,233.63,198.41,17.75,93.82,59.61,57.39,66.08,63.48,4.1,0.4,0.38,0.02,2557.63,2600.75,764.42,797.53,29.89,30.67,-0.78,34.88,35.81,-0.93,13.39,11.46,1.93,27.73,6.65,21.08
2303,聯華電子股份有限公司,2025,3,合併,59127.04,60485.08,-2.25,17623.32,20428.85,-13.73,11117.64,14099.63,-21.15,14982.06,14472.04,3.52,1.2,1.16,0.04,175743.65,171916.47,2.23,49948.06,57311.5,-12.85,31723.25,39655.57,-20.0,31661.33,38714.35,-18.22,2.54,3.12,-0.58,555395.42,574292.44,194195.23,205801.57,34.97,35.84,-0.87,29.81,33.78,-3.97,18.8,23.31,-4.51,25.34,23.93,1.41
2305,全友電腦股份有限公司,2025,3,合併,176.1,197.05,-10.63,77.48,78.28,-1.02,1.43,-2.5,157.2,26.55,-1.63,1728.83,0.13,-0.01,0.14,528.21,534.83,-1.24,220.84,182.23,21.19,-0.84,-43.9,98.09,3.47,39.74,-91.27,0.02,0.19,-0.17,2861.71,3002.52,569.67,695.65,19.91,23.17,-3.26,44.0,39.72,4.28,0.81,-1.27,2.08,15.08,-0.83,15.91
2308,台達電子工業股份有限公司,2025,3,合併,150317.58,112203.11,33.97,52416.08,39193.62,33.74,24808.83,16423.04,51.06,18605.72,12339.23,50.79,7.16,4.75,2.41,393272.07,306945.07,28.12,134253.36,101443.86,32.34,57513.61,36950.32,55.65,42784.71,28051.01,52.52,16.47,10.8,5.67,590589.64,522568.68,297079.1,254844.89,50.3,48.77,1.53,34.87,34.93,-0.06,16.5,14.64,1.86,12.38,11.0,1.38
2312,金寶電子工業股份有限公司,2025,3,合併,41256.92,46012.81,-10.34,2906.34,3057.35,-4.94,1164.36,1446.76,-19.52,451.35,522.93,-13.69,0.3,0.35,-0.05,120609.06,118987.46,1.36,8026.49,7866.52,2.03,3276.88,3549.88,-7.69,1269.95,1413.38,-10.15,0.85,0.95,-0.1,114848.47,125039.05,79711.14,89221.23,69.41,71.35,-1.94,7.04,6.64,0.4,2.82,3.14,-0.32,1.09,1.14,-0.05
2313,華通電腦股份有限公司,2025,3,合併,20049.13,20190.97,-0.7,4000.27,3625.14,10.35,2512.13,2236.38,12.33,2155.39,1797.36,19.92,1.81,1.51,0.3,54979.5,52631.88,4.46,10192.41,8355.46,21.99,5844.28,4356.41,34.15,4300.12,3941.64,9.09,3.61,3.31,0.3,87003.17,84864.34,42707.15,42298.87,49.09,49.84,-0.75,19.95,17.95,2.0,12.53,11.08,1.45,10.75,8.9,1.85
2314,台揚科技股份有限公司,2025,3,合併,438.67,352.65,24.39,-23.96,-84.57,71.67,-204.44,-269.43,24.12,-172.19,-274.62,37.3,-1.62,-2.59,0.97,1007.59,1285.11,-21.6,-45.08,-46.96,4.0,-596.51,-614.76,2.97,-499.93,-647.27,22.76,-4.71,-6.1,1.39,3367.8,4315.84,3137.62,3040.54,93.17,70.45,22.72,-5.46,-23.98,18.52,-46.61,-76.4,29.79,-39.25,-77.88,38.63
2316,楠梓電子股份有限公司,2025,3,合併,973.97,856.42,13.73,-3.06,-64.9,95.29,-133.95,-163.29,17.97,941.78,189.13,397.95,5.19,1.04,4.15,2619.43,2409.4,8.72,-81.56,-115.74,29.53,-409.84,-423.15,3.15,1960.5,544.26,260.21,10.81,3.0,7.81,17340.27,14752.79,5689.18,5070.75,32.81,34.37,-1.56,-0.31,-7.58,7.27,-13.75,-19.07,5.32,96.69,22.08,74.61
2317,鴻海精密工業股份有限公司,2025,3,合併,2058949.13,1854569.12,11.02,130756.64,114733.49,13.97,70536.2,54771.37,28.78,57672.79,49325.07,16.92,4.15,3.55,0.6,5496732.74,4729111.66,16.23,344834.07,297902.35,15.75,173632.38,136126.37,27.55,144141.4,106379.19,35.5,10.38,7.67,2.71,4894454.92,4272282.55,3072530.18,2474515.95,62.78,57.92,4.86,6.35,6.19,0.16,3.43,2.95,0.48,2.8,2.66,0.14
2321,東訊股份有限公司,2025,3,合併,187.2,130.79,43.13,56.38,44.4,26.98,3.84,-8.43,145.55,1.39,3.17,-56.15,0.09,0.21,-0.12,557.68,465.26,19.86,168.55,137.24,22.81,3.0,-19.28,115.56,-3.77,-11.07,65.94,-0.3,-0.82,0.52,1252.29,1296.16,802.69,839.4,64.1,64.76,-0.66,30.12,33.94,-3.82,2.05,-6.44,8.49,0.74,2.42,-1.68
2323,中環股份有限公司,2025,3,合併,1857.85,1905.79,-2.52,432.69,404.1,7.07,39.09,-84.62,146.19,905.67,-719.94,225.8,0.83,-0.66,1.49,5266.43,5509.85,-4.42,1274.09,1209.82,5.31,15.36,-275.04,105.58,407.57,410.29,-0.66,0.37,0.38,-0.01,28550.68,26937.94,10502.46,8261.16,36.79,30.67,6.12,23.29,21.2,2.09,2.1,-4.44,6.54,48.75,-37.78,86.53
2324,仁寶電腦工業股份有限公司,2025,3,合併,187119.66,244317.4,-23.41,10610.35,12239.3,-13.31,2672.18,4676.91,-42.86,1947.34,3333.72,-41.59,0.45,0.77,-0.32,566660.8,681097.63,-16.8,31638.96,33818.76,-6.45,8001.95,11575.86,-30.87,4621.03,8105.94,-42.99,1.06,1.86,-0.8,417888.6,446893.26,276719.23,304738.45,66.22,68.19,-1.97,5.67,5.01,0.66,1.43,1.91,-0.48,1.04,1.36,-0.32
2327,國巨股份有限公司,2025,3,合併,33086.71,31738.29,4.25,11974.48,11177.92,7.13,7562.25,6615.01,14.32,6356.1,5628.52,12.93,3.1,2.74,0.36,96961.79,91661.37,5.78,34712.6,31850.3,8.99,21068.85,18019.89,16.92,16883.45,15648.75,7.89,8.22,7.73,0.49,361367.86,358128.6,201956.13,203431.45,55.89,56.8,-0.91,36.19,35.22,0.97,22.86,20.84,2.02,19.21,17.73,1.48
2328,廣宇科技股份有限公司,2025,3,合併,5371.01,6010.53,-10.64,689.39,914.74,-24.64,289.88,483.17,-40.0,172.76,287.96,-40.01,0.33,0.56,-0.23,16818.48,16114.52,4.37,2042.33,2255.53,-9.45,942.2,1018.79,-7.52,631.21,733.1,-13.9,1.22,1.41,-0.19,22924.02,25018.28,6809.39,8545.03,29.7,34.16,-4.46,12.84,15.22,-2.38,5.4,8.04,-2.64,3.22,4.79,-1.57
2329,華泰電子股份有限公司,2025,3,合併,5187.97,3914.05,32.55,846.34,500.55,69.08,472.95,186.91,153.04,432.02,177.29,143.68,0.6,0.25,0.35,14529.33,12150.44,19.58,2172.72,1902.77,14.19,1089.6,966.12,12.78,1006.49,1030.23,-2.3,1.41,1.45,-0.04,20139.62,19231.28,8480.02,7889.7,42.11,41.03,1.08,16.31,12.79,3.52,9.12,4.78,4.34,8.33,4.53,3.8
2330,台灣積體電路製造股份有限公司,2025,3,合併,989918.32,759692.14,30.31,588542.83,439345.67,33.96,500684.82,360766.29,38.78,452301.41,325257.57,39.06,17.44,12.55,4.89,2762963.85,2025846.52,36.39,1629307.14,1111975.41,46.52,1371189.26,896340.14,52.98,1212138.64,798587.98,51.79,46.75,30.8,15.95,7354107.08,6165658.18,2318529.27,2143735.88,31.53,34.77,-3.24,59.45,57.83,1.62,50.58,47.49,3.09,45.69,42.81,2.88
2331,精英電腦股份有限公司,2025,3,合併,5631.51,4737.32,18.88,539.72,536.1,0.68,27.1,-48.59,155.77,286.43,-27.25,1151.12,0.51,-0.05,0.56,14560.85,13187.19,10.42,1613.13,1644.67,-1.92,80.49,-234.19,134.37,802.68,43.96,1725.93,1.44,0.08,1.36,23174.46,23777.04,11993.18,11867.98,51.75,49.91,1.84,9.58,11.32,-1.74,0.48,-1.03,1.51,5.09,-0.58,5.67
2332,友訊科技股份有限公司,2025,3,合併,3444.25,3680.49,-6.42,890.09,1121.75,-20.65,-1.16,171.62,-100.68,13.93,177.52,-92.15,0.02,0.3,-0.28,9931.58,10964.05,-9.42,2480.51,2837.26,-12.57,-124.22,-24.14,-414.58,-288.87,146.37,-297.36,-0.48,0.24,-0.72,15809.0,16719.33,4959.35,5187.37,31.37,31.03,0.34,25.84,30.48,-4.64,-0.03,4.66,-4.69,0.4,4.82,-4.42
2337,旺宏電子股份有限公司,2025,3,合併,8214.16,7754.54,5.93,1112.0,2243.79,-50.44,-1144.04,-357.78,-219.76,-863.26,-296.43,-191.22,-0.47,-0.16,-0.31,21150.88,19970.58,5.91,3262.64,5321.88,-38.69,-3305.29,-2171.28,-52.23,-3012.44,-1662.08,-81.25,-1.62,-0.9,-0.72,76222.15,78826.52,33794.94,33228.46,44.34,42.15,2.19,13.54,28.94,-15.4,-13.93,-4.61,-9.32,-10.51,-3.82,-6.69
2338,台灣光罩股份有限公司,2025,3,合併,1450.36,1795.92,-19.24,103.13,357.51,-71.15,-155.89,92.59,-268.37,-158.44,-204.98,22.7,-0.62,-0.96,0.34,4668.25,5643.84,-17.29,399.87,1068.1,-62.56,-405.62,223.32,-281.63,-811.16,224.38,-461.51,-3.56,1.05,-4.61,18246.84,22035.66,13597.91,17234.85,74.52,78.21,-3.69,7.11,19.91,-12.8,-10.75,5.16,-15.91,-10.92,-11.41,0.49
2340,台亞半導體股份有限公司,2025,3,合併,1145.48,1152.92,-0.65,-30.96,113.53,-127.27,-308.06,-144.03,-113.89,-242.5,-171.43,-41.46,-0.55,-0.39,-0.16,3263.1,3191.17,2.25,-36.31,470.82,-107.71,-930.4,-331.98,-180.26,-961.49,-261.83,-267.22,-2.2,-0.6,-1.6,14621.24,14529.8,7258.3,6440.46,49.64,44.33,5.31,-2.7,9.85,-12.55,-26.89,-12.49,-14.4,-21.17,-14.87,-6.3
2342,台灣茂矽電子股份有限公司,2025,3,合併,512.65,525.38,-2.42,52.49,126.15,-58.39,-46.25,35.02,-232.07,-4.65,31.15,-114.93,-0.03,0.2,-0.23,1590.11,1352.58,17.56,260.54,268.68,-3.03,-29.81,12.68,-335.09,-35.6,49.94,-171.29,-0.23,0.32,-0.55,3221.73,3307.83,831.38,886.86,25.81,26.81,-1.0,10.24,24.01,-13.77,-9.02,6.67,-15.69,-0.91,5.93,-6.84
2344,華邦電子股份有限公司,2025,3,合併,21770.52,21312.43,2.15,10165.53,6246.34,62.74,3702.99,272.32,1259.79,2943.15,-9.44,31277.44,0.65,0.0,0.65,62781.1,62917.76,-0.22,20049.91,18919.87,5.97,1442.6,1248.16,15.58,539.58,1249.24,-56.81,0.12,0.29,-0.17,182602.67,186255.84,81215.09,80968.01,44.48,43.47,1.01,46.69,29.31,17.38,17.01,1.28,15.73,13.52,-0.04,13.56
2345,智邦科技股份有限公司,2025,3,合併,72946.56,28192.74,158.74,12518.31,5608.73,123.19,9000.71,3463.3,159.89,7826.6,2650.07,195.34,14.0,4.75,9.25,176301.92,71452.84,146.74,32029.7,14726.41,117.5,23022.41,8432.46,173.02,17985.72,7474.77,140.62,32.18,13.39,18.79,137788.04,69337.25,88093.14,40203.85,63.93,57.98,5.95,17.16,19.89,-2.73,12.34,12.28,0.06,10.73,9.4,1.33
2347,聯強國際股份有限公司,2025,3,合併,100225.53,108802.98,-7.88,4114.84,4712.56,-12.68,2108.45,2557.79,-17.57,2564.94,2255.38,13.73,1.54,1.35,0.19,284942.75,312762.92,-8.89,12131.41,13338.36,-9.05,5359.2,6896.42,-22.29,5706.45,6277.51,-9.1,3.42,3.76,-0.34,206573.29,230581.99,129682.99,153324.02,62.78,66.49,-3.71,4.11,4.33,-0.22,2.1,2.35,-0.25,2.56,2.07,0.49
2348,海悅國際開發股份有限公司,2025,3,合併,1169.17,1900.09,-38.47,391.09,1051.65,-62.81,239.76,822.32,-70.84,54.45,587.51,-90.73,0.36,3.87,-3.51,4415.23,5842.09,-24.42,1647.16,3113.16,-47.09,1140.22,2401.97,-52.53,596.49,2046.96,-70.86,3.61,13.25,-9.64,46329.61,40417.89,36704.42,30603.05,79.22,75.72,3.5,33.45,55.35,-21.9,20.51,43.28,-22.77,4.66,30.92,-26.26
2349,錸德科技股份有限公司,2025,3,合併,1905.96,1816.02,4.95,187.9,286.6,-34.44,-91.93,-100.24,8.29,-82.41,-8.36,-885.77,-0.12,-0.01,-0.11,5871.24,5616.71,4.53,746.3,961.15,-22.35,-82.63,-200.12,58.71,-234.18,12.61,-1957.1,-0.34,0.02,-0.36,17481.08,15494.86,8386.26,6555.58,47.97,42.31,5.66,9.86,15.78,-5.92,-4.82,-5.52,0.7,-4.32,-0.46,-3.86
2351,順德工業股份有限公司,2025,3,合併,2542.66,2905.14,-12.48,316.12,455.85,-30.65,103.61,226.82,-54.32,87.35,156.69,-44.25,0.48,0.86,-0.38,7663.52,8078.31,-5.13,956.7,1374.94,-30.42,321.66,694.16,-53.66,157.51,539.42,-70.8,0.86,2.96,-2.1,12271.86,12587.7,5213.03,5349.01,42.48,42.49,-0.01,12.43,15.69,-3.26,4.07,7.81,-3.74,3.44,5.39,-1.95
2352,佳世達科技股份有限公司,2025,3,合併,52532.3,50793.91,3.42,8874.87,8511.58,4.27,817.86,1244.83,-34.3,251.25,1052.95,-76.14,0.15,0.54,-0.39,155743.26,147565.68,5.54,26123.77,24341.21,7.32,2578.61,3357.26,-23.19,1090.44,1972.99,-44.73,0.59,1.0,-0.41,198998.37,199241.49,142094.53,135559.55,71.4,68.04,3.36,16.89,16.76,0.13,1.56,2.45,-0.89,0.48,2.07,-1.59
2353,宏碁股份有限公司,2025,3,合併,73399.1,72690.8,0.97,8189.51,7675.69,6.69,1505.18,1603.45,-6.13,1110.07,1504.78,-26.23,0.37,0.5,-0.13,201268.73,198661.05,1.31,21396.49,21049.83,1.65,3277.84,3852.31,-14.91,2710.0,4110.84,-34.08,0.9,1.37,-0.47,252412.33,223770.29,157368.01,142693.5,62.35,63.77,-1.42,11.16,10.56,0.6,2.05,2.21,-0.16,1.51,2.07,-0.56
2354,鴻準精密工業股份有限公司,2025,3,合併,42331.57,20225.64,109.3,1532.37,1344.96,13.93,591.08,507.88,16.38,879.77,969.07,-9.22,0.62,0.69,-0.07,113555.63,42583.13,166.67,4047.94,3485.37,16.14,1519.45,991.16,53.3,2373.09,2683.06,-11.55,1.68,1.9,-0.22,159767.66,143739.83,57237.97,33553.25,35.83,23.34,12.49,3.62,6.65,-3.03,1.4,2.51,-1.11,2.08,4.79,-2.71
2355,敬鵬工業股份有限公司,2025,3,合併,3858.69,4065.19,-5.08,331.31,618.6,-46.44,-5.82,295.92,-101.97,74.25,262.4,-71.7,0.19,0.66,-0.47,11789.94,12335.15,-4.42,1257.78,1902.21,-33.88,276.02,907.33,-69.58,380.06,926.21,-58.97,0.96,2.33,-1.37,22787.13,23430.4,6383.54,6363.16,28.01,27.16,0.85,8.59,15.22,-6.63,-0.15,7.28,-7.43,1.92,6.45,-4.53
2356,英業達股份有限公司,2025,3,合併,176285.52,163815.39,7.61,8876.14,8634.45,2.8,3066.71,3160.64,-2.97,2729.49,1997.68,36.63,0.76,0.56,0.2,519897.25,448480.15,15.92,27791.53,23261.77,19.47,10174.73,7899.06,28.81,6622.45,4897.84,35.21,1.85,1.37,0.48,344452.09,318402.32,273920.31,252017.55,79.52,79.15,0.37,5.04,5.27,-0.23,1.74,1.93,-0.19,1.55,1.22,0.33
2357,華碩電腦股份有限公司,2025,3,合併,200281.37,166560.78,20.25,28709.27,29883.92,-3.93,9838.64,11674.59,-15.73,10556.22,12504.32,-15.58,14.21,16.83,-2.62,535980.84,433164.3,23.74,79278.19,77434.08,2.38,30253.21,28020.37,7.97,33152.5,29755.7,11.42,44.63,40.06,4.57,589194.53,549405.73,304924.85,257071.92,51.75,46.79,4.96,14.33,17.94,-3.61,4.91,7.01,-2.1,5.27,7.51,-2.24
2359,所羅門股份有限公司,2025,3,合併,921.47,948.9,-2.89,223.72,191.61,16.76,-3.11,-26.16,88.11,175.16,-56.67,409.09,1.02,-0.33,1.35,3179.28,2497.28,27.31,704.97,540.96,30.32,38.1,-79.46,147.95,16.3,2.9,462.07,0.1,0.02,0.08,9892.84,9969.64,3860.55,3922.38,39.02,39.34,-0.32,24.28,20.19,4.09,-0.34,-2.76,2.42,19.01,-5.97,24.98
2360,致茂電子股份有限公司,2025,3,合併,6410.12,5631.77,13.82,3835.26,3306.29,16.0,1848.17,1508.19,22.54,5066.33,1426.04,255.27,11.99,3.39,8.6,19730.56,15564.7,26.76,12207.78,9138.92,33.58,6209.64,3922.71,58.3,9142.11,3788.22,141.33,21.67,9.0,12.67,43160.14,35459.96,13100.86,11648.39,30.35,32.85,-2.5,59.83,58.71,1.12,28.83,26.78,2.05,79.04,25.32,53.72
2362,藍天電腦股份有限公司,2025,3,合併,5505.16,7093.81,-22.39,1121.33,1366.69,-17.95,308.15,535.36,-42.44,891.3,62.78,1319.72,1.54,0.11,1.43,15255.86,19241.68,-20.71,3497.22,3834.61,-8.8,1322.33,1546.76,-14.51,910.92,1289.85,-29.38,1.57,2.2,-0.63,96264.98,100773.88,55622.86,57263.73,57.78,56.82,0.96,20.37,19.27,1.1,5.6,7.55,-1.95,16.19,0.89,15.3
2363,矽統科技股份有限公司,2025,3,合併,893.94,212.75,320.18,242.51,71.61,238.65,29.41,-124.09,123.7,134.35,708.93,-81.05,0.26,1.46,-1.2,2000.0,297.2,572.95,653.37,121.77,436.56,-71.37,-301.42,76.32,751.05,515.15,45.79,1.46,0.78,0.68,18517.42,17857.13,1152.83,811.27,6.23,4.54,1.69,27.13,33.66,-6.53,3.29,-58.33,61.62,15.03,333.22,-318.19
2364,倫飛電腦實業股份有限公司,2025,3,合併,399.8,367.25,8.86,167.72,148.92,12.62,65.85,59.45,10.77,94.67,58.78,61.06,1.81,1.12,0.69,1163.64,924.3,25.89,463.01,356.09,30.03,173.05,101.64,70.26,164.59,132.98,23.77,3.14,2.54,0.6,1672.06,1446.5,916.61,883.97,54.82,61.11,-6.29,41.95,40.55,1.4,16.47,16.19,0.28,23.68,16.0,7.68
2365,昆盈企業股份有限公司,2025,3,合併,247.44,264.7,-6.52,103.16,110.22,-6.41,28.42,26.7,6.44,43.27,47.72,-9.33,0.2,0.22,-0.02,714.51,751.88,-4.97,295.42,305.36,-3.26,49.49,64.47,-23.24,49.5,121.86,-59.38,0.22,0.55,-0.33,3443.14,3621.33,431.37,497.66,12.53,13.74,-1.21,41.69,41.64,0.05,11.49,10.09,1.4,17.49,18.03,-0.54
2367,燿華電子股份有限公司,2025,3,合併,3892.45,4759.32,-18.21,384.02,1010.88,-62.01,-78.04,470.06,-116.6,13.85,352.1,-96.07,0.02,0.53,-0.51,12537.95,14051.78,-10.77,2086.56,2764.06,-24.51,637.38,1280.88,-50.24,505.72,1187.87,-57.43,0.71,1.77,-1.06,22596.9,23487.95,10400.84,12268.66,46.03,52.23,-6.2,9.87,21.24,-11.37,-2.0,9.88,-11.88,0.36,7.4,-7.04
2368,金像電子(股)公司,2025,3,合併,17679.92,10457.15,69.07,6287.55,3376.17,86.23,4645.71,2504.43,85.5,3228.61,1595.18,102.4,6.49,3.28,3.21,43595.55,29096.04,49.83,14158.97,8839.34,60.18,10056.62,6431.33,56.37,6675.52,4333.23,54.05,13.61,8.9,4.71,61501.17,40425.36,34572.75,20522.28,56.21,50.77,5.44,35.56,32.29,3.27,26.28,23.95,2.33,18.26,15.25,3.01
2369,菱生精密工業股份有限公司,2025,3,合併,1438.5,1371.32,4.9,-57.84,-11.89,-386.46,-149.04,-109.03,-36.7,-120.14,-94.0,-27.81,-0.33,-0.25,-0.08,4014.95,4096.28,-1.99,-128.59,34.19,-476.1,-405.58,-263.12,-54.14,-368.9,-85.76,-330.15,-0.99,-0.23,-0.76,7317.69,7538.77,2370.06,2050.83,32.39,27.2,5.19,-4.02,-0.87,-3.15,-10.36,-7.95,-2.41,-8.35,-6.85,-1.5
2371,大同股份有限公司,2025,3,合併,13488.48,12121.27,11.28,2171.55,2131.52,1.88,555.96,7300.42,-92.38,610.54,6949.61,-91.21,0.29,3.1,-2.81,37040.36,35612.03,4.01,6386.53,5205.45,22.69,1749.64,7058.73,-75.21,1384.56,6736.32,-79.45,0.65,3.0,-2.35,147981.68,143548.99,82042.65,75450.81,55.44,52.56,2.88,16.1,17.58,-1.48,4.12,60.23,-56.11,4.53,57.33,-52.8
2373,震旦行股份有限公司,2025,3,合併,2752.91,2813.78,-2.16,1270.05,1318.73,-3.69,200.65,197.19,1.75,225.45,291.81,-22.74,1.0,1.3,-0.3,8005.14,8428.32,-5.02,3708.82,3867.16,-4.09,575.98,595.13,-3.22,626.38,720.18,-13.02,2.79,3.2,-0.41,17067.62,18347.58,8994.42,9589.77,52.7,52.27,0.43,46.13,46.87,-0.74,7.29,7.01,0.28,8.19,10.37,-2.18
2374,佳能企業股份有限公司,2025,3,合併,2743.67,1711.49,60.31,678.69,517.8,31.07,259.33,146.43,77.1,285.5,137.79,107.2,0.89,0.43,0.46,6569.84,4506.25,45.79,1772.6,1307.06,35.62,607.02,298.92,103.07,488.44,434.75,12.35,1.52,1.35,0.17,11538.9,9709.17,3569.41,2568.71,30.93,26.46,4.47,24.74,30.25,-5.51,9.45,8.56,0.89,10.41,8.05,2.36
2375,凱美電機股份有限公司,2025,3,合併,1434.62,1380.37,3.93,287.9,273.48,5.27,128.27,122.41,4.79,147.0,103.46,42.08,1.35,0.95,0.4,4205.35,3997.23,5.21,850.04,765.82,11.0,389.83,328.48,18.68,301.13,377.76,-20.29,2.77,3.48,-0.71,13748.97,14764.35,4290.44,5294.66,31.21,35.86,-4.65,20.07,19.81,0.26,8.94,8.87,0.07,10.25,7.49,2.76
2376,技嘉科技股份有限公司,2025,3,合併,79581.47,70445.85,12.97,7883.02,7240.43,8.88,3436.85,3376.84,1.78,3055.6,1927.47,58.53,4.56,2.91,1.65,247587.02,199533.61,24.08,25996.28,21453.88,21.17,12969.59,10304.77,25.86,9221.27,6912.95,33.39,13.77,10.72,3.05,145795.23,131888.67,88551.98,79883.63,60.74,60.57,0.17,9.91,10.28,-0.37,4.32,4.79,-0.47,3.84,2.74,1.1
2377,微星科技股份有限公司,2025,3,合併,57731.2,52086.54,10.84,6499.4,6603.53,-1.58,1797.3,2127.78,-15.53,1695.94,1732.03,-2.08,2.01,2.05,-0.04,172588.18,146385.1,17.9,18810.39,18891.12,-0.43,4872.7,6562.45,-25.75,4115.89,6331.53,-34.99,4.87,7.49,-2.62,122592.42,104897.58,70471.1,52367.18,57.48,49.92,7.56,11.26,12.68,-1.42,3.11,4.09,-0.98,2.94,3.33,-0.39
2379,瑞昱半導體股份有限公司,2025,3,合併,29491.14,30752.45,-4.1,14651.82,15794.93,-7.24,3113.46,3905.8,-20.29,3428.79,4374.93,-21.63,6.69,8.53,-1.84,96427.9,87049.08,10.77,48738.2,44424.65,9.71,12025.19,10622.06,13.21,12099.4,11891.18,1.75,23.59,23.19,0.4,129900.58,123066.69,82449.16,75091.97,63.47,61.02,2.45,49.68,51.36,-1.68,10.56,12.7,-2.14,11.63,14.23,-2.6
2380,虹光精密工業股份有限公司,2025,3,合併,763.59,502.32,52.01,187.62,-38.27,590.25,-11.12,-231.45,95.2,-54.85,-251.81,78.22,-0.26,-1.16,0.9,2100.01,1919.88,9.38,689.95,276.74,149.31,61.09,-287.63,121.24,102.88,-304.1,133.83,0.47,-1.4,1.87,2276.44,2028.66,1850.66,1542.96,81.3,76.06,5.24,24.57,-7.62,32.19,-1.46,-46.08,44.62,-7.18,-50.13,42.95
2382,廣達電腦股份有限公司,2025,3,合併,495258.38,424549.24,16.66,33918.39,31124.8,8.98,18374.29,19557.35,-6.05,16431.31,16633.12,-1.21,4.26,4.32,-0.06,1485052.02,993442.75,49.49,107934.28,79683.05,35.45,63377.56,46463.18,36.4,52790.42,43829.14,20.45,13.7,11.37,2.33,1051961.37,869826.28,826654.59,660766.48,78.58,75.97,2.61,6.85,7.33,-0.48,3.71,4.61,-0.9,3.32,3.92,-0.6
2383,台光電子材料股份有限公司,2025,3,合併,25145.64,17463.1,43.99,7575.85,4715.19,60.67,4990.03,3167.08,57.56,3965.07,2516.22,57.58,11.19,7.3,3.89,69333.4,45814.62,51.33,20995.39,12688.37,65.47,14173.35,8626.46,64.3,10911.85,6930.37,57.45,31.23,20.14,11.09,97186.51,70166.15,52805.27,38071.5,54.33,54.26,0.07,30.13,27.0,3.13,19.84,18.14,1.7,15.77,14.41,1.36
2385,群光電子股份有限公司,2025,3,合併,24808.33,27721.13,-10.51,4726.99,5641.74,-16.21,2357.74,2980.76,-20.9,2085.61,2397.01,-12.99,2.87,3.29,-0.42,72583.89,75240.89,-3.53,13377.4,15349.56,-12.85,6419.85,7817.72,-17.88,5830.88,6629.82,-12.05,8.01,9.11,-1.1,100019.54,101070.09,51362.46,49118.13,51.35,48.6,2.75,19.05,20.35,-1.3,9.5,10.75,-1.25,8.41,8.65,-0.24
2387,精元電腦股份有限公司,2025,3,合併,5151.89,6717.68,-23.31,749.11,1345.55,-44.33,344.0,718.21,-52.1,267.61,419.5,-36.21,1.38,2.17,-0.79,14525.45,17766.37,-18.24,2132.09,3088.47,-30.97,901.79,1592.21,-43.36,494.53,1013.6,-51.21,2.56,5.24,-2.68,19656.54,21119.09,8723.17,9759.1,44.38,46.21,-1.83,14.54,20.03,-5.49,6.68,10.69,-4.01,5.19,6.24,-1.05
2388,威盛電子股份有限公司,2025,3,合併,2320.96,5293.32,-56.15,430.87,1244.45,-65.38,-355.93,413.76,-186.02,20.95,294.96,-92.9,0.04,0.59,-0.55,6497.9,10413.78,-37.6,1518.73,2801.42,-45.79,-1002.25,279.39,-458.73,-610.55,435.98,-240.04,-1.1,0.87,-1.97,33163.55,36813.18,11598.81,14852.97,34.97,40.35,-5.38,18.56,23.51,-4.95,-15.34,7.82,-23.16,0.9,5.57,-4.67
2390,云辰電子開發股份有限公司,2025,3,合併,157.51,166.2,-5.23,34.33,39.19,-12.4,-7.51,-8.51,11.75,-24.27,-91.88,73.59,-0.13,-0.48,0.35,509.64,498.56,2.22,110.84,118.49,-6.46,-20.83,-16.55,-25.86,13.78,-184.86,107.45,0.07,-0.96,1.03,2683.43,2783.32,328.19,380.38,12.23,13.67,-1.44,21.79,23.58,-1.79,-4.77,-5.12,0.35,-15.41,-55.28,39.87
2392,正崴精密工業股份有限公司,2025,3,合併,26465.41,24831.16,6.58,-6121.68,3896.88,-257.09,-8573.5,1751.26,-589.56,-1382.69,689.24,-300.61,-2.98,1.49,-4.47,69219.0,65263.34,6.06,-6673.69,8750.72,-176.26,-13604.64,2394.67,-668.12,-2228.35,1339.15,-266.4,-4.81,2.89,-7.7,129216.91,128059.48,102172.31,88355.96,79.07,69.0,10.07,-23.13,15.69,-38.82,-32.4,7.05,-39.45,-5.22,2.78,-8.0
2393,億光電子工業股份有限公司,2025,3,合併,4918.79,5557.99,-11.5,1551.36,1689.37,-8.17,629.35,714.36,-11.9,571.32,554.73,2.99,1.29,1.25,0.04,15014.73,16018.81,-6.27,4705.85,4985.97,-5.62,2036.0,2063.43,-1.33,1478.8,2115.73,-30.1,3.34,4.77,-1.43,28743.1,28534.83,9161.51,8665.39,31.87,30.37,1.5,31.54,30.4,1.14,12.79,12.85,-0.06,11.62,9.98,1.64
2395,研華股份有限公司,2025,3,合併,17773.91,14949.5,18.89,6907.9,6173.49,11.9,2708.46,2452.2,10.45,2766.1,2257.53,22.53,3.2,2.61,0.59,52960.95,43472.53,21.83,21068.56,17652.22,19.35,8755.79,6535.89,33.96,7489.07,6364.08,17.68,8.67,7.39,1.28,70053.13,66394.73,18556.06,17770.25,26.49,26.76,-0.27,38.87,41.3,-2.43,15.24,16.4,-1.16,15.56,15.1,0.46
2397,友通資訊股份有限公司,2025,3,合併,2772.46,2524.8,9.81,671.87,696.44,-3.53,146.65,183.88,-20.25,75.27,92.03,-18.21,0.66,0.8,-0.14,8271.68,6598.77,25.35,2169.14,1809.85,19.85,568.41,378.09,50.34,283.41,216.87,30.68,2.48,1.89,0.59,11838.68,11948.84,6125.18,6569.98,51.74,54.98,-3.24,24.23,27.58,-3.35,5.29,7.28,-1.99,2.71,3.65,-0.94
2399,映泰股份有限公司,2025,3,合併,464.81,491.39,-5.41,30.36,54.19,-43.97,-33.6,-14.91,-125.35,30.3,-25.36,219.48,0.17,-0.14,0.31,1415.67,1646.95,-14.04,85.22,138.71,-38.56,-111.75,-69.52,-60.75,-18.85,16.5,-214.24,-0.11,0.09,-0.2,2521.27,2633.34,368.28,458.58,14.61,17.41,-2.8,6.53,11.03,-4.5,-7.23,-3.04,-4.19,6.52,-5.16,11.68
2401,凌陽科技股份有限公司,2025,3,合併,1558.46,1786.55,-12.77,715.16,874.23,-18.2,-33.39,135.72,-124.6,-80.93,8.96,-1003.24,-0.14,0.02,-0.16,4806.27,4921.0,-2.33,2251.64,2402.27,-6.27,39.88,217.81,-81.69,-152.32,243.39,-162.58,-0.26,0.41,-0.67,13699.25,14507.2,3221.01,3404.39,23.51,23.47,0.04,45.89,48.93,-3.04,-2.14,7.6,-9.74,-5.19,0.5,-5.69
2402,毅嘉科技股份有限公司,2025,3,合併,2885.04,2632.85,9.58,538.24,512.08,5.11,230.07,290.43,-20.78,184.71,230.88,-20.0,0.6,0.76,-0.16,8124.14,7015.4,15.8,1529.03,1218.77,25.46,669.82,545.4,22.81,566.54,502.32,12.78,1.86,1.67,0.19,14328.74,12648.47,7642.5,5914.15,53.34,46.76,6.58,18.66,19.45,-0.79,7.97,11.03,-3.06,6.4,8.77,-2.37
2404,漢唐集成股份有限公司,2025,3,合併,19235.01,11153.83,72.45,3880.89,2841.12,36.6,3201.22,2331.09,37.33,3037.57,1750.13,73.56,16.11,9.26,6.85,45537.72,34778.98,30.93,9697.11,5899.67,64.37,8134.78,4729.38,72.01,6425.0,4216.62,52.37,34.07,22.46,11.61,69183.77,45065.46,53221.57,32029.23,76.93,71.07,5.86,20.18,25.47,-5.29,16.64,20.9,-4.26,15.79,15.69,0.1
2405,輔信科技股份有限公司,2025,3,合併,446.24,399.27,11.76,170.75,159.16,7.28,-16.09,-16.57,2.9,-0.55,-7.0,92.14,0.0,-0.02,0.02,1285.31,1267.88,1.37,513.23,517.14,-0.76,-47.53,-33.95,-40.0,-51.58,17.18,-400.23,-0.15,0.05,-0.2,4418.37,4528.54,809.85,712.55,18.33,15.73,2.6,38.26,39.86,-1.6,-3.61,-4.15,0.54,-0.12,-1.75,1.63
2406,國碩科技工業股份有限公司,2025,3,合併,1651.55,1835.46,-10.02,206.44,89.76,129.99,-61.51,-206.9,70.27,-52.81,-78.46,32.69,-0.15,-0.22,0.07,4040.66,5942.0,-32.0,365.14,398.26,-8.32,-447.72,-403.4,-10.99,-321.17,-102.25,-214.1,-0.92,-0.29,-0.63,16186.01,17741.33,7881.69,8726.57,48.69,49.19,-0.5,12.5,4.89,7.61,-3.72,-11.27,7.55,-3.2,-4.27,1.07
2408,南亞科技股份有限公司,2025,3,合併,18778.87,8132.59,130.91,3463.87,263.62,1213.96,1119.16,-2505.37,144.67,1563.33,-1486.69,205.16,0.5,-0.48,0.98,36492.9,27556.57,32.43,225.36,273.96,-17.74,-6537.36,-7742.82,15.57,-4479.42,-3509.66,-27.63,-1.45,-1.13,-0.32,202562.64,203649.32,45219.78,38895.57,22.32,19.1,3.22,18.45,3.24,15.21,5.96,-30.81,36.77,8.32,-18.28,26.6
2409,友達光電股份有限公司,2025,3,合併,69907.56,77748.13,-10.08,6689.61,8454.18,-20.87,-1806.26,-309.87,-482.91,-1280.27,-925.67,-38.31,-0.17,-0.12,-0.05,211246.18,211553.41,-0.15,24830.05,18770.46,32.28,837.76,-5143.03,116.29,3961.34,-4683.5,184.58,0.52,-0.61,1.13,380713.64,390980.15,223912.03,234025.29,58.81,59.86,-1.05,9.57,10.87,-1.3,-2.58,-0.4,-2.18,-1.83,-1.19,-0.64
2412,中華電信股份有限公司,2025,3,合併,57924.34,55613.48,4.16,21511.88,20405.72,5.42,12100.18,11376.26,6.36,9440.1,9005.01,4.83,1.22,1.16,0.06,170463.14,164672.68,3.52,64892.33,61724.49,5.13,37167.93,35227.97,5.51,29406.46,28216.29,4.22,3.79,3.64,0.15,513095.56,509622.79,122665.68,122935.19,23.91,24.12,-0.21,37.14,36.69,0.45,20.89,20.46,0.43,16.3,16.19,0.11
2413,環隆科技股份有限公司,2025,3,合併,902.49,742.88,21.49,136.86,74.06,84.8,27.96,-79.76,135.06,88.46,-52.6,268.17,0.69,-0.41,1.1,2465.72,2282.71,8.02,358.6,246.29,45.6,-5.22,-186.96,97.21,-32.41,-83.87,61.36,-0.25,-0.66,0.41,4076.13,4306.36,2204.94,2385.88,54.09,55.4,-1.31,15.16,9.97,5.19,3.1,-10.74,13.84,9.8,-7.08,16.88
2414,精技電腦股份有限公司,2025,3,合併,7608.78,6479.58,17.43,587.41,550.25,6.75,188.21,181.49,3.7,128.45,128.07,0.3,0.79,0.79,0.0,21516.85,17393.09,23.71,1697.15,1490.39,13.87,553.58,421.51,31.33,385.64,316.53,21.83,2.38,1.96,0.42,10716.67,9674.7,6476.1,5557.25,60.43,57.44,2.99,7.72,8.49,-0.77,2.47,2.8,-0.33,1.69,1.98,-0.29
2415,錩新科技股份有限公司,2025,3,合併,621.44,611.14,1.69,186.29,147.04,26.69,133.39,76.68,73.96,59.28,44.32,33.75,0.66,0.49,0.17,1744.0,1762.13,-1.03,471.5,412.27,14.37,266.95,176.35,51.38,122.89,79.25,55.07,1.37,0.88,0.49,9899.12,7962.49,6982.15,5165.69,70.53,64.88,5.65,29.98,24.06,5.92,21.47,12.55,8.92,9.54,7.25,2.29
2417,圓剛科技股份有限公司,2025,3,合併,840.43,884.16,-4.95,466.19,490.44,-4.94,3.86,-2.8,237.86,21.92,-25.11,187.3,0.17,-0.19,0.36,2489.71,2528.14,-1.52,1380.08,1442.31,-4.31,-58.5,-48.17,-21.44,-103.41,-42.96,-140.71,-0.8,-0.32,-0.48,5623.79,5805.84,1779.23,1631.24,31.64,28.1,3.54,55.47,55.47,0.0,0.46,-0.32,0.78,2.61,-2.84,5.45
2419,仲琦科技股份有限公司,2025,3,合併,2055.05,1960.19,4.84,421.86,424.93,-0.72,75.03,57.52,30.44,29.16,8.19,256.04,0.09,0.03,0.06,6343.53,6508.84,-2.54,1123.35,1273.22,-11.77,55.1,150.26,-63.33,-56.18,-13.26,-323.68,-0.17,-0.04,-0.13,10589.36,10669.0,4608.27,4462.56,43.52,41.83,1.69,20.53,21.68,-1.15,3.65,2.93,0.72,1.42,0.42,1.0
2420,新巨企業股份有限公司,2025,3,合併,528.42,583.11,-9.38,233.92,280.64,-16.65,133.55,183.88,-27.37,148.77,164.69,-9.67,0.97,1.08,-0.11,1653.19,1705.39,-3.06,741.33,812.26,-8.73,449.19,503.08,-10.71,414.69,520.12,-20.27,2.72,3.41,-0.69,5463.91,5479.6,1691.96,1692.13,30.97,30.88,0.09,44.27,48.13,-3.86,25.27,31.53,-6.26,28.15,28.24,-0.09
2421,建準電機工業股份有限公司,2025,3,合併,4934.41,4030.57,22.42,1546.07,1148.47,34.62,768.7,521.85,47.3,694.3,349.1,98.88,2.55,1.28,1.27,13759.84,10767.53,27.79,4187.53,2986.87,40.2,1999.17,1216.54,64.33,1540.57,1054.69,46.07,5.65,3.86,1.79,15414.18,14113.33,7308.5,6661.5,47.41,47.2,0.21,31.33,28.49,2.84,15.58,12.95,2.63,14.07,8.66,5.41
2423,固緯電子實業股份有限公司,2025,3,合併,708.98,684.74,3.54,367.99,347.91,5.77,120.79,90.74,33.12,115.04,83.28,38.14,0.79,0.57,0.22,2082.3,1999.79,4.13,1112.19,1026.15,8.38,377.44,260.39,44.95,289.45,229.56,26.09,2.0,1.58,0.42,3692.99,3522.23,907.99,831.27,24.59,23.6,0.99,51.9,50.81,1.09,17.04,13.25,3.79,16.23,12.16,4.07
2424,隴華電子股份有限公司,2025,3,合併,30.46,26.34,15.64,-1.88,-17.61,89.32,-39.83,-50.61,21.3,-34.78,-46.96,25.94,-0.6,-0.83,0.23,132.72,70.96,87.03,18.39,-63.41,129.0,-88.3,-187.97,53.02,-75.25,-172.37,56.34,-1.3,-3.12,1.82,462.04,602.02,145.44,298.58,31.48,49.6,-18.12,-6.17,-66.88,60.71,-130.78,-192.16,61.38,-114.19,-178.3,64.11
2425,承啟科技股份有限公司,2025,3,合併,775.2,872.45,-11.15,56.56,57.53,-1.69,-0.06,2.58,-102.33,45.95,-15.16,403.1,0.47,-0.16,0.63,2340.7,2285.59,2.41,151.89,172.21,-11.8,-21.05,6.09,-445.65,-91.33,27.05,-437.63,-0.95,0.28,-1.23,4444.92,3781.35,1714.48,1072.87,38.57,28.37,10.2,7.3,6.59,0.71,-0.01,0.3,-0.31,5.93,-1.74,7.67
2426,鼎元光電科技股份有限公司,2025,3,合併,549.61,632.99,-13.17,57.96,102.69,-43.56,-30.13,14.28,-310.99,-31.57,8.88,-455.52,-0.11,0.03,-0.14,1821.16,1837.15,-0.87,233.6,299.64,-22.04,-23.14,19.74,-217.22,-53.52,126.2,-142.41,-0.18,0.42,-0.6,4745.18,5096.82,972.75,1180.46,20.5,23.16,-2.66,10.55,16.22,-5.67,-5.48,2.26,-7.74,-5.74,1.4,-7.14
2427,三商電腦股份有限公司,2025,3,合併,860.43,1036.21,-16.96,327.14,336.75,-2.85,37.59,54.36,-30.85,51.36,36.03,42.55,0.26,0.18,0.08,4006.96,3374.88,18.73,1136.01,1010.71,12.4,274.6,188.9,45.37,218.58,199.65,9.48,1.11,1.01,0.1,6677.27,7403.19,3459.63,4316.82,51.81,58.31,-6.5,38.02,32.5,5.52,4.37,5.25,-0.88,5.97,3.48,2.49
2428,興勤電子工業股份有限公司,2025,3,合併,2079.63,1976.83,5.2,841.46,783.52,7.39,549.61,479.85,14.54,410.31,378.59,8.38,3.2,2.96,0.24,6030.64,5488.0,9.89,2442.66,2225.07,9.78,1564.77,1331.78,17.49,1080.31,1149.1,-5.99,8.43,8.97,-0.54,15617.32,16018.81,5071.86,5792.16,32.48,36.16,-3.68,40.46,39.64,0.82,26.43,24.27,2.16,19.73,19.15,0.58
2429,銘旺科技股份有限公司,2025,3,合併,119.74,77.51,54.48,2.36,4.33,-45.5,-31.2,-21.32,-46.34,-19.33,-33.16,41.71,-0.23,-0.46,0.23,321.23,202.04,58.99,8.49,2.73,210.99,-96.21,-76.69,-25.45,-78.71,-89.81,12.36,-0.92,-1.69,0.77,1607.55,1142.13,781.25,185.78,48.6,16.27,32.33,1.97,5.59,-3.62,-26.06,-27.51,1.45,-16.14,-42.78,26.64
2430,燦坤實業股份有限公司,2025,3,合併,4508.21,4968.64,-9.27,652.39,723.41,-9.82,13.83,58.39,-76.31,3.59,20.16,-82.19,0.03,0.17,-0.14,13369.85,14371.36,-6.97,1982.07,2129.54,-6.92,88.56,183.37,-51.7,37.77,110.11,-65.7,0.32,0.94,-0.62,13441.31,14330.3,9092.01,9920.12,67.64,69.22,-1.58,14.47,14.56,-0.09,0.31,1.18,-0.87,0.08,0.41,-0.33
2431,聯昌電子企業股份有限公司,2025,3,合併,85.14,112.2,-24.12,-8.15,-4.12,-97.82,-32.87,-30.24,-8.7,-22.11,-16.78,-31.76,-0.2,-0.15,-0.05,306.82,299.42,2.47,-7.07,-9.07,22.05,-83.72,-87.44,4.25,-56.13,-53.3,-5.31,-0.51,-0.48,-0.03,1431.65,1572.93,171.19,200.62,11.96,12.75,-0.79,-9.57,-3.67,-5.9,-38.61,-26.95,-11.66,-25.97,-14.95,-11.02
2432,倚天酷碁股份有限公司,2025,3,合併,847.22,709.69,19.38,100.1,91.89,8.93,25.31,30.16,-16.08,28.3,26.31,7.56,0.46,0.43,0.03,2318.84,1879.14,23.4,275.58,238.71,15.45,58.13,67.0,-13.24,60.67,71.51,-15.16,0.96,1.17,-0.21,1677.9,1750.92,529.13,537.1,31.54,30.68,0.86,11.81,12.95,-1.14,2.99,4.25,-1.26,3.34,3.71,-0.37
2433,互盛股份有限公司,2025,3,合併,679.21,680.85,-0.24,240.81,239.23,0.66,97.9,103.3,-5.23,188.07,209.16,-10.08,1.3,1.45,-0.15,2025.87,2057.16,-1.52,722.92,726.02,-0.43,298.34,313.0,-4.68,347.07,376.77,-7.88,2.4,2.61,-0.21,7143.79,7569.71,3218.48,3188.01,45.05,42.12,2.93,35.46,35.14,0.32,14.41,15.17,-0.76,27.69,30.72,-3.03
2434,統懋半導體股份有限公司,2025,3,合併,11.95,13.23,-9.67,-2.14,3.56,-160.11,-15.27,-8.89,-71.77,17.3,4.39,294.08,0.47,0.11,0.36,34.53,37.8,-8.65,-3.83,3.83,-200.0,-42.63,-36.07,-18.19,12.02,29.02,-58.58,0.32,0.78,-0.46,678.5,729.02,197.92,233.69,29.17,32.06,-2.89,-17.93,26.92,-44.85,-127.78,-67.19,-60.59,144.82,33.14,111.68
2436,偉詮電子股份有限公司,2025,3,合併,919.32,847.48,8.48,260.25,254.58,2.23,37.78,84.06,-55.06,205.59,14.83,1286.31,1.14,0.08,1.06,2643.33,2258.43,17.04,781.18,668.04,16.94,203.94,121.78,67.47,255.82,191.85,33.34,1.45,1.09,0.36,6037.46,5987.58,2126.94,2072.77,35.23,34.62,0.61,28.31,30.04,-1.73,4.11,9.92,-5.81,22.36,1.75,20.61
2438,翔耀實業股份有限公司,2025,3,合併,101.38,103.15,-1.72,26.68,11.1,140.36,-29.04,-20.95,-38.62,-96.07,-22.18,-333.14,-1.54,-0.37,-1.17,320.23,252.87,26.64,89.9,14.93,502.14,-61.73,-88.03,29.88,-131.0,-57.72,-126.96,-2.11,-1.01,-1.1,1778.62,1491.93,1195.56,793.7,67.22,53.2,14.02,26.31,10.76,15.55,-28.64,-20.31,-8.33,-94.76,-21.5,-73.26
2439,美律實業股份有限公司,2025,3,合併,13122.38,12855.75,2.07,1667.57,1733.98,-3.83,563.2,755.56,-25.46,582.59,626.4,-6.99,2.33,2.59,-0.26,32307.13,31503.4,2.55,3971.37,4136.54,-3.99,911.57,1343.94,-32.17,938.7,1483.14,-36.71,3.77,6.57,-2.8,42753.3,39844.81,24894.22,21404.66,58.23,53.72,4.51,12.71,13.49,-0.78,4.29,5.88,-1.59,4.44,4.87,-0.43
2440,太空梭高傳真資訊科技股份有限公司,2025,3,合併,825.54,969.0,-14.8,24.57,35.67,-31.12,-7.93,5.44,-245.77,-7.68,-7.21,-6.52,-0.06,-0.05,-0.01,2588.87,2867.08,-9.7,95.65,101.13,-5.42,4.54,3.82,18.85,-35.99,-15.88,-126.64,-0.26,-0.11,-0.15,2462.72,2374.91,1280.47,1104.76,51.99,46.52,5.47,2.98,3.68,-0.7,-0.96,0.56,-1.52,-0.93,-0.74,-0.19
2441,超豐電子股份有限公司,2025,3,合併,4250.76,3860.24,10.12,776.2,901.98,-13.94,594.96,756.55,-21.36,744.66,673.16,10.62,1.31,1.18,0.13,12468.26,11325.76,10.09,2530.22,2589.54,-2.29,2036.33,2132.23,-4.5,1811.7,1918.47,-5.57,3.18,3.37,-0.19,26721.83,25369.85,3756.1,3388.21,14.06,13.36,0.7,18.26,23.37,-5.11,14.0,19.6,-5.6,17.52,17.44,0.08
2442,新美齊股份有限公司,2025,3,合併,93.9,136.99,-31.45,55.67,38.79,43.52,25.09,8.78,185.76,32.42,8.32,289.66,0.12,0.03,0.09,805.39,596.13,35.1,301.75,239.51,25.99,169.92,130.64,30.07,174.22,244.71,-28.81,0.65,0.92,-0.27,28900.64,20978.94,23256.85,15688.64,80.47,74.78,5.69,59.28,28.32,30.96,26.72,6.41,20.31,34.52,6.07,28.45
2444,兆勁科技股份有限公司,2025,3,合併,273.03,361.52,-24.48,-1.78,50.44,-103.53,-72.99,-8.46,-762.77,-46.86,-30.93,-51.5,-0.46,-0.3,-0.16,873.47,997.54,-12.44,31.33,114.78,-72.7,-130.92,-51.74,-153.03,-156.77,-41.01,-282.27,-1.54,-0.4,-1.14,1790.68,1942.68,971.03,1003.21,54.23,51.64,2.59,-0.65,13.95,-14.6,-26.73,-2.34,-24.39,-17.16,-8.56,-8.6
2449,京元電子股份有限公司,2025,3,合併,9290.53,7038.74,31.99,3346.79,2526.89,32.45,2492.09,1768.13,40.94,2302.16,2478.04,-7.1,1.88,2.03,-0.15,24967.89,19559.12,27.65,8768.73,6806.96,28.82,6190.95,4668.5,32.61,8767.63,5749.28,52.5,7.17,4.7,2.47,87372.16,82576.69,40275.35,39594.87,46.1,47.95,-1.85,36.02,35.9,0.12,26.82,25.12,1.7,24.78,35.21,-10.43
2450,神腦國際企業股份有限公司,2025,3,合併,7921.93,7813.67,1.39,837.23,843.56,-0.75,50.23,86.25,-41.76,74.66,110.83,-32.64,0.29,0.43,-0.14,22791.59,23365.08,-2.45,2452.01,2563.24,-4.34,157.93,297.21,-46.86,274.12,339.89,-19.35,1.06,1.32,-0.26,10871.55,10699.77,4602.8,4411.59,42.34,41.23,1.11,10.57,10.8,-0.23,0.63,1.1,-0.47,0.94,1.42,-0.48
2451,創見資訊股份有限公司,2025,3,合併,4108.5,2516.92,63.24,1857.53,732.31,153.65,1512.69,449.85,236.27,1510.99,347.86,334.37,3.52,0.81,2.71,10321.78,7581.16,36.15,3826.62,2471.84,54.81,2772.41,1585.0,74.92,2305.16,1870.45,23.24,5.37,4.36,1.01,21535.14,21970.74,1908.99,2692.24,8.86,12.25,-3.39,45.21,29.1,16.11,36.82,17.87,18.95,36.78,13.82,22.96
2453,凌群電腦股份有限公司,2025,3,合併,1850.22,1712.93,8.01,477.45,433.79,10.06,62.26,54.91,13.39,71.56,66.17,8.15,0.72,0.66,0.06,5031.9,4661.06,7.96,1284.55,1200.52,7.0,243.17,199.72,21.76,219.99,208.77,5.37,2.2,2.09,0.11,4896.95,4762.03,2758.78,2658.82,56.34,55.83,0.51,25.81,25.32,0.49,3.37,3.21,0.16,3.87,3.86,0.01
2454,聯發科技股份有限公司,2025,3,合併,142096.86,131813.49,7.8,66111.89,64347.62,2.74,22187.51,23864.17,-7.03,25221.03,25346.28,-0.49,15.84,15.94,-0.1,445777.67,392542.76,13.56,213799.03,196384.57,8.87,81619.77,81000.05,0.77,82394.21,82597.46,-0.25,51.76,51.98,-0.22,687851.73,676528.3,259308.08,253070.22,37.7,37.41,0.29,46.53,48.82,-2.29,15.61,18.1,-2.49,17.75,19.23,-1.48
2457,飛宏科技股份有限公司,2025,3,合併,2770.15,2962.32,-6.49,701.45,794.82,-11.75,48.07,-15.95,401.38,54.63,104.83,-47.89,0.13,0.24,-0.11,7444.51,7905.11,-5.83,1564.08,2211.77,-29.28,-437.63,-68.77,-536.37,-414.23,217.17,-290.74,-0.97,0.5,-1.47,15433.14,15444.38,6435.55,5565.89,41.7,36.04,5.66,25.32,26.83,-1.51,1.74,-0.54,2.28,1.97,3.54,-1.57
2458,義隆電子股份有限公司,2025,3,合併,3315.97,3402.7,-2.55,1567.31,1677.44,-6.57,791.77,926.58,-14.55,804.4,711.73,13.02,2.81,2.49,0.32,9466.58,9660.03,-2.0,4587.4,4697.57,-2.35,2321.13,2343.71,-0.96,1706.57,2132.85,-19.99,5.96,7.47,-1.51,15749.49,15410.76,6009.94,5992.99,38.16,38.89,-0.73,47.27,49.3,-2.03,23.88,27.23,-3.35,24.26,20.92,3.34
2459,敦吉科技股份有限公司,2025,3,合併,1250.21,1330.89,-6.06,397.66,425.61,-6.57,197.68,247.13,-20.01,172.46,137.33,25.58,1.63,1.3,0.33,3600.78,3944.08,-8.7,980.74,1124.53,-12.79,462.53,584.23,-20.83,463.74,445.15,4.18,4.39,4.22,0.17,8892.98,9632.5,3142.57,3729.6,35.34,38.72,-3.38,31.81,31.98,-0.17,15.81,18.57,-2.76,13.79,10.32,3.47
2460,建通精密工業股份有限公司,2025,3,合併,745.74,807.71,-7.67,-70.67,58.45,-220.91,-214.35,-34.66,-518.44,-243.8,-54.24,-349.48,-1.46,-0.33,-1.13,2219.39,2298.03,-3.42,-44.98,186.14,-124.16,-369.88,-75.67,-388.81,-429.84,-124.06,-246.48,-2.59,-0.75,-1.84,4654.47,5672.6,3173.31,3586.5,68.18,63.22,4.96,-9.48,7.24,-16.72,-28.74,-4.29,-24.45,-32.69,-6.72,-25.97
2461,光群雷射科技股份有限公司,2025,3,合併,1344.08,1371.58,-2.0,270.26,330.68,-18.27,9.73,41.42,-76.51,17.17,36.97,-53.56,0.1,0.22,-0.12,3925.27,4154.55,-5.52,835.31,947.75,-11.86,7.66,39.25,-80.48,-53.96,298.88,-118.05,-0.32,1.79,-2.11,7757.3,7331.04,4107.81,3242.56,52.95,44.23,8.72,20.11,24.11,-4.0,0.72,3.02,-2.3,1.28,2.7,-1.42
2462,台灣良得電子股份有限公司,2025,3,合併,1077.54,1130.81,-4.71,137.88,117.56,17.28,38.59,-6.17,725.45,81.19,17.2,372.03,0.54,0.11,0.43,3144.02,3022.83,4.01,434.79,375.98,15.64,116.27,47.13,146.7,2.66,169.38,-98.43,0.02,1.13,-1.11,5719.74,5987.2,2739.1,2863.32,47.89,47.82,0.07,12.8,10.4,2.4,3.58,-0.55,4.13,7.53,1.52,6.01
2464,盟立自動化股份有限公司,2025,3,合併,1627.46,2185.32,-25.53,301.38,443.43,-32.03,-39.62,60.49,-165.5,1.29,19.05,-93.23,0.01,0.1,-0.09,4992.31,5359.92,-6.86,946.91,1025.39,-7.65,-18.38,3.3,-656.97,-118.7,44.42,-367.22,-0.58,0.23,-0.81,11875.63,12275.39,6922.23,7722.08,58.29,62.91,-4.62,18.52,20.29,-1.77,-2.43,2.77,-5.2,0.08,0.87,-0.79
2465,麗臺科技股份有限公司,2025,3,合併,1951.55,994.57,96.22,93.04,66.53,39.85,29.26,-90.59,132.3,-36.23,-94.08,61.49,-0.43,-1.12,0.69,3507.99,2647.36,32.51,338.7,222.27,52.38,65.56,-274.4,123.89,7.29,-311.09,102.34,0.09,-3.71,3.8,1525.51,3579.05,945.02,2861.33,61.95,79.95,-18.0,4.77,6.69,-1.92,1.5,-9.11,10.61,-1.86,-9.46,7.6
2466,冠西電子企業股份有限公司,2025,3,合併,384.75,444.98,-13.54,6.26,70.99,-91.18,-72.38,-10.03,-621.64,390.48,-33.0,1283.27,2.25,-0.19,2.44,832.28,891.65,-6.66,9.65,123.82,-92.21,-221.93,-87.43,-153.84,169.28,-128.49,231.75,0.98,-0.75,1.73,4268.2,4240.66,2227.83,2372.09,52.2,55.94,-3.74,1.63,15.95,-14.32,-18.81,-2.25,-16.56,101.49,-7.42,108.91
2467,志聖工業股份有限公司,2025,3,合併,1536.11,1053.62,45.79,679.46,444.69,52.79,153.09,80.82,89.42,211.57,164.98,28.24,1.4,1.1,0.3,4355.26,3482.97,25.04,1873.36,1424.26,31.53,606.15,412.82,46.83,569.15,524.28,8.56,3.78,3.5,0.28,13201.39,10511.2,7482.49,5269.78,56.68,50.13,6.55,44.23,42.21,2.02,9.97,7.67,2.3,13.77,15.66,-1.89
2468,華經資訊企業股份有限公司,2025,3,合併,611.16,540.73,13.02,67.87,48.52,39.88,23.76,10.32,130.23,18.86,8.49,122.14,0.27,0.12,0.15,2054.23,1636.73,25.51,192.96,175.37,10.03,58.42,43.82,33.32,54.09,40.6,33.23,0.77,0.58,0.19,2365.46,1963.72,1123.07,742.48,47.48,37.81,9.67,11.11,8.97,2.14,3.89,1.91,1.98,3.09,1.57,1.52
2471,資通電腦股份有限公司,2025,3,合併,245.92,225.09,9.25,120.16,103.33,16.29,49.56,34.15,45.12,61.94,32.8,88.84,1.31,0.69,0.62,684.46,594.44,15.14,278.87,231.8,20.31,92.3,44.45,107.65,80.6,85.42,-5.64,1.71,1.81,-0.1,1439.2,1346.59,584.38,500.5,40.6,37.17,3.43,48.86,45.91,2.95,20.15,15.17,4.98,25.19,14.57,10.62
2472,立隆電子工業股份有限公司,2025,3,合併,2800.91,2791.5,0.34,932.42,900.99,3.49,552.51,568.71,-2.85,377.35,264.42,42.71,2.29,1.61,0.68,8407.12,7718.38,8.92,2677.64,2353.23,13.79,1668.85,1383.13,20.66,854.64,815.53,4.8,5.19,4.95,0.24,16655.83,16032.9,4339.47,4096.31,26.05,25.55,0.5,33.29,32.28,1.01,19.73,20.37,-0.64,13.47,9.47,4.0
2474,可成科技股份有限公司,2025,3,合併,4861.06,5116.82,-5.0,1391.73,1767.09,-21.24,738.42,1197.77,-38.35,2882.51,1430.07,101.56,4.62,2.1,2.52,14295.68,13448.13,6.3,4463.85,4376.89,1.99,2506.66,2439.23,2.76,4769.01,9440.96,-49.49,7.45,13.88,-6.43,225081.52,245821.42,77587.1,76455.32,34.47,31.1,3.37,28.63,34.53,-5.9,15.19,23.41,-8.22,59.3,27.95,31.35
2476,鉅祥企業股份有限公司,2025,3,合併,1974.95,1861.91,6.07,584.66,632.6,-7.58,314.55,402.54,-21.86,342.31,282.37,21.23,1.61,1.35,0.26,5432.9,4914.86,10.54,1616.82,1616.23,0.04,861.44,885.68,-2.74,574.83,797.31,-27.9,2.72,3.91,-1.19,12402.73,12123.86,3545.57,3490.81,28.59,28.79,-0.2,29.6,33.98,-4.38,15.93,21.62,-5.69,17.33,15.17,2.16
2477,美隆工業股份有限公司,2025,3,合併,712.71,864.2,-17.53,202.63,260.49,-22.21,79.54,123.01,-35.34,96.98,115.92,-16.34,0.61,0.73,-0.12,1888.23,2007.89,-5.96,507.34,509.93,-0.51,126.63,90.29,40.25,251.28,217.77,15.39,1.58,1.37,0.21,7944.71,8263.93,3612.13,3684.7,45.47,44.59,0.88,28.43,30.14,-1.71,11.16,14.23,-3.07,13.61,13.41,0.2
2478,大毅科技股份有限公司,2025,3,合併,1337.67,1323.19,1.09,310.06,237.19,30.72,156.59,106.0,47.73,148.4,57.79,156.79,1.04,0.4,0.64,4052.77,3663.46,10.63,905.01,693.54,30.49,457.82,301.96,51.62,363.12,319.92,13.5,2.53,2.21,0.32,9802.29,9481.5,2961.16,2624.45,30.21,27.68,2.53,23.18,17.93,5.25,11.71,8.01,3.7,11.09,4.37,6.72
2480,敦陽科技股份有限公司,2025,3,合併,1958.03,1762.56,11.09,485.31,443.69,9.38,237.78,194.32,22.37,189.73,181.61,4.47,1.78,1.71,0.07,6205.5,5302.88,17.02,1512.71,1363.64,10.93,763.21,658.34,15.93,631.75,588.38,7.37,5.94,5.53,0.41,7438.65,6743.57,4159.51,3550.41,55.92,52.65,3.27,24.79,25.17,-0.38,12.14,11.02,1.12,9.69,10.3,-0.61
2481,強茂股份有限公司,2025,3,合併,3269.7,3335.07,-1.96,1023.68,974.06,5.09,276.3,234.43,17.86,303.32,253.45,19.68,0.79,0.66,0.13,9741.46,9524.75,2.28,2997.59,2659.41,12.72,849.42,626.79,35.52,831.76,714.04,16.49,2.18,1.87,0.31,29103.09,28671.0,13840.31,13487.58,47.56,47.04,0.52,31.31,29.21,2.1,8.45,7.03,1.42,9.28,7.6,1.68
2482,連宇股份有限公司,2025,3,合併,136.27,160.73,-15.22,70.38,65.37,7.66,-11.39,2.94,-487.41,3.36,-4.63,172.57,0.04,-0.06,0.1,389.39,459.66,-15.29,172.17,230.14,-25.19,-55.79,6.28,-988.38,-64.45,51.11,-226.1,-0.83,0.66,-1.49,1326.98,1568.01,219.66,274.02,16.55,17.48,-0.93,51.65,40.67,10.98,-8.36,1.83,-10.19,2.46,-2.88,5.34
2483,百容電子股份有限公司,2025,3,合併,434.68,419.59,3.6,45.64,56.11,-18.66,-20.88,-18.7,-11.66,-7.65,15.76,-148.54,-0.07,0.14,-0.21,1325.3,1343.06,-1.32,122.77,185.34,-33.76,-88.8,-38.6,-130.05,73.78,51.51,43.23,0.68,0.47,0.21,4067.06,4191.38,1534.15,1604.74,37.72,38.29,-0.57,10.5,13.37,-2.87,-4.8,-4.46,-0.34,-1.76,3.76,-5.52
2484,希華晶體科技股份有限公司,2025,3,合併,603.41,617.38,-2.26,81.01,129.23,-37.31,-5.89,41.81,-114.09,21.75,28.81,-24.51,0.14,0.18,-0.04,1850.76,1657.39,11.67,299.99,332.49,-9.77,44.06,77.96,-43.48,42.14,110.76,-61.95,0.26,0.69,-0.43,4551.81,4519.57,836.99,794.89,18.39,17.59,0.8,13.43,20.93,-7.5,-0.98,6.77,-7.75,3.6,4.67,-1.07
2485,兆赫電子股份有限公司,2025,3,合併,601.37,274.29,119.25,100.47,-159.94,162.82,-18.53,-300.1,93.83,-12.32,-276.43,95.54,-0.04,-0.87,0.83,1675.29,2232.16,-24.95,-30.57,-148.6,79.43,-397.98,-586.94,32.19,-421.3,-480.65,12.35,-1.33,-1.51,0.18,6000.48,7404.64,893.47,1549.24,14.89,20.92,-6.03,16.71,-58.31,75.02,-3.08,-109.41,106.33,-2.05,-100.78,98.73
2486,一詮精密工業股份有限公司,2025,3,合併,1551.65,1462.26,6.11,218.47,227.68,-4.05,27.18,45.93,-40.82,51.17,-13.71,473.23,0.22,-0.06,0.28,4500.5,3973.64,13.26,614.32,580.89,5.75,97.72,-28.35,444.69,37.82,9.46,299.79,0.16,0.04,0.12,12069.71,8484.0,6733.92,3110.13,55.79,36.66,19.13,14.08,15.57,-1.49,1.75,3.14,-1.39,3.3,-0.94,4.24
2488,漢平電子工業股份有限公司,2025,3,合併,849.67,998.26,-14.88,197.72,257.55,-23.23,111.2,170.93,-34.94,130.52,132.45,-1.46,1.63,1.66,-0.03,2147.71,2125.94,1.02,515.28,546.49,-5.71,275.92,309.25,-10.78,282.34,302.44,-6.65,3.53,3.78,-0.25,4015.25,3984.72,1334.08,1394.28,33.23,34.99,-1.76,23.27,25.8,-2.53,13.09,17.12,-4.03,15.36,13.27,2.09
2489,瑞軒科技股份有限公司,2025,3,合併,6837.71,7428.55,-7.95,595.84,612.72,-2.75,152.0,118.72,28.03,323.06,143.07,125.81,0.51,0.2,0.31,18585.85,17654.87,5.27,1837.81,1564.09,17.5,396.92,157.33,152.29,537.66,959.62,-43.97,0.81,1.32,-0.51,23079.08,22843.94,10094.97,9162.85,43.74,40.11,3.63,8.71,8.25,0.46,2.22,1.6,0.62,4.72,1.93,2.79
2491,吉祥全球實業股份有限公司,2025,3,合併,43.27,51.1,-15.32,10.25,12.27,-16.46,-36.17,-32.1,-12.68,87.81,-67.36,230.36,1.07,-0.82,1.89,131.15,150.17,-12.67,26.55,36.62,-27.5,-106.98,-102.25,-4.63,39.78,-50.88,178.18,0.49,-0.62,1.11,1524.17,1397.48,266.13,194.98,17.46,13.95,3.51,23.68,24.01,-0.33,-83.58,-62.81,-20.77,202.92,-131.82,334.74
2492,華新科技股份有限公司,2025,3,合併,9413.39,9350.78,0.67,1577.58,1891.87,-16.61,509.15,844.78,-39.73,1057.72,445.44,137.46,2.18,0.92,1.26,27707.89,26393.29,4.98,4700.27,5055.0,-7.02,1548.45,1838.28,-15.77,1428.17,2062.79,-30.77,2.95,4.25,-1.3,99620.04,101150.87,42733.55,42458.17,42.9,41.98,0.92,16.76,20.23,-3.47,5.41,9.03,-3.62,11.24,4.76,6.48
2493,揚博科技股份有限公司,2025,3,合併,938.24,969.28,-3.2,286.52,316.34,-9.43,152.09,207.24,-26.61,173.29,181.99,-4.78,1.37,1.44,-0.07,2776.14,2731.95,1.62,853.37,945.33,-9.73,507.34,637.27,-20.39,401.12,531.69,-24.56,3.16,4.19,-1.03,5111.65,4260.81,2035.41,1292.69,39.82,30.34,9.48,30.54,32.64,-2.1,16.21,21.38,-5.17,18.47,18.78,-0.31
2495,普安科技股份有限公司,2025,3,合併,290.08,301.09,-3.66,114.66,149.59,-23.35,1.76,22.19,-92.07,203.1,185.25,9.64,0.74,0.68,0.06,833.16,975.63,-14.6,358.19,498.09,-28.09,28.93,113.77,-74.57,121.96,463.46,-73.68,0.45,1.69,-1.24,7015.67,6748.42,2616.15,2258.7,37.29,33.47,3.82,39.52,49.68,-10.16,0.61,7.37,-6.76,70.01,61.53,8.48
2496,卓越成功股份有限公司,2025,3,合併,234.01,227.28,2.96,130.04,127.53,1.97,46.77,48.3,-3.17,39.84,39.56,0.71,2.09,2.09,0.0,638.47,615.01,3.81,341.42,337.37,1.2,103.0,111.72,-7.81,83.22,92.2,-9.74,4.36,4.87,-0.51,1381.67,1329.41,525.24,468.76,38.02,35.26,2.76,55.57,56.11,-0.54,19.99,21.25,-1.26,17.03,17.41,-0.38
2497,怡利電子工業股份有限公司,2025,3,合併,1208.95,1348.46,-10.35,296.59,328.93,-9.83,121.88,136.14,-10.47,109.75,103.1,6.45,0.9,0.84,0.06,3338.42,3320.31,0.55,852.2,813.82,4.72,334.2,256.04,30.53,182.69,259.38,-29.57,1.49,2.11,-0.62,4294.03,4812.56,2065.41,2400.74,48.1,49.88,-1.78,24.53,24.39,0.14,10.08,10.1,-0.02,9.08,7.65,1.43
2498,宏達國際電子股份有限公司及子公司,2025,3,合併,716.37,773.87,-7.43,252.19,315.93,-20.18,-853.95,-1131.08,24.5,3243.27,-881.6,467.88,3.88,-1.06,4.94,2119.7,2135.36,-0.73,771.98,876.54,-11.93,-2833.93,-3519.51,19.48,6582.23,-2600.84,353.08,7.88,-3.12,11.0,38277.7,47141.43,11545.14,25190.22,30.16,53.44,-23.28,35.2,40.82,-5.62,-119.21,-146.16,26.95,452.74,-113.92,566.66
2501,國泰建設股份有限公司,2025,3,合併,4183.88,3088.82,35.45,1187.29,668.31,77.66,595.94,-0.71,84035.21,609.53,80.32,658.88,0.53,0.07,0.46,15557.14,14486.64,7.39,4427.6,3045.24,45.39,2647.63,1322.46,100.2,2212.93,971.03,127.9,1.91,0.84,1.07,90725.86,90569.11,59580.49,60861.86,65.67,67.2,-1.53,28.38,21.64,6.74,14.24,-0.02,14.26,14.57,2.6,11.97
2504,國產建材實業股份有限公司,2025,3,合併,5549.83,5368.11,3.39,1620.25,1317.57,22.97,1335.87,1067.39,25.15,1023.13,860.33,18.92,0.87,0.73,0.14,16792.49,16020.85,4.82,4585.53,4107.88,11.63,3765.66,3329.07,13.11,2885.73,3642.19,-20.77,2.45,3.09,-0.64,44885.97,41866.13,17844.05,14754.31,39.75,35.24,4.51,29.19,24.54,4.65,24.07,19.88,4.19,18.44,16.03,2.41
2505,國揚實業股份有限公司,2025,3,合併,1425.69,73.24,1846.6,402.44,38.71,939.63,298.95,-22.49,1429.26,318.81,37.8,743.41,0.84,0.1,0.74,2560.34,473.11,441.17,771.59,176.75,336.54,503.3,-25.68,2059.89,585.83,143.59,307.99,1.54,0.38,1.16,22698.85,21669.03,11926.69,11364.26,52.54,52.44,0.1,28.23,52.85,-24.62,20.97,-30.7,51.67,22.36,51.61,-29.25
2506,太平洋建設股份有限公司,2025,3,合併,385.23,342.05,12.62,108.11,183.53,-41.09,-31.93,-64.52,50.51,24.87,925.3,-97.31,0.07,2.56,-2.49,920.11,1243.81,-26.02,414.48,415.67,-0.29,57.89,-41.09,240.89,17.5,841.41,-97.92,0.05,2.33,-2.28,14404.77,14625.57,4809.21,4703.77,33.39,32.16,1.23,28.06,53.66,-25.6,-8.29,-18.86,10.57,6.46,270.52,-264.06
2509,全坤建設開發股份有限公司,2025,3,合併,61.53,711.76,-91.36,13.86,236.99,-94.15,-21.82,162.48,-113.43,-7.64,88.72,-108.61,-0.03,0.4,-0.43,194.07,1355.21,-85.68,44.97,413.45,-89.12,-71.88,228.44,-131.47,-138.25,95.16,-245.28,-0.62,0.42,-1.04,12596.68,11290.42,8426.86,6714.89,66.9,59.47,7.43,22.52,33.3,-10.78,-35.46,22.83,-58.29,-12.43,12.46,-24.89
2511,太子建設開發股份有限公司,2025,3,合併,2152.64,1962.37,9.7,592.82,524.43,13.04,49.33,61.57,-19.88,102.98,108.57,-5.15,0.06,0.07,-0.01,5987.06,5854.54,2.26,1816.61,1460.9,24.35,301.17,112.61,167.45,329.71,160.5,105.43,0.2,0.1,0.1,46174.48,44784.16,20635.09,19242.35,44.69,42.97,1.72,27.54,26.72,0.82,2.29,3.14,-0.85,4.78,5.53,-0.75
2514,龍邦國際興業股份有限公司,2025,3,合併,5992.05,7422.5,-19.27,734.25,963.66,-23.81,256.83,509.48,-49.59,227.4,331.85,-31.48,0.63,0.91,-0.28,16101.92,19425.15,-17.11,2148.29,2754.29,-22.0,826.84,1451.11,-43.02,518.23,948.83,-45.38,1.43,2.62,-1.19,39405.97,39198.69,18634.98,19031.47,47.29,48.55,-1.26,12.25,12.98,-0.73,4.29,6.86,-2.57,3.79,4.47,-0.68
2515,中華工程股份有限公司,2025,3,合併,4865.89,6358.57,-23.48,307.22,377.45,-18.61,177.48,249.66,-28.91,134.49,247.04,-45.56,0.09,0.16,-0.07,14675.99,16486.86,-10.98,1018.35,1116.69,-8.81,598.71,700.63,-14.55,411.86,507.23,-18.8,0.27,0.33,-0.06,65856.01,62377.74,43556.89,39229.34,66.14,62.89,3.25,6.31,5.94,0.37,3.65,3.93,-0.28,2.76,3.89,-1.13
2516,新亞建設開發股份有限公司,2025,3,合併,2616.92,2309.75,13.3,76.98,85.46,-9.92,40.63,56.73,-28.38,43.64,81.86,-46.69,0.19,0.36,-0.17,7413.24,6608.39,12.18,219.31,198.46,10.51,98.73,95.17,3.74,129.82,136.49,-4.89,0.57,0.6,-0.03,7636.21,6725.19,5750.72,5042.86,75.31,74.98,0.33,2.94,3.7,-0.76,1.55,2.46,-0.91,1.67,3.54,-1.87
2520,冠德建設股份有限公司,2025,3,合併,6129.84,7003.61,-12.48,1199.76,2453.84,-51.11,703.62,1906.67,-63.1,339.29,1358.85,-75.03,0.57,2.28,-1.71,16195.94,22160.6,-26.92,3589.3,7636.07,-53.0,2101.37,5954.54,-64.71,1026.36,4494.22,-77.16,1.72,7.55,-5.83,64311.86,57109.08,35565.41,30230.82,55.3,52.94,2.36,19.57,35.04,-15.47,11.48,27.22,-15.74,5.54,19.4,-13.86
2524,京城建設股份有限公司,2025,3,合併,502.83,1252.95,-59.87,264.37,652.63,-59.49,169.2,531.12,-68.14,78.03,389.66,-79.97,0.21,1.05,-0.84,3272.39,3440.0,-4.87,1479.69,1700.57,-12.99,1087.31,1328.99,-18.19,636.44,940.22,-32.31,1.73,2.55,-0.82,39833.86,39013.76,18800.28,20345.52,47.2,52.15,-4.95,52.58,52.09,0.49,33.65,42.39,-8.74,15.52,31.1,-15.58
2527,宏璟建設股份有限公司,2025,3,合併,279.32,690.3,-59.54,138.07,277.8,-50.3,63.42,171.77,-63.08,358.74,330.28,8.62,1.37,1.26,0.11,460.5,1578.01,-70.82,197.69,614.11,-67.81,-7.08,337.26,-102.1,156.55,349.82,-55.25,0.6,1.34,-0.74,28050.57,30441.39,14467.04,17976.66,51.57,59.05,-7.48,49.43,40.24,9.19,22.7,24.88,-2.18,128.43,47.85,80.58
2530,大華建設股份有限公司,2025,3,合併,2559.84,2000.41,27.97,984.85,807.9,21.9,811.75,664.13,22.23,684.11,528.23,29.51,0.82,0.63,0.19,6198.44,4558.13,35.99,2550.98,1906.46,33.81,2170.63,1583.58,37.07,1736.22,1239.51,40.07,2.07,1.48,0.59,31746.2,27934.61,20818.31,17114.17,65.58,61.27,4.31,38.47,40.39,-1.92,31.71,33.2,-1.49,26.72,26.41,0.31
2534,宏盛建設股份有限公司,2025,3,合併,296.44,307.77,-3.68,180.19,176.64,2.01,63.14,65.76,-3.98,14.77,10.38,42.29,0.03,0.02,0.01,4386.02,970.66,351.86,1688.43,534.92,215.64,1035.43,157.64,556.83,877.36,-0.88,99800.0,1.85,0.0,1.85,31484.8,33223.48,16545.19,18973.63,52.55,57.11,-4.56,60.78,57.4,3.38,21.3,21.37,-0.07,4.98,3.37,1.61
2535,達欣工程股份有限公司,2025,3,合併,5545.86,3491.87,58.82,497.1,432.49,14.94,339.62,293.05,15.89,457.93,238.85,91.72,1.76,0.92,0.84,16516.27,11183.92,47.68,1809.08,1063.99,70.03,1263.82,627.68,101.35,1136.76,910.29,24.88,4.37,3.5,0.87,28829.49,25801.9,18871.49,16199.11,65.46,62.78,2.68,8.96,12.39,-3.43,6.12,8.39,-2.27,8.26,6.84,1.42
2536,宏普建設股份有限公司,2025,3,合併,532.98,73.81,622.1,146.07,31.93,357.47,87.48,-0.48,18325.0,-55.84,7.07,-889.82,-0.17,0.02,-0.19,4211.43,598.18,604.04,1013.47,174.03,482.35,704.22,64.21,996.75,355.99,33.12,974.85,1.07,0.1,0.97,44353.02,43229.5,31475.41,31001.28,70.97,71.71,-0.74,27.41,43.26,-15.85,16.41,-0.65,17.06,-10.48,9.58,-20.06
2538,基泰建設股份有限公司,2025,3,合併,63.88,216.71,-70.52,55.56,100.98,-44.98,-14.5,64.14,-122.61,368.59,-48.61,858.26,0.83,-0.11,0.94,207.43,853.34,-75.69,160.62,256.67,-37.42,-8.03,81.1,-109.9,248.09,111.79,121.93,0.56,0.25,0.31,17721.39,18412.36,11908.93,12599.32,67.2,68.43,-1.23,86.97,46.6,40.37,-22.69,29.6,-52.29,576.95,-22.43,599.38
2539,櫻花建設股份有限公司,2025,3,合併,2937.79,7.93,36946.53,1228.33,7.84,15567.47,1062.5,-145.43,830.59,865.95,-139.92,718.89,0.73,-0.12,0.85,9912.57,1783.05,455.93,3990.16,959.85,315.71,3441.88,480.57,616.21,2788.09,328.77,748.04,2.34,0.28,2.06,32839.46,31469.82,16265.36,19688.65,49.53,62.56,-13.03,41.81,98.86,-57.05,36.17,-1834.12,1870.29,29.48,-1764.62,1794.1
2540,愛山林建設開發股份有限公司,2025,3,合併,2749.21,2551.28,7.76,305.21,885.87,-65.55,32.81,595.64,-94.49,-36.67,453.28,-108.09,-0.04,0.52,-0.56,9452.1,7502.41,25.99,1954.04,3133.53,-37.64,929.84,2239.08,-58.47,630.27,1602.94,-60.68,0.68,1.86,-1.18,57040.93,45813.52,40628.05,33857.64,71.23,73.9,-2.67,11.1,34.72,-23.62,1.19,23.35,-22.16,-1.33,17.77,-19.1
2542,興富發建設股份有限公司,2025,3,合併,8448.73,9498.32,-11.05,2302.18,3482.72,-33.9,1576.85,2677.34,-41.1,1520.74,1789.77,-15.03,0.72,0.85,-0.13,14371.99,24738.03,-41.9,3717.33,8621.0,-56.88,1862.97,6049.17,-69.2,2010.09,3053.27,-34.17,0.95,1.45,-0.5,265097.42,241687.45,205910.73,180650.25,77.67,74.75,2.92,27.25,36.67,-9.42,18.66,28.19,-9.53,18.0,18.84,-0.84
2543,皇昌營造股份有限公司,2025,3,合併,3183.63,2934.73,8.48,642.3,494.25,29.95,507.01,399.84,26.8,376.94,318.33,18.41,0.71,0.65,0.06,8186.17,9225.57,-11.27,1594.25,2000.05,-20.29,1222.26,1710.49,-28.54,1015.18,1321.67,-23.19,1.93,3.04,-1.11,19470.0,16360.52,9413.24,9843.85,48.35,60.17,-11.82,20.18,16.84,3.34,15.93,13.62,2.31,11.84,10.85,0.99
2545,皇翔建設股份有限公司,2025,3,合併,574.51,4447.12,-87.08,140.41,1839.32,-92.37,-25.03,1455.97,-101.72,-202.43,1081.58,-118.72,-0.53,3.3,-3.83,5682.69,10165.47,-44.1,2374.91,4275.35,-44.45,1635.31,3241.84,-49.56,891.03,2482.92,-64.11,2.58,7.58,-5.0,60288.11,53659.69,45140.7,40448.33,74.87,75.38,-0.51,24.44,41.36,-16.92,-4.36,32.74,-37.1,-35.24,24.32,-59.56
2546,根基營造股份有限公司,2025,3,合併,6417.1,3396.97,88.91,534.26,310.38,72.13,440.25,225.29,95.41,408.6,228.6,78.74,3.13,1.75,1.38,15698.31,9907.64,58.45,1278.43,757.97,68.66,995.03,515.93,92.86,859.92,484.83,77.37,6.59,3.71,2.88,14835.71,12305.23,9159.26,7383.82,61.74,60.01,1.73,8.33,9.14,-0.81,6.86,6.63,0.23,6.37,6.73,-0.36
2547,日勝生活科技股份有限公司,2025,3,合併,1494.63,1770.81,-15.6,773.84,691.38,11.93,321.0,243.1,32.04,31.11,-63.52,148.98,0.03,-0.07,0.1,4198.03,4949.41,-15.18,2179.37,1979.85,10.08,785.71,631.09,24.5,2822.69,-247.41,1240.9,2.78,-0.26,3.04,61617.71,60393.9,46334.17,48371.7,75.2,80.09,-4.89,51.77,39.04,12.73,21.48,13.73,7.75,2.08,-3.59,5.67
2548,華固建設股份有限公司,2025,3,合併,2835.27,5423.46,-47.72,708.38,1950.88,-63.69,455.88,1656.26,-72.48,350.22,1314.72,-73.36,1.1,4.11,-3.01,4863.27,7166.53,-32.14,1373.74,2519.63,-45.48,765.11,2013.84,-62.01,582.01,1523.94,-61.81,1.82,4.77,-2.95,55731.78,52368.2,35974.42,32106.97,64.55,61.31,3.24,24.98,35.97,-10.99,16.08,30.54,-14.46,12.35,24.24,-11.89
2597,潤弘精密工程事業股份有限公司,2025,3,合併,8086.86,6881.19,17.52,1410.67,1087.12,29.76,1078.7,791.47,36.29,957.43,717.29,33.48,3.08,2.31,0.77,22061.71,19018.42,16.0,3711.81,3065.72,21.07,2803.95,2211.12,26.81,2252.64,1743.93,29.17,7.25,5.61,1.64,24667.1,22087.47,14927.51,12008.34,60.52,54.37,6.15,17.44,15.8,1.64,13.34,11.5,1.84,11.84,10.42,1.42
2601,益航股份有限公司,2025,3,合併,980.55,1111.18,-11.76,589.22,707.86,-16.76,-66.3,-84.39,21.44,-71.48,-58.12,-22.99,-0.09,-0.07,-0.02,3147.02,3600.92,-12.61,1918.64,2317.46,-17.21,-160.54,10.36,-1649.61,-278.29,-122.04,-128.03,-0.34,-0.15,-0.19,30674.01,35133.43,20681.24,24035.91,67.42,68.41,-0.99,60.09,63.7,-3.61,-6.76,-7.59,0.83,-7.29,-5.23,-2.06
2603,長榮海運股份有限公司,2025,3,合併,96920.53,152788.92,-36.57,25341.38,80369.23,-68.47,22031.46,77157.38,-71.45,21746.22,61913.18,-64.88,10.04,28.75,-18.71,293375.09,347756.19,-15.64,77326.44,135200.72,-42.81,65795.36,125489.21,-47.57,60062.31,108754.31,-44.77,27.74,50.68,-22.94,847147.57,861414.86,284907.03,297446.56,33.63,34.53,-0.9,26.15,52.6,-26.45,22.73,50.5,-27.77,22.44,40.52,-18.08
2605,新興航運股份有限公司,2025,3,合併,997.28,1100.46,-9.38,247.08,307.08,-19.54,141.93,219.44,-35.32,155.18,244.32,-36.48,0.27,0.42,-0.15,3025.48,3388.39,-10.71,513.46,1101.28,-53.38,276.42,810.51,-65.9,284.94,1299.25,-78.07,0.49,2.22,-1.73,20784.88,21303.74,4539.55,3991.73,21.84,18.74,3.1,24.78,27.9,-3.12,14.23,19.94,-5.71,15.56,22.2,-6.64
2606,裕民航運股份有限公司,2025,3,合併,4293.73,4468.68,-3.92,1516.41,1763.25,-14.0,1293.7,1587.86,-18.53,1452.46,1556.22,-6.67,1.72,1.84,-0.12,11344.52,12477.66,-9.08,2990.87,4095.43,-26.97,2416.65,3495.42,-30.86,2328.58,3758.1,-38.04,2.76,4.45,-1.69,82340.7,85488.63,46896.89,46809.46,56.95,54.76,2.19,35.32,39.46,-4.14,30.13,35.53,-5.4,33.83,34.83,-1.0
2607,長榮國際儲運股份有限公司,2025,3,合併,4153.16,6461.18,-35.72,945.72,1199.23,-21.14,552.21,813.82,-32.15,814.67,751.82,8.36,1.38,0.71,0.67,12985.17,16167.92,-19.69,2940.25,3220.8,-8.71,1778.46,2038.82,-12.77,2463.52,2057.86,19.71,2.72,1.93,0.79,45323.96,46457.04,15384.74,12152.51,33.94,26.16,7.78,22.77,18.56,4.21,13.3,12.6,0.7,19.62,11.64,7.98
2608,嘉里大榮物流股份有限公司,2025,3,合併,3312.36,3238.65,2.28,634.88,594.48,6.8,440.99,397.66,10.9,251.92,266.2,-5.36,0.54,0.57,-0.03,9631.53,9325.28,3.28,1774.21,1735.33,2.24,1173.99,1190.66,-1.4,724.86,793.14,-8.61,1.55,1.7,-0.15,24848.24,24283.77,11917.98,11643.02,47.96,47.95,0.01,19.17,18.36,0.81,13.31,12.28,1.03,7.61,8.22,-0.61
2609,陽明海運股份有限公司,2025,3,合併,42092.05,72838.39,-42.21,6692.41,34613.87,-80.67,4414.39,32309.11,-86.34,6048.84,28367.12,-78.68,1.73,8.12,-6.39,126265.47,169229.04,-25.39,22288.94,61329.47,-63.66,15533.94,54329.66,-71.41,14810.0,51633.64,-71.32,4.24,14.79,-10.55,448859.63,432535.9,127833.05,107665.0,28.48,24.89,3.59,15.9,47.52,-31.62,10.49,44.36,-33.87,14.37,38.95,-24.58
2610,中華航空股份有限公司,2025,3,合併,50872.12,52015.09,-2.2,8239.46,9214.91,-10.59,4296.56,5278.14,-18.6,2955.63,3828.1,-22.79,0.49,0.63,-0.14,154976.71,150928.52,2.68,27441.71,24749.22,10.88,15764.68,13345.88,18.12,10996.73,10373.68,6.01,1.81,1.71,0.1,337940.69,310998.3,238915.23,224489.82,70.7,72.18,-1.48,16.2,17.72,-1.52,8.45,10.15,-1.7,5.81,7.36,-1.55
2611,志信國際股份有限公司,2025,3,合併,156.51,169.94,-7.9,40.39,36.94,9.34,-11.86,-23.88,50.34,138.74,60.99,127.48,0.73,0.32,0.41,495.5,502.78,-1.45,147.18,132.89,10.75,1.66,-22.66,107.33,72.8,346.9,-79.01,0.39,1.84,-1.45,4134.02,4494.08,1274.69,1243.59,30.83,27.67,3.16,25.81,21.74,4.07,-7.58,-14.05,6.47,88.64,35.89,52.75
2612,中國航運股份有限公司,2025,3,合併,1184.19,1221.16,-3.03,396.28,313.01,26.6,274.34,198.95,37.89,229.26,117.34,95.38,1.16,0.59,0.57,3631.94,3364.4,7.95,1170.91,812.54,44.1,797.69,464.16,71.86,831.39,428.8,93.89,4.21,2.17,2.04,25384.52,26813.18,12558.16,14099.7,49.47,52.58,-3.11,33.46,25.63,7.83,23.17,16.29,6.88,19.36,9.61,9.75
2613,中國貨櫃運輸股份有限公司,2025,3,合併,877.39,849.13,3.33,159.97,153.34,4.32,101.43,96.34,5.28,49.13,49.26,-0.26,0.36,0.36,0.0,2518.69,2451.92,2.72,431.87,406.38,6.27,266.17,248.31,7.19,116.6,116.36,0.21,0.85,0.85,0.0,9702.84,10006.41,6447.19,6747.74,66.45,67.43,-0.98,18.23,18.06,0.17,11.56,11.35,0.21,5.6,5.8,-0.2
2614,東森國際股份有限公司,2025,3,合併,1375.08,1391.84,-1.2,485.27,454.07,6.87,158.28,91.41,73.15,210.09,60.55,246.97,0.64,0.19,0.45,4039.41,4253.58,-5.04,1350.49,1371.54,-1.53,335.88,261.24,28.57,463.96,193.79,139.41,1.42,0.59,0.83,19649.31,18655.72,13849.38,13761.35,70.48,73.76,-3.28,35.29,32.62,2.67,11.51,6.57,4.94,15.28,4.35,10.93
2615,萬海航運股份有限公司,2025,3,合併,35028.68,54493.1,-35.72,10733.99,26606.68,-59.66,8983.03,24376.44,-63.15,11638.96,18430.55,-36.85,4.15,6.57,-2.42,106971.58,120273.08,-11.06,31530.55,42429.33,-25.69,26892.3,37479.28,-28.25,21447.78,34622.66,-38.05,7.64,12.34,-4.7,395873.75,389709.77,137411.77,147863.81,34.71,37.94,-3.23,30.64,48.83,-18.19,25.64,44.73,-19.09,33.23,33.82,-0.59
2616,山隆通運股份有限公司,2025,3,合併,2065.76,2172.38,-4.91,138.65,121.78,13.85,-203.72,-241.31,15.58,-199.93,-236.02,15.29,-1.47,-1.74,0.27,6067.38,8752.2,-30.68,407.37,664.59,-38.7,-586.76,-290.79,-101.78,-599.63,-234.8,-155.38,-4.41,-1.73,-2.68,8356.25,9362.54,5215.67,4825.51,62.42,51.54,10.88,6.71,5.61,1.1,-9.86,-11.11,1.25,-9.68,-10.86,1.18
2617,台灣航業股份有限公司,2025,3,合併,1080.15,1152.63,-6.29,456.37,490.83,-7.02,399.82,428.09,-6.6,564.82,399.63,41.34,1.35,0.96,0.39,3124.89,3306.11,-5.48,1251.68,1371.43,-8.73,1103.36,1226.62,-10.05,985.51,979.35,0.63,2.36,2.35,0.01,25580.03,26909.52,8600.54,9645.98,33.62,35.85,-2.23,42.25,42.58,-0.33,37.02,37.14,-0.12,52.29,34.67,17.62
2618,長榮航空股份有限公司,2025,3,合併,52435.29,57160.04,-8.27,11872.57,15653.85,-24.16,7936.96,12283.8,-35.39,5875.92,8984.59,-34.6,1.09,1.66,-0.57,162686.68,164449.4,-1.07,38431.32,39675.06,-3.13,26704.71,29006.61,-7.94,18497.92,21485.21,-13.9,3.43,3.98,-0.55,350659.88,330671.58,210306.35,205680.33,59.97,62.2,-2.23,22.64,27.39,-4.75,15.14,21.49,-6.35,11.21,15.72,-4.51
2630,亞洲航空股份有限公司,2025,3,合併,1459.16,1402.19,4.06,164.58,116.57,41.19,99.72,49.2,102.68,71.18,32.42,119.56,0.34,0.15,0.19,4102.67,3927.59,4.46,451.25,354.61,27.25,261.76,160.83,62.76,185.52,112.87,64.37,0.89,0.54,0.35,6293.15,6460.11,2771.55,3022.4,44.04,46.79,-2.75,11.28,8.31,2.97,6.83,3.51,3.32,4.88,2.31,2.57
2634,漢翔航空工業股份有限公司,2025,3,合併,8814.66,8638.85,2.04,462.93,725.09,-36.16,165.65,428.85,-61.37,193.08,245.28,-21.28,0.21,0.26,-0.05,24493.02,28016.86,-12.58,1575.72,2768.77,-43.09,674.25,1819.63,-62.95,206.96,1620.18,-87.23,0.22,1.72,-1.5,51536.99,49739.29,34533.07,32312.23,67.01,64.96,2.05,5.25,8.39,-3.14,1.88,4.96,-3.08,2.19,2.84,-0.65
2636,台驊國際控股股份有限公司,2025,3,合併,4799.8,7624.73,-37.05,776.97,1100.63,-29.41,117.62,374.82,-68.62,173.63,314.09,-44.72,1.27,2.29,-1.02,16043.19,19117.31,-16.08,2577.61,2902.57,-11.2,573.23,901.39,-36.41,795.37,960.89,-17.23,5.81,7.02,-1.21,21013.74,20352.99,11671.09,10643.1,55.54,52.29,3.25,16.19,14.44,1.75,2.45,4.92,-2.47,3.62,4.12,-0.5
2637,慧洋海運股份有限公司,2025,3,合併,4489.21,5485.94,-18.17,1378.24,2012.64,-31.52,1330.22,1967.68,-32.4,1537.64,1559.49,-1.4,2.06,2.09,-0.03,11804.93,15710.26,-24.86,2302.45,5647.3,-59.23,2172.2,5516.01,-60.62,1822.77,4760.25,-61.71,2.44,6.38,-3.94,78570.51,89604.0,33430.08,41319.03,42.55,46.11,-3.56,30.7,36.69,-5.99,29.63,35.87,-6.24,34.25,28.43,5.82
2642,台灣宅配通股份有限公司,2025,3,合併,944.3,1018.22,-7.26,78.34,88.55,-11.53,-21.58,-10.46,-106.31,-24.13,0.45,-5462.22,-0.25,0.0,-0.25,2896.35,3043.1,-4.82,208.67,318.15,-34.41,-98.97,5.5,-1899.45,-60.94,28.32,-315.18,-0.64,0.3,-0.94,4181.16,4288.97,2003.34,2172.77,47.91,50.66,-2.75,8.3,8.7,-0.4,-2.29,-1.03,-1.26,-2.56,0.04,-2.6
2702,華園飯店股份有限公司,2025,3,合併,339.08,379.14,-10.57,292.6,333.96,-12.38,13.66,34.35,-60.23,38.02,-29.99,226.78,0.24,-0.19,0.43,1044.12,1085.32,-3.8,901.02,933.85,-3.52,71.95,66.27,8.57,-95.22,51.03,-286.6,-0.61,0.33,-0.94,6507.01,8152.84,3372.49,4864.83,51.83,59.67,-7.84,86.29,88.08,-1.79,4.03,9.06,-5.03,11.21,-7.91,19.12
2704,國賓大飯店股份有限公司,2025,3,合併,312.63,327.64,-4.58,68.53,89.41,-23.35,-50.06,-12.32,-306.33,510.87,-333.41,253.23,1.39,-0.91,2.3,994.9,976.9,1.84,285.0,277.36,2.75,-16.72,-5.78,-189.27,357.18,1233.4,-71.04,0.97,3.36,-2.39,34384.69,37053.51,7735.92,6523.46,22.5,17.61,4.89,21.92,27.29,-5.37,-16.01,-3.76,-12.25,163.41,-101.76,265.17
2705,六福開發股份有限公司,2025,3,合併,565.96,628.77,-9.99,172.17,228.28,-24.58,18.86,75.55,-75.04,-23.83,28.31,-184.18,-0.13,0.15,-0.28,1620.73,1631.29,-0.65,483.87,513.33,-5.74,38.47,55.47,-30.65,-85.82,-20.48,-319.04,-0.45,-0.11,-0.34,15483.19,15442.03,10711.44,10687.79,69.18,69.21,-0.03,30.42,36.31,-5.89,3.33,12.02,-8.69,-4.21,4.5,-8.71
2707,晶華國際酒店股份有限公司,2025,3,合併,1570.28,1447.35,8.49,464.71,405.64,14.56,338.3,280.26,20.71,296.57,221.81,33.7,2.33,1.74,0.59,5005.19,4582.5,9.22,1598.26,1439.55,11.02,1214.53,1065.42,14.0,1010.3,941.99,7.25,7.93,7.39,0.54,9275.55,10279.57,5426.73,5896.31,58.51,57.36,1.15,29.59,28.03,1.56,21.54,19.36,2.18,18.89,15.33,3.56
2722,夏都國際開發股份有限公司,2025,3,合併,167.5,189.77,-11.74,63.84,85.64,-25.46,-12.47,12.89,-196.74,-8.11,13.66,-159.37,-0.06,0.11,-0.17,454.81,511.84,-11.14,150.72,201.16,-25.07,-57.37,-4.33,-1224.94,-46.89,38.64,-221.35,-0.33,0.32,-0.65,3589.22,3653.73,930.14,1445.81,25.91,39.57,-13.66,38.11,45.13,-7.02,-7.44,6.79,-14.23,-4.84,7.2,-12.04
2723,開曼美食達人股份有限公司,2025,3,合併,4319.12,4732.76,-8.74,2549.13,2767.8,-7.9,-262.24,222.09,-218.08,-1090.98,151.8,-818.7,-6.06,0.84,-6.9,13772.61,14062.09,-2.06,8182.97,8332.49,-1.79,331.4,789.38,-58.02,-761.98,389.42,-295.67,-4.23,2.16,-6.39,17515.68,19416.82,8002.58,8409.83,45.69,43.31,2.38,59.02,58.48,0.54,-6.07,4.69,-10.76,-25.26,3.21,-28.47
2727,王品餐飲股份有限公司,2025,3,合併,5888.7,5752.95,2.36,2796.91,2731.18,2.41,455.44,487.15,-6.51,342.39,362.76,-5.62,4.13,4.4,-0.27,17323.18,16764.72,3.33,8245.15,7964.04,3.53,1378.35,1295.66,6.38,995.17,1023.15,-2.73,12.01,12.41,-0.4,15598.98,15288.32,10889.97,10618.02,69.81,69.45,0.36,47.5,47.47,0.03,7.73,8.47,-0.74,5.81,6.31,-0.5
2731,雄獅旅行社股份有限公司,2025,3,合併,7407.78,8078.22,-8.3,1265.05,861.2,46.89,467.16,149.59,212.29,447.5,83.39,436.64,4.8,0.89,3.91,22401.22,21551.67,3.94,3765.01,3007.97,25.17,1383.93,869.36,59.19,1241.55,703.03,76.6,13.31,7.54,5.77,12884.49,10427.97,8018.17,6539.44,62.23,62.71,-0.48,17.08,10.66,6.42,6.31,1.85,4.46,6.04,1.03,5.01
2739,寒舍餐旅管理顧問股份有限公司,2025,3,合併,1089.13,1126.98,-3.36,376.67,393.23,-4.21,22.64,-54.38,141.63,-4.7,-88.98,94.72,-0.05,-0.97,0.92,3687.22,3632.28,1.51,1408.21,1371.46,2.68,218.92,570.32,-61.61,92.2,429.67,-78.54,1.01,4.69,-3.68,11748.63,12913.38,10248.02,11401.69,87.23,88.29,-1.06,34.58,34.89,-0.31,2.08,-4.83,6.91,-0.43,-7.9,7.47
2748,雲品國際酒店股份有限公司及子公司,2025,3,合併,493.43,519.63,-5.04,126.71,157.23,-19.41,13.11,41.51,-68.42,35.95,27.26,31.88,0.34,0.26,0.08,1741.35,1755.61,-0.81,525.66,563.85,-6.77,168.82,215.59,-21.69,117.34,205.25,-42.83,1.11,1.94,-0.83,4730.7,4770.39,1837.65,1918.41,38.85,40.21,-1.36,25.68,30.26,-4.58,2.66,7.99,-5.33,7.29,5.25,2.04
2753,八方雲集國際股份有限公司,2025,3,合併,2202.43,2050.55,7.41,796.17,703.57,13.16,281.38,186.08,51.21,235.13,144.99,62.17,3.53,2.18,1.35,6487.54,5892.07,10.11,2322.98,2056.09,12.98,763.53,524.97,45.44,622.67,441.49,41.04,9.34,6.64,2.7,7135.13,6266.91,3397.0,2757.24,47.61,44.0,3.61,36.15,34.31,1.84,12.78,9.07,3.71,10.68,7.07,3.61
2762,世界健身股份有限公司,2025,3,合併,2823.81,2475.36,14.08,471.88,377.0,25.17,173.47,98.72,75.72,113.18,63.06,79.48,1.04,0.57,0.47,8105.5,7275.13,11.41,1300.91,1193.33,9.02,410.35,416.26,-1.42,242.19,291.28,-16.85,2.22,2.64,-0.42,18705.0,17410.01,15883.96,14010.85,84.92,80.48,4.44,16.71,15.23,1.48,6.14,3.99,2.15,4.01,2.55,1.46
2903,遠東百貨股份有限公司,2025,3,合併,7622.4,7690.49,-0.89,4570.12,4483.6,1.93,640.26,550.51,16.3,695.55,429.0,62.13,0.49,0.3,0.19,23632.79,24359.99,-2.99,14006.98,14124.33,-0.83,2731.97,2726.53,0.2,1571.7,1546.84,1.61,1.12,1.1,0.02,134435.98,137571.19,98726.13,100306.75,73.44,72.91,0.53,59.96,58.3,1.66,8.4,7.16,1.24,9.13,5.58,3.55
2904,匯僑股份有限公司,2025,3,合併,122.37,124.81,-1.95,39.73,46.54,-14.63,22.03,30.19,-27.03,30.58,21.58,41.71,0.39,0.28,0.11,375.41,366.73,2.37,131.08,132.9,-1.37,78.31,83.42,-6.13,78.07,73.45,6.29,1.0,0.94,0.06,1818.43,1924.7,543.43,678.44,29.88,35.25,-5.37,32.47,37.28,-4.81,18.0,24.19,-6.19,24.99,17.29,7.7
2906,高林實業股份有限公司,2025,3,合併,2143.4,2271.98,-5.66,616.33,661.95,-6.89,79.99,100.66,-20.53,-7.17,7.72,-192.88,-0.03,0.04,-0.07,6426.59,6628.59,-3.05,1864.92,1942.17,-3.98,241.79,334.24,-27.66,20.34,48.0,-57.63,0.1,0.23,-0.13,13004.92,12737.72,6474.31,6007.15,49.78,47.16,2.62,28.76,29.14,-0.38,3.73,4.43,-0.7,-0.33,0.34,-0.67
2908,特力股份有限公司,2025,3,合併,8416.73,8871.56,-5.13,2008.3,2295.42,-12.51,0.07,144.14,-99.95,30.95,74.43,-58.42,0.06,0.15,-0.09,25403.75,27816.76,-8.67,6279.02,7063.4,-11.1,97.06,563.47,-82.77,34.31,301.07,-88.6,0.07,0.6,-0.53,37126.27,37424.24,29268.92,30020.21,78.84,80.22,-1.38,23.86,25.87,-2.01,0.0,1.62,-1.62,0.37,0.84,-0.47
2910,統領百貨股份有限公司,2025,3,合併,131.32,125.78,4.4,114.9,100.75,14.04,70.61,54.01,30.74,84.98,38.52,120.61,0.49,0.22,0.27,388.62,458.12,-15.17,343.31,305.23,12.48,211.92,158.97,33.31,157.59,145.09,8.62,0.9,0.83,0.07,6194.13,5864.08,3484.81,3189.44,56.26,54.39,1.87,87.5,80.1,7.4,53.77,42.94,10.83,64.72,30.63,34.09
2911,麗嬰房股份有限公司,2025,3,合併,527.84,589.13,-10.4,160.91,214.84,-25.1,-172.38,-139.71,-23.38,-158.21,-142.44,-11.07,-1.5,-1.35,-0.15,1728.99,1990.8,-13.15,640.78,802.9,-20.19,-374.52,-338.38,-10.68,-367.29,-312.52,-17.53,-3.49,-2.97,-0.52,3103.16,3606.34,2855.64,3000.4,92.02,83.2,8.82,30.49,36.47,-5.98,-32.66,-23.71,-8.95,-29.97,-24.18,-5.79
2912,統一超商股份有限公司,2025,3,合併,88929.01,87881.0,1.19,31132.95,29933.89,4.01,3786.56,3695.64,2.46,2963.16,2985.21,-0.74,2.85,2.87,-0.02,260950.03,251792.83,3.64,89949.04,85802.9,4.83,11281.47,11016.64,2.4,8901.37,9285.6,-4.14,8.56,8.93,-0.37,285115.28,268620.22,235973.7,220639.79,82.76,82.14,0.62,35.01,34.06,0.95,4.26,4.21,0.05,3.33,3.4,-0.07
2915,潤泰全球股份有限公司,2025,3,合併,666.3,704.91,-5.48,311.44,223.44,39.38,106.75,19.11,458.61,2813.33,3334.97,-15.64,2.7,3.2,-0.5,1946.56,2049.8,-5.04,755.01,687.15,9.88,128.0,66.4,92.77,7004.21,11606.7,-39.65,6.71,11.12,-4.41,115425.53,121757.72,14001.32,12303.51,12.13,10.1,2.03,46.74,31.7,15.04,16.02,2.71,13.31,422.23,473.1,-50.87
2923,鼎固控股有限公司,2025,3,合併,861.36,2697.27,-68.07,404.69,1592.78,-74.59,277.01,1417.4,-80.46,247.93,44.12,461.94,0.14,0.03,0.11,2441.67,7635.1,-68.02,1035.26,4375.5,-76.34,-428.42,3764.39,-111.38,-776.21,253.51,-406.19,-0.45,0.15,-0.6,119120.8,134665.04,69390.01,82546.42,58.25,61.3,-3.05,46.98,59.05,-12.07,32.16,52.55,-20.39,28.78,1.64,27.14
2929,淘帝國際控股有限公司,2025,3,合併,387.14,458.86,-15.63,64.91,77.74,-16.5,-15.65,-7.81,-100.38,-11.88,-1.5,-692.0,-0.11,-0.01,-0.1,1195.46,1308.29,-8.62,195.64,215.37,-9.16,-43.67,-50.62,13.73,-32.82,-32.59,-0.71,-0.3,-0.3,0.0,3452.94,3707.55,701.05,812.56,20.3,21.92,-1.62,16.77,16.94,-0.17,-4.04,-1.7,-2.34,-3.07,-0.33,-2.74
2939,永邑國際集團股份有限公司,2025,3,合併,63.41,63.6,-0.3,2.06,-5.0,141.2,-45.51,-39.3,-15.8,-21.87,-46.09,52.55,-0.48,-1.01,0.53,221.68,189.41,17.04,19.7,22.94,-14.12,-121.86,-76.31,-59.69,-145.85,-116.37,-25.33,-3.2,-2.55,-0.65,831.43,1028.85,250.11,279.37,30.08,27.15,2.93,3.25,-7.86,11.11,-71.78,-61.8,-9.98,-34.5,-72.46,37.96
2945,三商家購股份有限公司,2025,3,合併,3855.92,3751.25,2.79,1050.39,1015.73,3.41,44.74,55.59,-19.52,39.17,42.88,-8.65,0.58,0.64,-0.06,10969.16,10599.89,3.48,2994.07,2861.61,4.63,123.2,126.96,-2.96,97.33,98.96,-1.65,1.44,1.47,-0.03,6256.09,6359.8,4233.62,4424.15,67.67,69.56,-1.89,27.24,27.08,0.16,1.16,1.48,-0.32,1.02,1.14,-0.12
3002,歐格電子股份有限公司,2025,3,合併,207.14,146.58,41.32,41.08,27.9,47.24,0.47,-10.66,104.41,18.45,1.5,1130.0,0.18,0.02,0.16,534.39,466.05,14.66,99.75,99.25,0.5,-26.26,-19.18,-36.91,48.09,8.77,448.35,0.48,0.09,0.39,1908.5,1912.91,558.21,469.95,29.25,24.57,4.68,19.83,19.03,0.8,0.23,-7.27,7.5,8.91,1.02,7.89
3003,健和興端子股份有限公司,2025,3,合併,1038.39,1168.97,-11.17,206.34,352.75,-41.51,41.17,177.75,-76.84,82.66,124.26,-33.48,0.53,0.8,-0.27,3225.99,3355.69,-3.87,725.41,973.42,-25.48,219.35,483.18,-54.6,77.14,455.58,-83.07,0.5,2.93,-2.43,7962.64,8338.54,1553.49,1751.43,19.51,21.0,-1.49,19.87,30.18,-10.31,3.96,15.21,-11.25,7.96,10.63,-2.67
3004,豐達科技股份有限公司,2025,3,合併,989.82,868.21,14.01,204.25,227.87,-10.37,84.25,106.61,-20.97,70.13,71.4,-1.78,1.25,1.31,-0.06,2913.09,2569.59,13.37,713.07,707.26,0.82,363.75,341.56,6.5,245.4,269.72,-9.02,4.4,4.95,-0.55,7409.04,6008.68,4598.8,3424.26,62.07,56.99,5.08,20.64,26.25,-5.61,8.51,12.28,-3.77,7.08,8.22,-1.14
3005,神基控股股份有限公司,2025,3,合併,9773.39,9136.06,6.98,3082.78,2926.92,5.33,1526.88,1361.68,12.13,1312.91,1134.9,15.69,2.12,1.85,0.27,29134.54,26495.22,9.96,9347.1,8410.09,11.14,4715.44,3910.66,20.58,3942.77,3393.69,16.18,6.36,5.55,0.81,47178.4,42554.93,20468.16,17506.99,43.38,41.14,2.24,31.54,32.04,-0.5,15.62,14.9,0.72,13.43,12.42,1.01
3006,晶豪科技股份有限公司,2025,3,合併,3577.11,3412.51,4.82,462.01,553.75,-16.57,-82.38,40.91,-301.37,13.54,208.02,-93.49,0.05,0.74,-0.69,9768.47,10330.32,-5.44,931.81,1305.8,-28.64,-628.98,-229.72,-173.8,-789.59,396.23,-299.28,-2.81,1.41,-4.22,16961.94,18333.47,7818.99,8159.2,46.1,44.5,1.6,12.92,16.23,-3.31,-2.3,1.2,-3.5,0.38,6.1,-5.72
3008,大立光電股份有限公司,2025,3,合併,17677.39,18949.14,-6.71,8352.34,9563.2,-12.66,6264.51,7800.8,-19.69,7080.27,6629.78,6.79,53.05,49.67,3.38,43929.25,41247.57,6.5,22576.88,20450.55,10.4,17229.67,15651.57,10.08,14555.71,17239.06,-15.57,109.06,129.16,-20.1,212155.95,201811.44,28464.84,27532.4,13.42,13.64,-0.22,47.25,50.47,-3.22,35.44,41.17,-5.73,40.05,34.99,5.06
3010,華立企業股份有限公司,2025,3,合併,19335.65,21412.94,-9.7,1597.53,1621.68,-1.49,790.23,817.7,-3.36,698.8,712.35,-1.9,2.69,2.75,-0.06,58160.78,59818.25,-2.77,4558.95,4445.94,2.54,2037.33,2066.27,-1.4,1629.21,1726.31,-5.62,6.28,6.87,-0.59,51532.39,52550.55,27260.54,28297.14,52.9,53.85,-0.95,8.26,7.57,0.69,4.09,3.82,0.27,3.61,3.33,0.28
3011,今皓實業股份有限公司,2025,3,合併,166.97,332.95,-49.85,3.62,18.3,-80.22,-89.82,-72.58,-23.75,-93.69,-74.26,-26.16,-0.83,-0.66,-0.17,591.4,879.65,-32.77,22.56,79.57,-71.65,-254.48,-172.12,-47.85,-172.46,-149.91,-15.04,-1.53,-1.33,-0.2,2616.03,2820.17,1257.05,1193.3,48.05,42.31,5.74,2.17,5.5,-3.33,-53.79,-21.8,-31.99,-56.11,-22.3,-33.81
3013,晟銘電子科技股份有限公司,2025,3,合併,2470.25,2663.17,-7.24,480.06,427.62,12.26,252.93,254.56,-0.64,217.26,164.48,32.09,1.06,0.8,0.26,7499.63,6727.28,11.48,1310.16,1040.11,25.96,681.63,554.05,23.03,501.17,433.59,15.59,2.44,2.17,0.27,8601.17,7841.21,3848.06,3767.43,44.74,48.05,-3.31,19.43,16.06,3.37,10.24,9.56,0.68,8.8,6.18,2.62
3014,聯陽半導體股份有限公司,2025,3,合併,1794.38,1863.47,-3.71,952.55,1048.82,-9.18,445.55,572.1,-22.12,392.06,495.84,-20.93,2.43,3.08,-0.65,5440.0,4992.6,8.96,2977.03,2779.61,7.1,1440.65,1453.09,-0.86,1227.78,1295.52,-5.23,7.62,8.04,-0.42,8796.07,8322.23,2162.43,1908.32,24.58,22.93,1.65,53.09,56.28,-3.19,24.83,30.7,-5.87,21.85,26.61,-4.76
3015,全漢企業股份有限公司,2025,3,合併,3494.3,3123.49,11.87,601.69,559.01,7.63,-6.07,38.16,-115.91,220.85,178.88,23.46,1.18,0.96,0.22,10214.87,8728.08,17.03,1775.19,1561.44,13.69,154.88,87.17,77.68,295.91,375.65,-21.23,1.58,2.01,-0.43,19460.23,21748.59,6610.48,5298.78,33.97,24.36,9.61,17.22,17.9,-0.68,-0.17,1.22,-1.39,6.32,5.73,0.59
3016,嘉晶電子股份有限公司,2025,3,合併,975.24,1054.58,-7.52,75.97,107.19,-29.13,5.01,29.71,-83.14,13.76,45.5,-69.76,0.05,0.16,-0.11,2826.9,3132.6,-9.76,180.7,309.29,-41.58,-34.27,71.62,-147.85,-26.06,236.06,-111.04,-0.09,0.82,-0.91,6716.46,7814.03,1829.53,2788.69,27.24,35.69,-8.45,7.79,10.16,-2.37,0.51,2.82,-2.31,1.41,4.31,-2.9
3017,奇鋐科技股份有限公司,2025,3,合併,38936.9,19064.68,104.24,10171.75,4480.25,127.04,8085.31,3107.88,160.16,5339.3,2323.51,129.79,13.67,6.02,7.65,91864.36,50857.23,80.63,23424.15,11646.73,101.12,17540.76,7469.77,134.82,12550.45,5834.78,115.1,32.25,15.18,17.07,139254.04,88099.99,97662.05,57180.76,70.13,64.9,5.23,26.12,23.5,2.62,20.77,16.3,4.47,13.71,12.19,1.52
3018,隆銘綠能科技工程股份有限公司,2025,3,合併,126.45,321.22,-60.63,-30.39,80.1,-137.94,-95.43,53.25,-279.21,-118.02,9.03,-1406.98,-1.58,0.12,-1.7,394.71,625.87,-36.93,-21.32,100.46,-121.22,-135.57,26.65,-608.71,-173.55,-64.08,-170.83,-2.36,-1.05,-1.31,1637.34,1705.48,1071.96,967.53,65.47,56.73,8.74,-24.03,24.94,-48.97,-75.47,16.58,-92.05,-93.33,2.81,-96.14
3019,亞洲光學股份有限公司,2025,3,合併,7152.52,6827.8,4.76,1573.94,1471.61,6.95,877.75,759.63,15.55,520.44,684.71,-23.99,1.86,2.46,-0.6,19469.4,16730.46,16.37,3882.19,3111.03,24.79,1858.62,1241.28,49.73,1539.88,1241.64,24.02,5.51,4.45,1.06,26625.53,24781.9,10223.18,8429.67,38.4,34.02,4.38,22.01,21.55,0.46,12.27,11.13,1.14,7.28,10.03,-2.75
3021,鴻名企業股份有限公司,2025,3,合併,883.9,981.64,-9.96,163.72,171.91,-4.76,55.91,73.85,-24.29,41.23,20.43,101.81,0.43,0.21,0.22,2410.18,2594.69,-7.11,393.59,454.86,-13.47,96.0,179.99,-46.66,44.53,63.33,-29.69,0.47,0.66,-0.19,3268.47,3367.14,1680.38,1696.55,51.41,50.39,1.02,18.52,17.51,1.01,6.33,7.52,-1.19,4.66,2.08,2.58
3022,威強電工業電腦股份有限公司,2025,3,合併,1517.55,1867.41,-18.74,500.47,660.64,-24.24,88.19,278.04,-68.28,373.2,294.39,26.77,2.11,1.67,0.44,4953.74,5202.62,-4.78,1660.05,1852.96,-10.41,487.79,715.75,-31.85,442.63,1018.29,-56.53,2.51,5.77,-3.26,14551.27,14463.69,3951.05,3872.74,27.15,26.78,0.37,32.98,35.38,-2.4,5.81,14.89,-9.08,24.59,15.76,8.83
3023,信邦電子股份有限公司,2025,3,合併,7551.4,8429.78,-10.42,1738.54,2038.29,-14.71,629.9,885.62,-28.87,731.94,949.09,-22.88,3.05,3.95,-0.9,23446.16,24771.01,-5.35,5649.81,6240.18,-9.46,2564.02,2745.79,-6.62,2415.39,2796.07,-13.61,10.06,11.65,-1.59,28931.33,28922.95,14057.56,14171.59,48.59,49.0,-0.41,23.02,24.18,-1.16,8.34,10.51,-2.17,9.69,11.26,-1.57
3024,憶聲電子股份有限公司,2025,3,合併,326.33,380.03,-14.13,87.19,108.35,-19.53,19.4,31.2,-37.82,9.33,5.71,63.4,0.03,0.02,0.01,1447.03,1150.02,25.83,353.95,321.53,10.08,137.57,85.99,59.98,90.62,54.62,65.91,0.33,0.2,0.13,4437.94,5681.4,1497.83,2753.46,33.75,48.46,-14.71,26.72,28.51,-1.79,5.94,8.21,-2.27,2.86,1.5,1.36
3025,星通資訊股份有限公司,2025,3,合併,170.55,251.06,-32.07,126.71,180.08,-29.64,60.04,111.38,-46.09,66.93,87.73,-23.71,1.18,1.55,-0.37,349.47,484.15,-27.82,236.61,330.92,-28.5,53.83,142.74,-62.29,66.95,158.3,-57.71,1.18,2.79,-1.61,1082.78,1122.75,328.07,302.83,30.3,26.97,3.33,74.29,71.73,2.56,35.2,44.36,-9.16,39.24,34.95,4.29
3026,禾伸堂企業股份有限公司,2025,3,合併,3432.98,3411.23,0.64,624.58,581.85,7.34,268.12,194.62,37.77,279.9,298.49,-6.23,1.68,1.8,-0.12,10107.07,9590.04,5.39,1935.48,1605.06,20.59,885.23,507.45,74.45,788.36,745.26,5.78,4.75,4.49,0.26,15615.05,15693.16,5570.19,5518.39,35.67,35.16,0.51,18.19,17.06,1.13,7.81,5.71,2.1,8.15,8.75,-0.6
3027,盛達電業股份有限公司,2025,3,合併,395.93,537.79,-26.38,118.37,106.31,11.34,24.78,-3.78,755.56,50.95,-54.47,193.54,0.44,-0.48,0.92,1772.45,1503.34,17.9,345.13,306.44,12.63,26.68,-9.69,375.34,34.92,-40.12,187.04,0.3,-0.35,0.65,3120.65,4049.9,647.72,1587.75,20.76,39.2,-18.44,29.9,19.77,10.13,6.26,-0.7,6.96,12.87,-10.13,23.0
3028,增你強股份有限公司,2025,3,合併,10985.09,9574.24,14.74,710.69,588.07,20.85,308.8,190.0,62.53,186.05,100.62,84.9,0.78,0.43,0.35,30265.63,27768.49,8.99,2171.67,1620.62,34.0,944.53,471.42,100.36,474.12,280.97,68.74,2.0,1.2,0.8,21388.09,20961.78,15514.24,15086.99,72.54,71.97,0.57,6.47,6.14,0.33,2.81,1.98,0.83,1.69,1.05,0.64
3029,零壹科技股份有限公司,2025,3,合併,6450.5,4952.12,30.26,776.02,608.74,27.48,387.1,282.38,37.08,284.9,214.97,32.53,1.71,1.33,0.38,19355.26,13285.93,45.68,2239.4,1690.23,32.49,1134.77,812.86,39.6,820.7,608.68,34.83,4.91,3.87,1.04,14451.47,11103.28,7775.96,4550.6,53.81,40.98,12.83,12.03,12.29,-0.26,6.0,5.7,0.3,4.42,4.34,0.08
3030,德律科技股份有限公司,2025,3,合併,2067.68,1625.97,27.17,1172.51,962.09,21.87,666.85,526.24,26.72,693.23,388.25,78.55,2.93,1.64,1.29,6386.03,4863.63,31.3,3678.69,2866.0,28.36,2280.91,1555.35,46.65,1792.5,1309.69,36.86,7.59,5.54,2.05,11364.77,9826.27,2507.43,2063.13,22.06,21.0,1.06,56.71,59.17,-2.46,32.25,32.36,-0.11,33.53,23.88,9.65
3031,佰鴻工業股份有限公司,2025,3,合併,299.6,283.37,5.73,85.14,78.67,8.22,26.75,16.03,66.87,26.08,78.69,-66.86,0.15,0.45,-0.3,833.72,904.28,-7.8,238.65,262.69,-9.15,59.7,86.82,-31.24,154.62,167.66,-7.78,0.89,0.97,-0.08,3456.15,3584.47,541.93,494.91,15.68,13.81,1.87,28.42,27.76,0.66,8.93,5.66,3.27,8.7,27.77,-19.07
3032,偉訓科技股份有限公司,2025,3,合併,3295.66,1632.08,101.93,826.95,360.83,129.18,423.47,123.5,242.89,86.3,69.93,23.41,0.76,0.62,0.14,8130.61,5441.94,49.41,1839.74,1190.55,54.53,841.84,430.73,95.44,-244.48,442.37,-155.27,-2.17,3.94,-6.11,18087.09,8118.29,14437.46,3680.33,79.82,45.33,34.49,25.09,22.11,2.98,12.85,7.57,5.28,2.62,4.28,-1.66
3033,威健實業股份有限公司,2025,3,合併,26426.72,24010.56,10.06,1350.93,1304.74,3.54,623.53,620.0,0.57,329.02,346.74,-5.11,0.69,0.76,-0.07,80696.39,64991.63,24.16,3187.84,3782.55,-15.72,1129.22,1876.68,-39.83,489.66,876.68,-44.15,1.03,2.0,-0.97,42059.52,39115.53,31915.61,28979.62,75.88,74.09,1.79,5.11,5.43,-0.32,2.36,2.58,-0.22,1.25,1.44,-0.19
3034,聯詠科技股份有限公司,2025,3,合併,24573.67,27866.33,-11.82,8918.82,11073.97,-19.46,3856.91,6241.4,-38.2,3654.82,5258.46,-30.5,6.01,8.64,-2.63,77845.93,77525.23,0.41,29195.19,31491.79,-7.29,14375.69,16890.13,-14.89,12657.88,15540.66,-18.55,20.8,25.54,-4.74,94065.5,96837.87,30484.6,33380.09,32.41,34.47,-2.06,36.29,39.74,-3.45,15.7,22.4,-6.7,14.87,18.87,-4.0
3035,智原科技股份有限公司,2025,3,合併,3235.61,2884.31,12.18,1074.63,1337.64,-19.66,39.48,308.87,-87.22,151.73,264.04,-42.54,0.58,1.01,-0.43,15185.05,8112.06,87.19,3673.76,3786.21,-2.97,471.96,882.26,-46.51,523.79,805.3,-34.96,2.01,3.14,-1.13,18867.27,18427.06,5752.13,4906.71,30.49,26.63,3.86,33.21,46.38,-13.17,1.22,10.71,-9.49,4.69,9.15,-4.46
3036,文曄科技股份有限公司,2025,3,合併,328934.35,261255.81,25.91,12291.72,10955.36,12.2,5660.23,4173.83,35.61,3815.71,2835.99,34.55,3.4,2.54,0.86,835862.16,697554.29,19.83,34830.24,26817.98,29.88,14891.09,11048.29,34.78,9352.81,6576.01,42.23,8.11,5.85,2.26,475744.22,407416.37,385349.04,314119.24,81.0,77.1,3.9,3.74,4.19,-0.45,1.72,1.6,0.12,1.16,1.09,0.07
3037,欣興電子股份有限公司,2025,3,合併,33994.42,31712.15,7.2,4548.52,4941.7,-7.96,1532.54,1962.02,-21.89,2194.49,997.14,120.08,1.44,0.66,0.78,96550.0,85992.37,12.28,12820.12,12917.04,-0.75,4308.72,4437.31,-2.9,3138.64,5026.0,-37.55,2.06,3.3,-1.24,237637.98,228209.05,139006.93,129134.29,58.5,56.59,1.91,13.38,15.58,-2.2,4.51,6.19,-1.68,6.46,3.14,3.32
3038,全台晶像股份有限公司,2025,3,合併,765.54,870.63,-12.07,173.63,209.27,-17.03,36.96,79.38,-53.44,79.69,72.61,9.75,0.54,0.49,0.05,2331.98,2759.17,-15.48,551.56,640.14,-13.84,156.22,216.1,-27.71,121.97,275.3,-55.7,0.82,1.85,-1.03,3883.74,3977.03,1295.23,1265.69,33.35,31.83,1.52,22.68,24.04,-1.36,4.83,9.12,-4.29,10.41,8.34,2.07
3040,遠見科技股份有限公司,2025,3,合併,31.21,35.21,-11.36,17.46,20.9,-16.46,0.98,10.31,-90.49,-5.14,7.31,-170.31,-0.08,0.12,-0.2,95.11,99.54,-4.45,55.07,61.59,-10.59,5.74,31.54,-81.8,19.4,30.64,-36.68,0.31,0.49,-0.18,1958.13,1585.89,574.45,100.92,29.34,6.36,22.98,55.93,59.36,-3.43,3.14,29.27,-26.13,-16.45,20.76,-37.21
3042,台灣晶技股份有限公司,2025,3,合併,3491.64,3668.27,-4.82,1088.2,1281.9,-15.11,490.96,687.36,-28.57,511.1,513.92,-0.55,1.49,1.5,-0.01,10024.64,9344.58,7.28,3340.12,3355.62,-0.46,1556.11,1665.4,-6.56,1353.2,1568.36,-13.72,3.95,4.93,-0.98,21902.84,22120.87,6759.95,6432.9,30.86,29.08,1.78,31.17,34.95,-3.78,14.06,18.74,-4.68,14.64,14.01,0.63
3043,科風股份有限公司,2025,3,合併,182.76,232.29,-21.32,16.42,43.22,-62.01,-28.04,-2.54,-1003.94,-3.16,10.02,-131.54,-0.08,0.25,-0.33,654.35,601.0,8.88,137.24,128.75,6.59,-12.21,-13.01,6.15,-20.04,20.4,-198.24,-0.51,0.52,-1.03,1806.09,1524.58,932.65,911.39,51.64,59.78,-8.14,8.98,18.6,-9.62,-15.34,-1.09,-14.25,-1.73,4.31,-6.04
3044,健鼎科技股份有限公司,2025,3,合併,19389.48,17674.46,9.7,5188.87,4151.4,24.99,3594.49,2712.59,32.51,2953.54,2325.6,27.0,5.62,4.42,1.2,54420.68,48758.86,11.61,14158.43,11150.99,26.97,9669.6,7035.83,37.43,7753.57,6154.35,25.99,14.75,11.71,3.04,90924.5,84823.67,41325.7,37612.69,45.45,44.34,1.11,26.76,23.49,3.27,18.54,15.35,3.19,15.23,13.16,2.07
3045,台灣大哥大股份有限公司,2025,3,合併,46339.81,47201.52,-1.83,9874.26,9888.41,-0.14,5124.01,5175.91,-1.0,3610.7,4164.43,-13.3,1.19,1.38,-0.19,141978.17,143222.04,-0.87,29764.67,28863.38,3.12,15442.06,14782.18,4.46,10555.09,10364.95,1.83,3.49,3.43,0.06,233591.94,237467.59,143506.38,147885.82,61.43,62.28,-0.85,21.31,20.95,0.36,11.06,10.97,0.09,7.79,8.82,-1.03
3046,建碁股份有限公司,2025,3,合併,1991.03,2259.2,-11.87,184.32,161.59,14.07,114.72,89.1,28.75,111.54,98.34,13.42,1.42,1.25,0.17,5558.32,5772.39,-3.71,480.62,420.9,14.19,275.42,220.96,24.65,261.44,254.34,2.79,3.33,3.24,0.09,3681.72,3855.57,2081.44,2322.17,56.53,60.23,-3.7,9.26,7.15,2.11,5.76,3.94,1.82,5.6,4.35,1.25
3047,訊舟科技股份有限公司,2025,3,合併,706.64,2164.5,-67.35,207.19,687.95,-69.88,-95.26,281.77,-133.81,-57.09,77.13,-174.02,-0.26,0.35,-0.61,2940.07,5222.65,-43.71,839.55,1477.35,-43.17,-89.2,338.92,-126.32,-110.03,103.45,-206.36,-0.5,0.47,-0.97,6131.88,8086.8,2840.51,4543.61,46.32,56.19,-9.87,29.32,31.78,-2.46,-13.48,13.02,-26.5,-8.08,3.56,-11.64
3048,益登科技股份有限公司,2025,3,合併,28537.48,30644.29,-6.88,938.71,949.33,-1.12,395.25,428.87,-7.84,188.33,-640.86,129.39,0.7,-2.38,3.08,84240.08,79991.45,5.31,2844.18,2586.9,9.95,1305.7,1129.76,15.57,308.18,-578.61,153.26,1.14,-2.14,3.28,28717.95,27065.38,24119.83,22578.11,83.99,83.42,0.57,3.29,3.1,0.19,1.39,1.4,-0.01,0.66,-2.09,2.75
3049,精金科技股份有限公司,2025,3,合併,334.01,424.16,-21.25,-133.32,-171.18,22.12,-187.09,-240.99,22.37,-150.63,-298.67,49.57,-0.19,-0.37,0.18,1017.42,1035.14,-1.71,-379.77,-603.24,37.04,-542.8,-796.54,31.86,-531.08,-723.25,26.57,-0.66,-0.9,0.24,14500.28,13429.45,6950.68,5002.89,47.93,37.25,10.68,-39.92,-40.36,0.44,-56.01,-56.82,0.81,-45.1,-70.41,25.31
3050,鈺德科技股份有限公司,2025,3,合併,324.53,339.25,-4.34,121.59,124.67,-2.47,24.88,32.23,-22.8,29.21,28.03,4.21,0.19,0.18,0.01,936.56,943.8,-0.77,328.69,329.45,-0.23,42.28,49.37,-14.36,2.71,101.12,-97.32,0.02,0.66,-0.64,5595.27,5681.5,2621.19,2719.17,46.85,47.86,-1.01,37.47,36.75,0.72,7.67,9.5,-1.83,9.0,8.26,0.74
3051,力特光電科技股份有限公司,2025,3,合併,437.26,496.39,-11.91,114.29,181.17,-36.92,32.08,99.72,-67.83,43.19,81.48,-46.99,0.26,0.49,-0.23,1356.09,1309.49,3.56,432.25,467.18,-7.48,185.38,227.85,-18.64,91.81,237.21,-61.3,0.55,1.41,-0.86,3849.96,4021.05,1485.67,1503.96,38.59,37.4,1.19,26.14,36.5,-10.36,7.34,20.09,-12.75,9.88,16.42,-6.54
3052,夆典科技開發股份有限公司,2025,3,合併,731.6,578.19,26.53,105.42,94.22,11.89,61.26,50.94,20.26,58.52,49.56,18.08,0.29,0.24,0.05,2644.42,2022.86,30.73,363.3,270.65,34.23,232.08,141.21,64.35,194.5,148.84,30.68,0.95,0.73,0.22,11990.32,8354.19,8414.78,4920.97,70.18,58.9,11.28,14.41,16.3,-1.89,8.37,8.81,-0.44,8.0,8.57,-0.57
3054,立萬利創新股份有限公司,2025,3,合併,51.45,23.54,118.56,9.72,4.46,117.94,-9.36,-11.19,16.35,53.05,-23.16,329.06,0.66,-0.29,0.95,101.64,81.87,24.15,24.28,15.77,53.96,-25.75,-26.6,3.2,53.45,-28.97,284.5,0.66,-0.36,1.02,921.63,794.29,37.67,35.16,4.09,4.43,-0.34,18.9,18.95,-0.05,-18.2,-47.56,29.36,103.11,-98.39,201.5
3055,蔚華科技股份有限公司,2025,3,合併,95.09,220.69,-56.91,1.78,30.04,-94.07,-56.62,-61.69,8.22,-16.91,-47.81,64.63,-0.15,-0.43,0.28,370.95,610.14,-39.2,59.24,123.3,-51.95,-191.94,-146.81,-30.74,-195.57,-163.21,-19.83,-1.73,-1.45,-0.28,2092.5,2767.39,307.69,560.88,14.7,20.27,-5.57,1.88,13.61,-11.73,-59.55,-27.95,-31.6,-17.79,-21.66,3.87
3056,富華創新股份有限公司,2025,3,合併,190.91,125.55,52.06,23.95,20.42,17.29,-58.69,-60.46,2.93,-17.25,-51.2,66.31,-0.04,-0.11,0.07,3769.08,236.79,1491.74,832.43,45.77,1718.72,596.4,-207.44,387.5,520.2,-119.45,535.5,1.08,-0.25,1.33,15628.37,24632.38,6869.16,17994.81,43.95,73.05,-29.1,12.54,16.26,-3.72,-30.74,-48.16,17.42,-9.03,-40.78,31.75
3057,喬鼎資訊股份有限公司,2025,3,合併,126.44,140.24,-9.84,52.34,44.9,16.57,-30.02,-32.78,8.42,-26.26,-37.21,29.43,-0.44,-0.62,0.18,417.47,419.37,-0.45,144.16,144.88,-0.5,-99.35,-84.92,-16.99,-14.26,-75.81,81.19,-0.24,-1.26,1.02,868.91,1103.93,285.04,435.07,32.8,39.41,-6.61,41.4,32.02,9.38,-23.74,-23.37,-0.37,-20.77,-26.53,5.76
3058,立德電子股份有限公司,2025,3,合併,758.04,780.43,-2.87,86.72,96.48,-10.12,-78.95,-74.29,-6.27,-125.8,-56.99,-120.74,-0.63,-0.28,-0.35,2367.98,2376.78,-0.37,276.49,356.56,-22.46,-204.99,-274.86,25.42,-101.28,-250.94,59.64,-0.51,-1.32,0.81,4785.27,4638.3,3032.15,2629.13,63.36,56.68,6.68,11.44,12.36,-0.92,-10.42,-9.52,-0.9,-16.6,-7.3,-9.3
3059,華晶科技股份有限公司,2025,3,合併,2435.73,1880.73,29.51,600.99,498.65,20.52,169.48,71.26,137.83,110.65,78.69,40.62,0.36,0.28,0.08,6511.51,5185.02,25.58,1736.4,1528.77,13.58,411.32,247.26,66.35,298.03,232.47,28.2,0.98,0.84,0.14,16512.39,15534.95,6320.78,6002.52,38.28,38.64,-0.36,24.67,26.51,-1.84,6.96,3.79,3.17,4.54,4.18,0.36
3060,銘異科技股份有限公司,2025,3,合併,795.86,921.36,-13.62,78.94,93.63,-15.69,-25.52,-19.66,-29.81,-10.47,-43.98,76.19,-0.08,-0.32,0.24,2706.13,2576.95,5.01,317.19,302.91,4.71,-6.63,-41.76,84.12,-63.18,3.72,-1798.39,-0.46,0.03,-0.49,4360.9,4523.6,1819.28,1822.97,41.72,40.3,1.42,9.92,10.16,-0.24,-3.21,-2.13,-1.08,-1.32,-4.77,3.45
3062,建漢科技股份有限公司,2025,3,合併,1012.9,1036.76,-2.3,44.27,46.25,-4.28,-103.67,-79.17,-30.95,-104.45,5.24,-2093.32,-0.32,0.02,-0.34,3048.76,2461.3,23.87,177.84,105.14,69.15,-379.69,-277.13,-37.01,477.91,23.33,1948.48,1.47,0.07,1.4,6591.14,6606.7,2048.62,1873.17,31.08,28.35,2.73,4.37,4.46,-0.09,-10.23,-7.64,-2.59,-10.31,0.51,-10.82
3090,日電貿股份有限公司,2025,3,合併,4050.48,3294.07,22.96,646.7,546.87,18.25,378.49,344.87,9.75,417.09,259.58,60.68,1.97,1.24,0.73,11912.44,8987.43,32.55,1901.64,1522.26,24.92,1175.53,903.03,30.18,886.06,740.14,19.72,4.21,3.54,0.67,12491.06,10184.17,5485.37,3762.72,43.91,36.95,6.96,15.97,16.6,-0.63,9.34,10.47,-1.13,10.3,7.88,2.42
3092,鴻碩精密電工股份有限公司,2025,3,合併,372.28,529.31,-29.67,0.64,72.0,-99.11,-108.99,-138.24,21.16,-116.25,-118.26,1.7,-1.09,-1.11,0.02,1249.97,1515.88,-17.54,65.99,166.31,-60.32,-487.51,-212.57,-129.34,-459.31,-167.29,-174.56,-4.31,-1.57,-2.74,5186.15,5326.45,3679.75,3300.15,70.95,61.96,8.99,0.17,13.6,-13.43,-29.28,-26.12,-3.16,-31.23,-22.34,-8.89
3094,聯傑國際股份有限公司,2025,3,合併,46.86,43.67,7.3,33.23,29.89,11.17,-2.97,-3.18,6.6,12.45,0.51,2341.18,0.15,0.01,0.14,145.47,122.52,18.73,110.82,82.95,33.6,3.15,-19.08,116.51,13.58,5.69,138.66,0.16,0.07,0.09,1116.93,1102.45,104.36,110.57,9.34,10.03,-0.69,70.91,68.45,2.46,-6.35,-7.28,0.93,26.57,1.16,25.41
3130,一零四資訊科技股份有限公司,2025,3,合併,694.49,665.05,4.43,600.9,587.5,2.28,154.95,181.51,-14.63,141.43,150.72,-6.16,4.26,4.54,-0.28,2012.32,1879.62,7.06,1740.16,1647.38,5.63,435.3,460.13,-5.4,396.86,389.88,1.79,11.96,11.75,0.21,3683.01,3468.1,2065.77,1869.76,56.09,53.91,2.18,86.52,88.34,-1.82,22.31,27.29,-4.98,20.36,22.66,-2.3
3138,耀登科技股份有限公司,2025,3,合併,483.38,470.84,2.66,201.73,195.64,3.11,36.17,43.55,-16.95,59.91,51.99,15.23,1.24,1.04,0.2,1225.42,1257.41,-2.54,495.13,513.04,-3.49,36.18,84.77,-57.32,18.39,111.25,-83.47,0.37,2.23,-1.86,3782.15,3478.3,1860.77,1360.58,49.2,39.12,10.08,41.73,41.55,0.18,7.48,9.25,-1.77,12.39,11.04,1.35
3149,正達國際光電股份有限公司,2025,3,合併,591.97,639.32,-7.41,-32.94,23.32,-241.25,-120.27,-52.22,-130.31,-152.74,-50.33,-203.48,-0.68,-0.27,-0.41,1628.6,1616.89,0.72,-159.44,83.68,-290.54,-411.01,-154.35,-166.28,-463.54,-101.69,-355.84,-2.24,-0.62,-1.62,4870.65,4031.44,2189.26,1931.93,44.95,47.92,-2.97,-5.56,3.65,-9.21,-20.32,-8.17,-12.15,-25.8,-7.87,-17.93
3164,景岳生物科技股份有限公司,2025,3,合併,88.9,83.82,6.06,55.49,52.07,6.57,8.72,2.29,280.79,24.68,5.74,329.97,0.29,0.07,0.22,300.52,294.42,2.07,188.96,191.36,-1.25,45.99,42.68,7.76,32.4,55.16,-41.26,0.38,0.64,-0.26,1579.04,1676.0,185.54,189.63,11.75,11.31,0.44,62.42,62.12,0.3,9.81,2.73,7.08,27.76,6.85,20.91
3167,大量科技股份有限公司,2025,3,合併,1414.78,721.32,96.14,553.76,225.02,146.09,290.78,47.46,512.68,215.02,43.32,396.35,2.44,0.52,1.92,3529.07,1610.31,119.15,1336.67,431.63,209.68,633.97,-1.48,42935.81,480.06,52.83,808.69,5.45,0.64,4.81,7542.8,5144.35,4465.23,2616.42,59.2,50.86,8.34,39.14,31.2,7.94,20.55,6.58,13.97,15.2,6.01,9.19
3168,眾福科技股份有限公司,2025,3,合併,881.18,892.15,-1.23,214.31,222.34,-3.61,75.88,84.61,-10.32,59.85,59.02,1.41,0.78,0.76,0.02,2584.84,2623.47,-1.47,642.9,653.6,-1.64,230.37,253.2,-9.02,150.07,176.34,-14.9,1.94,2.33,-0.39,3563.46,3704.2,1089.37,985.64,30.57,26.61,3.96,24.32,24.92,-0.6,8.61,9.48,-0.87,6.79,6.62,0.17
3189,景碩科技股份有限公司,2025,3,合併,10356.19,8197.12,26.34,1963.71,2407.52,-18.43,627.99,422.13,48.77,339.34,185.27,83.16,0.75,0.41,0.34,28539.66,22491.99,26.89,5921.01,6421.38,-7.79,1749.08,1098.71,59.19,953.6,298.33,219.65,2.1,0.66,1.44,78917.2,78855.61,38561.1,39076.4,48.86,49.55,-0.69,18.96,29.37,-10.41,6.06,5.15,0.91,3.28,2.26,1.02
3209,全科科技股份有限公司,2025,3,合併,11672.32,13544.47,-13.82,667.54,731.96,-8.8,218.69,428.46,-48.96,299.44,244.13,22.66,1.27,1.05,0.22,35455.25,35833.61,-1.06,1934.74,1921.66,0.68,822.26,1066.08,-22.87,369.72,552.94,-33.14,1.58,2.38,-0.8,16485.34,20037.33,11438.32,14841.28,69.38,74.07,-4.69,5.72,5.4,0.32,1.87,3.16,-1.29,2.57,1.8,0.77
3229,晟鈦股份有限公司,2025,3,合併,255.16,225.26,13.27,7.36,7.68,-4.17,-10.14,-11.22,9.63,-5.2,-12.47,58.3,-0.08,-0.19,0.11,733.98,675.79,8.61,35.16,51.13,-31.23,-17.52,-1.57,-1015.92,-35.95,6.92,-619.51,-0.56,0.11,-0.67,828.08,865.87,237.0,240.65,28.62,27.79,0.83,2.89,3.41,-0.52,-3.97,-4.98,1.01,-2.04,-5.53,3.49
3231,緯創資通股份有限公司,2025,3,合併,567805.28,272542.27,108.34,41964.85,22744.69,84.5,27142.49,11409.07,137.9,7406.24,4198.6,76.4,2.36,1.47,0.89,1465581.8,752074.02,94.87,93473.9,60057.75,55.64,53079.77,27120.93,95.72,19241.59,12134.33,58.57,6.43,4.26,2.17,960469.93,554002.49,733574.6,381699.58,76.38,68.9,7.48,7.39,8.35,-0.96,4.78,4.19,0.59,1.3,1.54,-0.24
3257,虹冠電子工業股份有限公司,2025,3,合併,301.59,217.95,38.38,147.17,101.76,44.62,83.54,45.94,81.85,88.99,41.44,114.74,1.12,0.52,0.6,814.12,664.87,22.45,420.08,326.55,28.64,244.25,157.39,55.19,211.44,167.91,25.92,2.65,2.1,0.55,2483.12,2016.03,808.06,429.88,32.54,21.32,11.22,48.8,46.69,2.11,27.7,21.08,6.62,29.51,19.01,10.5
3266,昇陽建設企業股份有限公司,2025,3,合併,317.82,508.47,-37.49,90.15,128.52,-29.86,25.68,53.5,-52.0,25.71,44.89,-42.73,0.07,0.13,-0.06,973.97,1862.37,-47.7,267.97,466.6,-42.57,79.17,220.34,-64.07,85.47,157.25,-45.65,0.24,0.45,-0.21,12992.33,12832.19,6721.71,6908.52,51.74,53.84,-2.1,28.36,25.28,3.08,8.08,10.52,-2.44,8.09,8.83,-0.74
3296,勝德國際研發股份有限公司,2025,3,合併,377.72,401.1,-5.83,75.44,87.34,-13.62,4.43,4.65,-4.73,1.15,-4.16,127.64,0.01,-0.04,0.05,1196.52,1170.63,2.21,260.85,266.63,-2.17,42.39,-8.54,596.37,66.59,0.9,7298.89,0.69,0.01,0.68,2071.94,2279.54,879.2,1092.39,42.43,47.92,-5.49,19.97,21.78,-1.81,1.17,1.16,0.01,0.3,-1.04,1.34
3305,昇貿科技股份有限公司,2025,3,合併,2872.0,2367.13,21.33,417.14,314.4,32.68,224.04,190.94,17.34,154.26,125.41,23.0,1.19,0.95,0.24,7691.4,5904.33,30.27,1017.06,801.2,26.94,547.56,441.38,24.06,335.26,343.31,-2.34,2.57,2.6,-0.03,11730.37,9199.81,6381.61,4306.57,54.4,46.81,7.59,14.52,13.28,1.24,7.8,8.07,-0.27,5.37,5.3,0.07
3308,聯德電子股份有限公司,2025,3,合併,1.65,0.96,71.88,1.02,-1.3,178.46,-10.14,21.04,-148.19,37.09,32.59,13.81,0.62,0.54,0.08,4.93,66.14,-92.55,2.98,16.78,-82.24,-21.45,-21.84,1.79,13.6,43.42,-68.68,0.23,0.72,-0.49,2149.94,2195.78,1072.69,1128.89,49.89,51.41,-1.52,61.65,-134.54,196.19,-613.37,2182.57,-2795.94,2243.86,3380.71,-1136.85
3311,閎暉實業股份有限公司,2025,3,合併,614.65,650.02,-5.44,75.08,58.55,28.23,8.17,-20.74,139.39,46.95,-37.48,225.27,0.55,-0.55,1.1,1814.27,1775.21,2.2,226.03,210.65,7.3,37.87,6.47,485.32,84.59,12.44,579.98,1.15,0.18,0.97,4996.19,3624.04,1478.1,942.26,29.58,26.0,3.58,12.21,9.01,3.2,1.33,-3.19,4.52,7.64,-5.77,13.41
3312,弘憶國際股份有限公司,2025,3,合併,5205.41,4769.65,9.14,247.21,254.31,-2.79,102.73,114.84,-10.55,168.8,49.74,239.36,1.04,0.31,0.73,16111.51,13344.39,20.74,833.49,722.71,15.33,372.67,305.94,21.81,92.17,264.0,-65.09,0.57,1.62,-1.05,11361.42,9201.91,8242.61,6218.74,72.55,67.58,4.97,4.75,5.33,-0.58,1.97,2.41,-0.44,3.24,1.04,2.2
3321,同泰電子科技股份有限公司,2025,3,合併,613.62,504.71,21.58,61.01,-9.61,734.86,-6.02,-80.38,92.51,-8.84,-91.24,90.31,-0.16,-1.72,1.56,1620.18,1477.06,9.69,97.0,30.76,215.34,-104.42,-180.47,42.14,-133.99,-177.73,24.61,-2.52,-3.35,0.83,2256.2,1853.03,1945.48,1355.72,86.23,73.16,13.07,9.94,-1.9,11.84,-0.98,-15.93,14.95,-1.44,-18.08,16.64
3338,泰碩電子股份有限公司,2025,3,合併,882.92,929.52,-5.01,151.54,192.94,-21.46,27.81,63.19,-55.99,30.5,40.93,-25.48,0.35,0.47,-0.12,2797.24,2802.17,-0.18,528.52,569.19,-7.15,131.93,179.06,-26.32,125.81,182.95,-31.23,1.44,2.09,-0.65,3538.03,3686.67,1656.0,1722.16,46.81,46.71,0.1,17.16,20.76,-3.6,3.15,6.8,-3.65,3.45,4.4,-0.95
3346,麗清科技股份有限公司及子公司,2025,3,合併,2022.66,2452.61,-17.53,203.78,343.12,-40.61,-33.91,90.99,-137.27,3.07,74.88,-95.9,0.03,0.65,-0.62,6341.47,6758.14,-6.17,687.64,918.62,-25.14,7.95,208.07,-96.18,-73.46,188.51,-138.97,-0.61,1.64,-2.25,9789.11,10103.09,6457.64,6664.01,65.97,65.96,0.01,10.07,13.99,-3.92,-1.68,3.71,-5.39,0.15,3.05,-2.9
3356,奇偶科技股份有限公司,2025,3,合併,236.44,265.05,-10.79,118.56,128.47,-7.71,5.45,13.91,-60.82,261.25,13.28,1867.24,3.27,0.15,3.12,743.13,876.44,-15.21,375.51,418.94,-10.37,22.91,62.69,-63.46,252.56,450.78,-43.97,3.16,5.06,-1.9,2907.97,2882.03,671.87,739.83,23.1,25.67,-2.57,50.15,48.47,1.68,2.31,5.25,-2.94,110.49,5.01,105.48
3376,新日興股份有限公司,2025,3,合併,2650.03,3668.03,-27.75,360.51,757.38,-52.4,0.52,433.65,-99.88,115.85,334.44,-65.36,0.59,1.77,-1.18,8395.36,10037.32,-16.36,1228.08,1920.38,-36.05,251.92,1046.3,-75.92,241.38,1059.47,-77.22,1.23,5.63,-4.4,21537.39,24042.8,4660.75,6381.27,21.64,26.54,-4.9,13.6,20.65,-7.05,0.02,11.82,-11.8,4.37,9.12,-4.75
3380,明泰科技股份有限公司,2025,3,合併,5836.62,4950.98,17.89,1016.71,966.0,5.25,25.96,46.46,-44.12,10.13,-28.04,136.13,0.02,-0.05,0.07,16054.78,15815.64,1.51,2715.45,2898.56,-6.32,-211.63,48.64,-535.09,-200.62,301.42,-166.56,-0.37,0.56,-0.93,23365.3,23944.23,10662.04,10498.84,45.63,43.85,1.78,17.42,19.51,-2.09,0.44,0.94,-0.5,0.17,-0.57,0.74
3406,玉晶光電股份有限公司,2025,3,合併,7740.05,7493.43,3.29,2641.04,2805.8,-5.87,1813.66,1981.95,-8.49,1413.85,1377.93,2.61,12.54,12.22,0.32,17837.29,17716.77,0.68,5675.52,6522.95,-12.99,3306.44,4159.61,-20.51,2526.16,3465.09,-27.1,22.41,30.73,-8.32,41037.38,42682.67,16945.57,18652.35,41.29,43.7,-2.41,34.12,37.44,-3.32,23.43,26.45,-3.02,18.27,18.39,-0.12
3413,京鼎精密科技股份有限公司,2025,3,合併,5542.19,4611.91,20.17,1304.1,1233.8,5.7,736.22,809.53,-9.06,667.01,581.88,14.63,6.1,5.52,0.58,15614.39,11655.08,33.97,3991.66,3060.86,30.41,2490.16,1897.47,31.24,1759.55,1823.65,-3.51,16.22,17.79,-1.57,26731.69,21506.21,9493.08,7333.36,35.51,34.1,1.41,23.53,26.75,-3.22,13.28,17.55,-4.27,12.04,12.62,-0.58
3416,融程電訊股份有限公司,2025,3,合併,1006.31,783.73,28.4,389.61,309.46,25.9,174.92,157.74,10.89,179.88,160.38,12.16,2.26,2.01,0.25,2634.25,2224.16,18.44,1063.32,900.19,18.12,510.84,465.54,9.73,422.54,430.01,-1.74,5.3,5.42,-0.12,4678.6,4383.5,1310.22,1148.77,28.0,26.21,1.79,38.72,39.49,-0.77,17.38,20.13,-2.75,17.88,20.46,-2.58
3419,譁裕實業股份有限公司,2025,3,合併,497.63,354.09,40.54,62.68,66.19,-5.3,-43.26,-48.34,10.51,-31.97,-61.01,47.6,-0.27,-0.51,0.24,1382.16,1083.2,27.6,154.38,196.87,-21.58,-171.15,-135.37,-26.43,-163.37,-113.99,-43.32,-1.36,-0.95,-0.41,2008.83,1929.09,1016.77,705.85,50.61,36.59,14.02,12.6,18.69,-6.09,-8.69,-13.65,4.96,-6.42,-17.23,10.81
3432,台端興業股份有限公司,2025,3,合併,49.17,17.62,179.06,8.36,2.43,244.03,-6.14,-8.84,30.54,-5.87,-9.67,39.3,-0.14,-0.23,0.09,100.96,32.13,214.22,17.23,5.33,223.26,-22.46,-23.75,5.43,-24.81,-21.75,-14.07,-0.59,-0.54,-0.05,363.7,354.36,48.52,8.59,13.34,2.43,10.91,17.0,13.81,3.19,-12.49,-50.16,37.67,-11.94,-54.89,42.95
3437,榮創能源科技股份有限公司,2025,3,合併,364.87,514.33,-29.06,-2.21,108.61,-102.03,-149.66,-52.15,-186.98,-124.36,-28.44,-337.27,-0.86,-0.2,-0.66,1226.78,1552.93,-21.0,53.64,299.64,-82.1,-345.06,-166.64,-107.07,-293.75,-84.43,-247.92,-2.03,-0.58,-1.45,2800.48,3290.06,633.77,718.68,22.63,21.84,0.79,-0.61,21.12,-21.73,-41.02,-10.14,-30.88,-34.08,-5.53,-28.55
3443,創意電子股份有限公司,2025,3,合併,8613.11,6611.4,30.28,2086.07,2366.39,-11.85,1054.8,1190.59,-11.41,866.88,1033.65,-16.13,6.47,7.71,-1.24,21741.33,19021.55,14.3,6092.6,6108.06,-0.25,3093.1,2926.16,5.71,2609.91,2603.69,0.24,19.48,19.43,0.05,28817.41,21848.75,17109.02,11401.99,59.37,52.19,7.18,24.22,35.79,-11.57,12.25,18.01,-5.76,10.06,15.63,-5.57
3447,展達通訊股份有限公司,2025,3,合併,1192.97,792.59,50.52,146.56,114.11,28.44,71.23,44.03,61.78,95.24,90.38,5.38,1.23,1.17,0.06,2665.49,1698.14,56.97,325.04,180.82,79.76,96.95,-17.12,666.3,98.67,47.52,107.64,1.28,0.62,0.66,3482.9,3130.81,2249.58,1951.67,64.59,62.34,2.25,12.29,14.4,-2.11,5.97,5.56,0.41,7.98,11.4,-3.42
3481,群創光電股份有限公司,2025,3,合併,57818.31,55473.01,4.23,4560.24,5002.24,-8.84,-974.67,-790.49,-23.3,66.89,421.26,-84.12,0.01,0.05,-0.04,169981.99,162825.91,4.39,13505.91,12854.67,5.07,-2991.9,-3597.45,16.83,268.3,-2551.97,110.51,0.03,-0.29,0.32,322151.8,347015.96,102464.81,124027.86,31.81,35.74,-3.93,7.89,9.02,-1.13,-1.69,-1.42,-0.27,0.12,0.76,-0.64
3494,誠研科技股份有限公司,2025,3,合併,262.62,276.95,-5.17,28.07,44.61,-37.08,-36.08,-13.29,-171.48,-51.36,-14.33,-258.41,-0.54,-0.11,-0.43,725.36,696.03,4.21,94.31,106.56,-11.5,-86.28,-64.88,-32.98,-105.89,-74.64,-41.87,-1.12,-0.54,-0.58,1963.89,1835.29,1229.44,1344.17,62.6,73.24,-10.64,10.69,16.11,-5.42,-13.74,-4.8,-8.94,-19.56,-5.17,-14.39
3501,維熹科技股份有限公司,2025,3,合併,1356.34,1569.44,-13.58,231.08,376.53,-38.63,69.46,194.74,-64.33,70.79,116.95,-39.47,0.6,0.99,-0.39,4288.46,4542.03,-5.58,874.4,1107.76,-21.07,354.29,574.02,-38.28,305.73,488.9,-37.47,2.59,4.13,-1.54,9260.95,9006.0,2630.08,2126.9,28.4,23.62,4.78,17.04,23.99,-6.95,5.12,12.41,-7.29,5.22,7.45,-2.23
3504,揚明光學股份有限公司,2025,3,合併,647.17,694.32,-6.79,110.13,106.27,3.63,-23.47,-38.82,39.54,-10.08,-8.23,-22.48,-0.09,-0.07,-0.02,2001.7,1892.03,5.8,324.0,193.48,67.46,-74.09,-247.53,70.07,-1.86,-295.67,99.37,-0.02,-2.59,2.57,4323.41,4278.31,1569.57,1524.21,36.3,35.63,0.67,17.02,15.31,1.71,-3.63,-5.59,1.96,-1.56,-1.19,-0.37
3515,華擎科技股份有限公司,2025,3,合併,11644.79,6266.03,85.84,1520.33,1258.58,20.8,625.79,462.84,35.21,538.12,305.04,76.41,4.36,2.5,1.86,34125.0,16443.67,107.53,4729.14,3448.65,37.13,1975.43,1141.87,73.0,1389.99,877.27,58.44,11.25,7.2,4.05,22589.03,16394.99,11548.89,7129.87,51.13,43.49,7.64,13.06,20.09,-7.03,5.37,7.39,-2.02,4.62,4.87,-0.25
3518,柏騰科技股份有限公司,2025,3,合併,85.69,93.13,-7.99,12.06,12.32,-2.11,-33.04,-57.02,42.06,-2.53,-64.18,96.06,-0.03,-0.68,0.65,243.97,266.43,-8.43,23.46,63.74,-63.19,-111.04,-100.85,-10.1,-88.5,-156.73,43.53,-0.93,-1.81,0.88,2121.08,2256.93,796.06,756.24,37.53,33.51,4.02,14.08,13.23,0.85,-38.56,-61.23,22.67,-2.95,-68.92,65.97
3530,晶相光電股份有限公司及子公司,2025,3,合併,465.51,569.6,-18.27,125.57,199.89,-37.18,38.44,113.92,-66.26,57.89,94.6,-38.81,0.75,1.22,-0.47,1270.71,1343.33,-5.41,312.07,263.92,18.24,55.65,21.28,161.51,36.17,73.92,-51.07,0.47,0.95,-0.48,2590.01,3065.7,244.21,586.46,9.43,19.13,-9.7,26.97,35.09,-8.12,8.26,20.0,-11.74,12.44,16.61,-4.17
3532,台塑勝高科技股份有限公司,2025,3,合併,3088.47,3050.11,1.26,475.7,677.69,-29.81,239.96,390.5,-38.55,218.81,173.8,25.9,0.56,0.45,0.11,9065.55,9304.54,-2.57,1437.43,1993.76,-27.9,696.92,1218.29,-42.8,310.54,906.04,-65.73,0.8,2.34,-1.54,51183.22,51250.71,26771.8,26827.77,52.31,52.35,-0.04,15.4,22.22,-6.82,7.77,12.8,-5.03,7.08,5.7,1.38
3533,嘉澤端子工業股份有限公司,2025,3,合併,8421.59,8066.74,4.4,4312.89,4244.54,1.61,2524.58,2790.05,-9.51,2318.22,2061.59,12.45,20.71,18.33,2.38,24523.53,21788.86,12.55,12560.9,11358.08,10.59,7573.8,7385.82,2.55,5343.06,6368.83,-16.11,47.64,56.9,-9.26,46906.05,47636.77,10661.92,12497.77,22.73,26.24,-3.51,51.21,52.62,-1.41,29.98,34.59,-4.61,27.53,25.56,1.97
3535,晶彩科技股份有限公司,2025,3,合併,110.29,120.66,-8.59,51.74,53.21,-2.76,-15.6,-20.08,22.31,-4.29,-24.16,82.24,-0.05,-0.31,0.26,214.24,593.31,-63.89,97.8,282.57,-65.39,-120.55,56.8,-312.24,-137.21,74.6,-283.93,-1.74,0.94,-2.68,1656.26,1657.6,675.83,478.57,40.8,28.87,11.93,46.91,44.1,2.81,-14.15,-16.64,2.49,-3.89,-20.02,16.13
3543,州巧科技股份有限公司,2025,3,合併,741.69,851.8,-12.93,57.2,96.31,-40.61,-100.11,-44.4,-125.47,-65.56,-44.13,-48.56,-0.74,-0.5,-0.24,2453.66,2401.24,2.18,283.11,321.95,-12.06,-134.31,-86.29,-55.65,-102.24,-71.84,-42.32,-1.16,-0.81,-0.35,4026.14,4275.4,1466.24,1407.37,36.42,32.92,3.5,7.71,11.31,-3.6,-13.5,-5.21,-8.29,-8.84,-5.18,-3.66
3545,敦泰電子股份有限公司,2025,3,合併,3106.83,3813.06,-18.52,812.89,849.06,-4.26,11.54,88.35,-86.94,82.23,168.07,-51.07,0.39,0.79,-0.4,9150.93,10350.92,-11.59,2383.08,2363.15,0.84,68.14,97.34,-30.0,330.27,390.87,-15.5,1.55,1.85,-0.3,14422.61,19185.61,4650.63,9418.33,32.25,49.09,-16.84,26.16,22.27,3.89,0.37,2.32,-1.95,2.65,4.41,-1.76
3550,聯穎科技股份有限公司,2025,3,合併,881.15,846.38,4.11,141.33,71.8,96.84,-22.51,-82.84,72.83,-15.75,-74.2,78.77,-0.18,-0.85,0.67,2622.76,2466.68,6.33,387.82,315.83,22.79,-88.21,-140.41,37.18,-60.82,-95.28,36.17,-0.69,-1.09,0.4,3943.07,4280.49,2700.64,2754.29,68.49,64.35,4.14,16.04,8.48,7.56,-2.55,-9.79,7.24,-1.79,-8.77,6.98
3557,嘉威生活股份有限公司,2025,3,合併,635.28,1252.05,-49.26,191.5,436.08,-56.09,-114.82,123.28,-193.14,-122.31,86.44,-241.5,-1.45,1.03,-2.48,3351.73,4484.67,-25.26,1149.07,1679.77,-31.59,113.25,596.32,-81.01,-22.69,457.79,-104.96,-0.27,5.43,-5.7,5654.81,5234.37,3248.99,2601.27,57.46,49.7,7.76,30.14,34.83,-4.69,-18.07,9.85,-27.92,-19.25,6.9,-26.15
3563,牧德科技股份有限公司,2025,3,合併,767.21,346.71,121.28,426.45,173.9,145.23,213.4,34.82,512.87,224.57,34.55,549.99,3.86,0.59,3.27,2527.92,925.9,173.02,1558.24,490.61,217.61,963.91,78.75,1124.01,772.04,151.55,409.43,13.28,2.61,10.67,6678.67,5539.85,1159.49,616.82,17.36,11.13,6.23,55.58,50.16,5.42,27.82,10.04,17.78,29.27,9.96,19.31
3576,聯合再生能源股份有限公司,2025,3,合併,743.82,1332.25,-44.17,-277.37,19.32,-1535.66,-473.76,-190.35,-148.89,-411.28,-803.85,48.84,-0.25,-0.49,0.24,2427.52,4192.66,-42.1,-547.57,23.39,-2441.04,-1138.54,-639.99,-77.9,-1021.05,-1919.87,46.82,-0.63,-1.18,0.55,24605.19,30333.02,14167.49,18497.28,57.58,60.98,-3.4,-37.29,1.45,-38.74,-63.69,-14.29,-49.4,-55.29,-60.34,5.05
3583,辛耘企業股份有限公司,2025,3,合併,2831.28,2500.53,13.23,909.21,888.49,2.33,330.02,420.39,-21.5,293.91,240.92,21.99,3.66,3.0,0.66,8556.88,7117.69,20.22,2764.04,2159.85,27.97,1149.37,886.99,29.58,780.09,677.11,15.21,9.71,8.43,1.28,23495.38,22956.98,17486.24,18237.4,74.42,79.44,-5.02,32.11,35.53,-3.42,11.66,16.81,-5.15,10.38,9.63,0.75
3588,通嘉科技股份有限公司,2025,3,合併,326.84,428.71,-23.76,99.06,162.61,-39.08,-9.21,47.5,-119.39,4.99,46.14,-89.19,0.08,0.76,-0.68,1014.78,1118.48,-9.27,352.78,424.24,-16.84,22.94,80.17,-71.39,22.54,101.19,-77.73,0.37,1.67,-1.3,1963.69,2093.22,245.96,343.02,12.53,16.39,-3.86,30.31,37.93,-7.62,-2.82,11.08,-13.9,1.53,10.76,-9.23
3591,艾笛森光電股份有限公司,2025,3,合併,568.0,675.2,-15.88,104.16,165.05,-36.89,-12.48,44.31,-128.17,-24.9,30.72,-181.05,-0.18,0.22,-0.4,1755.03,1883.34,-6.81,371.24,468.94,-20.83,18.98,106.88,-82.24,-29.33,103.09,-128.45,-0.21,0.73,-0.94,4148.62,4032.93,1221.59,968.32,29.45,24.01,5.44,18.34,24.44,-6.1,-2.2,6.56,-8.76,-4.38,4.55,-8.93
3592,瑞鼎科技股份有限公司,2025,3,合併,5427.08,6199.54,-12.46,1554.49,1875.06,-17.1,348.54,597.13,-41.63,343.62,537.18,-36.03,4.53,7.08,-2.55,17103.21,18688.1,-8.48,4849.55,5631.67,-13.89,1250.38,1751.76,-28.62,1068.61,1681.02,-36.43,14.09,22.16,-8.07,19020.37,19862.54,7713.6,8179.78,40.55,41.18,-0.63,28.64,30.25,-1.61,6.42,9.63,-3.21,6.33,8.66,-2.33
3593,力銘科技股份有限公司,2025,3,合併,254.69,225.33,13.03,8.54,-30.11,128.36,-28.18,-77.53,63.65,-30.07,-82.3,63.46,-0.54,-1.47,0.93,895.22,622.41,43.83,19.61,-33.38,158.75,-82.53,-147.17,43.92,-100.41,-108.54,7.49,-1.8,-1.94,0.14,1376.98,1483.2,1203.57,1103.49,87.41,74.4,13.01,3.35,-13.36,16.71,-11.07,-34.41,23.34,-11.81,-36.53,24.72
3596,智易科技股份有限公司,2025,3,合併,13807.81,12166.69,13.49,2117.88,1875.61,12.92,896.25,843.83,6.21,753.71,657.68,14.6,3.42,2.98,0.44,39973.02,36880.35,8.39,6098.17,5558.8,9.7,2679.37,2282.88,17.37,2098.23,1866.31,12.43,9.52,8.47,1.05,45315.71,39770.62,29113.09,24467.58,64.25,61.52,2.73,15.34,15.42,-0.08,6.49,6.94,-0.45,5.46,5.41,0.05
3605,宏致電子股份有限公司,2025,3,合併,2788.11,2688.73,3.7,729.43,684.18,6.61,146.87,154.86,-5.16,223.88,129.32,73.12,1.47,0.96,0.51,8152.41,7086.5,15.04,2102.13,1652.22,27.23,459.56,163.69,180.75,527.09,199.45,164.27,3.51,1.48,2.03,14140.66,13342.48,6759.19,7352.06,47.8,55.1,-7.3,26.16,25.45,0.71,5.27,5.76,-0.49,8.03,4.81,3.22
3607,谷崧精密工業股份有限公司,2025,3,合併,714.01,854.2,-16.41,98.39,70.62,39.32,0.06,-20.7,100.29,51.6,-21.24,342.94,0.42,-0.17,0.59,2145.65,2221.41,-3.41,231.17,188.67,22.53,-43.23,-80.94,46.59,5.29,-32.8,116.13,0.04,-0.27,0.31,2979.15,3209.43,1297.91,1426.65,43.57,44.45,-0.88,13.78,8.27,5.51,0.01,-2.42,2.43,7.23,-2.49,9.72
3617,碩天科技股份有限公司,2025,3,合併,3353.34,3438.48,-2.48,1860.77,1774.25,4.88,736.18,763.3,-3.55,660.75,494.91,33.51,7.02,5.34,1.68,9106.56,9264.5,-1.7,4940.11,4715.5,4.76,1636.99,1877.95,-12.83,1092.78,1611.97,-32.21,11.6,17.59,-5.99,13665.17,14900.68,4507.6,6060.02,32.99,40.67,-7.68,55.49,51.6,3.89,21.95,22.2,-0.25,19.7,14.39,5.31
3622,洋華光電股份有限公司,2025,3,合併,484.46,486.04,-0.33,221.24,202.74,9.12,158.82,145.88,8.87,424.12,306.56,38.35,2.8,2.02,0.78,1294.62,1295.33,-0.05,595.71,599.81,-0.68,409.51,406.36,0.78,740.14,610.41,21.25,4.89,4.03,0.86,8596.19,8094.95,831.56,841.54,9.67,10.4,-0.73,45.67,41.71,3.96,32.78,30.01,2.77,87.54,63.07,24.47
3645,達邁科技股份有限公司,2025,3,合併,617.49,619.04,-0.25,153.14,186.13,-17.72,48.85,62.03,-21.25,63.95,64.14,-0.3,0.47,0.49,-0.02,1814.7,1673.78,8.42,462.53,470.46,-1.69,190.5,179.95,5.86,127.77,212.95,-40.0,0.94,1.61,-0.67,5048.15,4933.03,1815.27,1948.41,35.96,39.5,-3.54,24.8,30.07,-5.27,7.91,10.02,-2.11,10.36,10.36,0.0
3652,精聯電子股份有限公司,2025,3,合併,638.97,589.67,8.36,221.95,206.04,7.72,40.44,26.51,52.55,40.08,19.39,106.7,0.53,0.26,0.27,1826.26,1817.62,0.48,638.05,575.51,10.87,94.39,47.39,99.18,70.43,63.47,10.97,0.94,0.85,0.09,2521.65,2426.1,619.56,573.45,24.57,23.64,0.93,34.74,34.94,-0.2,6.33,4.5,1.83,6.27,3.29,2.98
3653,健策精密工業股份有限公司,2025,3,合併,5069.5,3593.01,41.09,1975.65,1370.07,44.2,1484.42,970.12,53.01,1355.93,770.39,76.01,9.49,5.39,4.1,15003.21,9858.49,52.19,6259.26,3697.89,69.27,4849.83,2579.58,88.01,3848.15,2332.99,64.94,26.92,16.47,10.45,26090.2,16960.13,6790.54,3363.88,26.03,19.83,6.2,38.97,38.13,0.84,29.28,27.0,2.28,26.75,21.44,5.31
3661,世芯電子股份有限公司,2025,3,合併,6569.86,14825.55,-55.69,1840.92,2885.3,-36.2,1157.24,1881.41,-38.49,1327.91,1793.07,-25.94,16.4,22.46,-6.06,26198.71,38897.3,-32.65,6156.88,7431.87,-17.16,3801.8,4742.72,-19.84,4114.95,4610.01,-10.74,50.89,58.43,-7.54,49898.49,47981.07,11960.11,12710.92,23.97,26.49,-2.52,28.02,19.46,8.56,17.61,12.69,4.92,20.21,12.09,8.12
3665,貿聯控股,2025,3,合併,18413.19,14259.29,29.13,6122.91,4181.91,46.41,3597.12,1992.42,80.54,2628.7,1257.21,109.09,13.51,7.0,6.51,51467.31,39668.84,29.74,16288.92,11104.84,46.68,8824.26,4577.12,92.79,6265.29,2840.33,120.58,32.49,16.71,15.78,75459.13,58920.57,33422.07,25668.5,44.29,43.56,0.73,33.25,29.33,3.92,19.54,13.97,5.57,14.28,8.82,5.46
3669,圓展科技股份有限公司,2025,3,合併,634.99,724.82,-12.39,366.14,420.4,-12.91,33.15,70.5,-52.98,63.9,64.92,-1.57,0.69,0.7,-0.01,1877.69,2048.46,-8.34,1107.92,1219.91,-9.18,62.78,151.64,-58.6,25.23,167.62,-84.95,0.27,1.8,-1.53,4410.24,4626.36,1118.2,1163.31,25.35,25.15,0.2,57.66,58.0,-0.34,5.22,9.73,-4.51,10.06,8.96,1.1
3673,"TPK Holding Co., Ltd.",2025,3,合併,16116.85,18553.34,-13.13,1172.6,831.45,41.03,370.01,96.24,284.47,445.81,199.26,123.73,1.1,0.49,0.61,48435.1,53029.89,-8.66,3111.48,2300.86,35.23,825.92,-45.26,1924.83,1042.48,669.65,55.68,2.56,1.65,0.91,84332.4,92204.85,45996.83,52846.9,54.54,57.31,-2.77,7.28,4.48,2.8,2.3,0.52,1.78,2.77,1.07,1.7
3679,新至陞科技股份有限公司,2025,3,合併,1113.16,1119.06,-0.53,358.02,354.14,1.1,244.48,237.19,3.07,253.15,99.4,154.68,4.02,1.59,2.43,3442.43,3017.72,14.07,1138.1,922.13,23.42,784.8,564.51,39.02,386.46,548.96,-29.6,6.15,8.76,-2.61,8698.02,8474.32,4133.82,3780.19,47.53,44.61,2.92,32.16,31.65,0.51,21.96,21.2,0.76,22.74,8.88,13.86
3686,達能科技股份有限公司,2025,3,合併,22.14,15.88,39.42,-0.18,-0.22,18.18,-8.31,-6.62,-25.53,-10.77,4.85,-322.06,-0.14,0.06,-0.2,61.83,60.99,1.38,-0.55,-0.64,14.06,-19.95,-19.28,-3.48,-23.41,2.62,-993.51,-0.31,0.03,-0.34,692.76,711.29,9.62,3.88,1.39,0.55,0.84,-0.8,-1.4,0.6,-37.54,-41.7,4.16,-48.66,30.56,-79.22
3694,海華科技股份有限公司,2025,3,合併,3394.9,2537.56,33.79,485.08,373.93,29.72,210.55,127.48,65.16,217.83,140.64,54.88,1.43,0.93,0.5,8861.16,6983.84,26.88,1277.69,1003.68,27.3,469.59,273.78,71.52,498.73,323.18,54.32,3.27,2.13,1.14,7719.73,6044.51,4263.94,2845.91,55.23,47.08,8.15,14.29,14.74,-0.45,6.2,5.02,1.18,6.42,5.54,0.88
3701,大眾全球投資控股股份有限公司,2025,3,合併,2293.7,3414.53,-32.83,413.8,441.69,-6.31,9.08,78.28,-88.4,37.15,-23.88,255.57,0.16,-0.1,0.26,7674.18,10154.9,-24.43,1392.96,1349.21,3.24,162.02,219.37,-26.14,261.39,46.98,456.39,1.11,0.2,0.91,14313.72,14077.66,7731.53,5561.84,54.01,39.51,14.5,18.04,12.94,5.1,0.4,2.29,-1.89,1.62,-0.7,2.32
3702,大聯大控股股份有限公司,2025,3,合併,244467.11,259068.55,-5.64,9855.38,8408.83,17.2,5350.32,3883.12,37.78,3178.18,2042.06,55.64,1.89,1.22,0.67,743753.19,648945.77,14.61,28668.55,22967.64,24.82,14540.41,10831.94,34.24,7262.07,5622.75,29.16,4.07,3.11,0.96,385267.49,412511.91,307856.7,324703.49,79.91,78.71,1.2,4.03,3.25,0.78,2.19,1.5,0.69,1.3,0.79,0.51
3703,欣陸投資控股股份有限公司,2025,3,合併,6995.8,8189.98,-14.58,879.77,1010.38,-12.93,282.96,378.17,-25.18,423.45,561.89,-24.64,0.51,0.68,-0.17,22119.2,23034.94,-3.98,2430.29,2887.72,-15.84,764.6,1174.29,-34.89,753.82,1312.04,-42.55,0.92,1.59,-0.67,96225.29,83978.71,67028.18,53116.67,69.66,63.25,6.41,12.58,12.34,0.24,4.04,4.62,-0.58,6.05,6.86,-0.81
3704,合勤投資控股股份有限公司,2025,3,合併,6417.44,6401.43,0.25,1915.54,1455.04,31.65,481.63,-75.14,740.98,555.0,-112.52,593.25,1.37,-0.28,1.65,19639.29,18468.85,6.34,5013.68,4451.16,12.64,778.02,-51.86,1600.23,456.27,61.77,638.66,1.13,0.15,0.98,22288.27,21997.98,10839.11,11204.98,48.63,50.94,-2.31,29.85,22.73,7.12,7.51,-1.17,8.68,8.65,-1.76,10.41
3705,永信國際投資控股股份有限公司,2025,3,合併,1911.77,2103.77,-9.13,800.82,923.69,-13.3,241.05,342.33,-29.59,195.27,218.47,-10.62,0.73,0.82,-0.09,6216.36,5876.23,5.79,2703.18,2594.43,4.19,995.87,970.52,2.61,614.71,820.11,-25.05,2.31,3.08,-0.77,11972.21,13457.76,3394.69,4013.18,28.35,29.82,-1.47,41.89,43.91,-2.02,12.61,16.27,-3.66,10.21,10.38,-0.17
3706,神達控股股份有限公司,2025,3,合併,24761.87,15149.86,63.45,3285.46,1866.48,76.02,1671.77,563.28,196.79,2059.47,1145.16,79.84,1.55,0.86,0.69,75051.21,37911.45,97.96,8919.28,4870.55,83.13,4164.09,1057.98,293.59,4888.63,2944.51,66.03,3.68,2.22,1.46,113532.21,92610.0,44136.68,32716.15,38.88,35.33,3.55,13.27,12.32,0.95,6.75,3.72,3.03,8.32,7.56,0.76
3708,上緯國際投資控股股份有限公司,2025,3,合併,152.93,360.85,-57.62,7.53,88.22,-91.46,-94.31,-22.31,-322.73,42.48,50.07,-15.16,0.39,0.46,-0.07,752.97,1035.73,-27.3,90.32,224.96,-59.85,-217.54,-99.71,-118.17,57.11,203.9,-71.99,0.53,1.98,-1.45,18354.0,14183.24,6078.6,4614.32,33.12,32.53,0.59,4.93,24.45,-19.52,-61.67,-6.18,-55.49,27.78,13.88,13.9
3711,日月光投資控股股份有限公司,2025,3,合併,168568.89,160105.11,5.29,28876.74,26425.71,9.28,13200.7,11470.03,15.09,10869.76,9732.54,11.68,2.5,2.25,0.25,467472.47,433146.02,7.92,79457.0,70301.11,13.02,33065.08,27955.84,18.28,25944.68,23170.41,11.97,5.99,5.37,0.62,842643.94,714726.08,503091.52,383615.96,59.7,53.67,6.03,17.13,16.51,0.62,7.83,7.16,0.67,6.45,6.08,0.37
3712,永崴投資控股股份有限公司,2025,3,合併,10406.41,5335.47,95.04,-8483.65,1038.15,-917.19,-8909.2,603.89,-1575.3,-3056.11,387.01,-889.67,-12.41,1.57,-13.98,25887.35,15099.24,71.45,-12936.75,2363.7,-647.31,-14327.26,1106.32,-1395.04,-4870.58,821.9,-692.6,-19.78,3.34,-23.12,68044.22,61724.14,60329.38,42653.43,88.66,69.1,19.56,-81.52,19.46,-100.98,-85.61,11.32,-96.93,-29.37,7.25,-36.62
3714,富采投資控股股份有限公司,2025,3,合併,5602.99,6691.4,-16.27,320.45,1104.05,-70.98,-857.78,-123.5,-594.56,-613.23,7.49,-8287.32,-0.83,0.01,-0.84,16975.08,18880.62,-10.09,1402.39,2801.9,-49.95,-2168.54,-909.73,-138.37,-1933.32,-762.0,-153.72,-2.62,-1.02,-1.6,52268.41,58695.17,9103.49,12421.86,17.42,21.16,-3.74,5.72,16.5,-10.78,-15.31,-1.85,-13.46,-10.94,0.11,-11.05
3715,定穎投資控股股份有限公司,2025,3,合併,4840.28,4747.79,1.95,938.62,1131.6,-17.05,330.09,455.93,-27.6,141.56,257.42,-45.01,0.51,0.93,-0.42,14025.12,13146.79,6.68,2797.7,3237.08,-13.57,974.15,1397.63,-30.3,665.73,880.22,-24.37,2.4,3.17,-0.77,32850.01,28065.99,24914.59,20141.65,75.84,71.77,4.07,19.39,23.83,-4.44,6.82,9.6,-2.78,2.92,5.42,-2.5
3716,中化控股股份有限公司,2025,3,合併,2061.63,2159.57,-4.54,790.68,823.3,-3.96,90.55,81.02,11.76,70.6,73.51,-3.96,0.56,0.49,0.07,6424.29,6659.32,-3.53,2492.82,2516.1,-0.93,344.41,276.88,24.39,235.93,259.6,-9.12,1.87,1.75,0.12,12371.84,12525.17,4891.79,5014.96,39.54,40.04,-0.5,38.35,38.12,0.23,4.39,3.75,0.64,3.42,3.4,0.02
3717,聯嘉光電投資控股股份有限公司,2025,3,合併,1450.47,1404.57,3.27,181.68,208.75,-12.97,-29.49,26.59,-210.91,19.23,1.05,1731.43,0.09,0.01,0.08,4222.73,4204.79,0.43,589.44,643.54,-8.41,-7.92,50.68,-115.63,-59.71,75.78,-178.79,-0.29,0.37,-0.66,7656.1,7187.43,4545.21,3915.45,59.37,54.48,4.89,12.53,14.86,-2.33,-2.03,1.89,-3.92,1.33,0.08,1.25
4104,佳醫健康事業股份有限公司,2025,3,合併,2191.7,2059.16,6.44,457.8,439.56,4.15,179.57,188.15,-4.56,186.92,173.55,7.7,1.09,1.01,0.08,6508.68,6260.71,3.96,1381.09,1271.51,8.62,561.03,527.16,6.42,611.98,579.11,5.68,3.57,3.38,0.19,18802.89,21943.84,7486.77,10878.4,39.82,49.57,-9.75,20.89,21.35,-0.46,8.19,9.14,-0.95,8.53,8.43,0.1
4106,雃博股份有限公司,2025,3,合併,619.09,541.95,14.23,289.16,234.46,23.33,55.68,1.81,2976.24,46.71,7.78,500.39,0.46,0.08,0.38,1779.85,1772.99,0.39,822.85,793.15,3.74,116.89,79.3,47.4,92.52,69.04,34.01,0.92,0.68,0.24,3178.21,3176.33,729.71,763.76,22.96,24.05,-1.09,46.71,43.26,3.45,8.99,0.33,8.66,7.54,1.44,6.1
4108,懷特生技新藥股份有限公司,2025,3,合併,39.86,39.82,0.1,15.67,15.59,0.51,-50.17,-54.31,7.62,-4.72,-11.08,57.4,-0.02,-0.06,0.04,101.43,116.53,-12.96,35.23,45.75,-22.99,-132.44,-130.59,-1.42,-41.16,-54.9,25.03,-0.21,-0.28,0.07,2337.66,2461.78,63.54,63.91,2.72,2.6,0.12,39.32,39.14,0.18,-125.87,-136.41,10.54,-11.83,-27.82,15.99
4119,旭富製藥科技股份有限公司,2025,3,合併,256.44,419.29,-38.84,68.37,116.0,-41.06,18.73,50.92,-63.22,14.0,381.15,-96.33,0.12,3.19,-3.07,988.25,1121.89,-11.91,251.43,315.82,-20.39,112.44,151.03,-25.55,68.52,487.85,-85.95,0.57,4.08,-3.51,6853.18,7229.32,1481.92,1808.44,21.62,25.02,-3.4,26.66,27.67,-1.01,7.3,12.15,-4.85,5.46,90.9,-85.44
4133,亞諾法生技股份有限公司,2025,3,合併,85.28,90.43,-5.7,37.03,41.63,-11.05,-0.63,8.33,-107.56,11.48,3.12,267.95,0.19,0.05,0.14,267.36,267.21,0.06,116.61,124.87,-6.61,11.94,30.8,-61.23,-11.69,48.12,-124.29,-0.19,0.79,-0.98,1316.97,1372.45,74.25,77.2,5.64,5.63,0.01,43.43,46.03,-2.6,-0.74,9.21,-9.95,13.46,3.45,10.01
4137,麗豐股份有限公司,2025,3,合併,1025.02,1022.85,0.21,854.58,860.47,-0.68,263.03,179.28,46.71,164.95,125.83,31.09,2.0,1.52,0.48,2775.6,3039.29,-8.68,2277.44,2524.07,-9.77,506.1,608.52,-16.83,437.12,414.22,5.53,5.3,5.11,0.19,9092.04,8784.23,4265.94,3268.32,46.92,37.21,9.71,83.37,84.13,-0.76,25.66,17.53,8.13,16.09,12.3,3.79
4142,國光生物科技股份有限公司,2025,3,合併,475.32,888.24,-46.49,84.41,440.27,-80.83,-61.86,268.71,-123.02,-18.26,263.3,-106.94,-0.04,0.62,-0.66,656.04,1011.92,-35.17,-80.98,334.96,-124.18,-531.84,-218.64,-143.25,-460.31,-194.46,-136.71,-1.09,-0.46,-0.63,8380.51,8621.55,3527.45,2979.2,42.09,34.56,7.53,17.76,49.57,-31.81,-13.01,30.25,-43.26,-3.84,29.64,-33.48
4148,全宇生技控股有限公司,2025,3,合併,829.8,746.29,11.19,223.5,221.37,0.96,95.86,83.27,15.12,68.76,72.11,-4.65,1.02,1.07,-0.05,2117.26,1748.23,21.11,593.36,475.41,24.81,219.38,112.32,95.32,117.89,108.56,8.59,1.75,1.61,0.14,3880.86,3843.29,698.22,572.62,17.99,14.9,3.09,26.93,29.66,-2.73,11.55,11.16,0.39,8.29,9.66,-1.37
4155,訊映光電股份有限公司,2025,3,合併,379.58,458.27,-17.17,132.47,27.95,373.95,51.94,-21.75,338.8,85.19,-24.24,451.44,0.6,-0.17,0.77,1218.71,1249.31,-2.45,336.01,168.84,99.01,51.38,22.37,129.68,28.91,54.13,-46.59,0.2,0.38,-0.18,3893.33,3428.46,1372.1,973.44,35.24,28.39,6.85,34.9,6.1,28.8,13.68,-4.75,18.43,22.44,-5.29,27.73
4164,承業生醫投資控股股份有限公司,2025,3,合併,1099.24,963.04,14.14,299.8,207.71,44.34,106.94,85.74,24.73,67.19,92.83,-27.62,0.35,0.56,-0.21,3188.84,2579.12,23.64,766.49,543.29,41.08,216.35,169.6,27.56,116.29,123.26,-5.65,0.64,0.74,-0.1,14834.94,13542.19,6887.31,6928.98,46.43,51.17,-4.74,27.27,21.57,5.7,9.73,8.9,0.83,6.11,9.64,-3.53
4169,泰宗生物科技股份有限公司,2025,3,合併,172.66,164.69,4.84,78.02,78.84,-1.04,6.24,-1.64,480.49,7.74,13.67,-43.38,0.13,0.23,-0.1,510.5,494.63,3.21,239.64,246.22,-2.67,25.28,13.53,86.84,23.59,23.52,0.3,0.4,0.4,0.0,1179.12,1189.0,118.34,127.26,10.04,10.7,-0.66,45.19,47.87,-2.68,3.61,-1.0,4.61,4.48,8.3,-3.82
4178,永笙生技股份有限公司及子公司,2025,3,合併,84.4,97.88,-13.77,24.75,30.98,-20.11,-62.82,-59.98,-4.73,-42.52,-44.66,4.79,-0.22,-0.26,0.04,281.7,279.27,0.87,101.47,88.31,14.9,-157.5,-184.58,14.67,-128.27,-146.3,12.32,-0.67,-0.89,0.22,3057.62,3293.12,1324.17,1378.86,43.31,41.87,1.44,29.32,31.66,-2.34,-74.44,-61.28,-13.16,-50.39,-45.63,-4.76
4190,佐登妮絲集團股份有限公司,2025,3,合併,550.06,571.59,-3.77,343.56,348.16,-1.32,-35.0,-109.44,68.02,-33.6,-96.56,65.2,-0.57,-1.61,1.04,1673.55,1710.58,-2.16,1052.18,1052.94,-0.07,-116.8,-256.87,54.53,-106.57,-256.27,58.41,-1.8,-4.27,2.47,6799.45,8306.17,5242.94,6433.0,77.11,77.45,-0.34,62.46,60.91,1.55,-6.36,-19.15,12.79,-6.11,-16.89,10.78
4306,炎洲股份有限公司,2025,3,合併,3424.4,4334.99,-21.01,496.54,699.78,-29.04,90.36,258.71,-65.07,92.11,167.9,-45.14,0.14,0.26,-0.12,9536.32,12523.64,-23.85,1465.45,2173.01,-32.56,291.05,867.61,-66.45,166.82,820.44,-79.67,0.25,1.28,-1.03,36862.52,35653.34,23722.09,22093.48,64.35,61.97,2.38,14.5,16.14,-1.64,2.64,5.97,-3.33,2.69,3.87,-1.18
4414,如興股份有限公司,2025,3,合併,3693.01,4403.82,-16.14,637.08,789.91,-19.35,97.43,222.28,-56.17,162.27,-13.09,1339.65,0.62,-0.09,0.71,10367.9,10840.44,-4.36,2027.79,1771.99,14.44,359.15,151.31,137.36,4.56,-250.3,101.82,0.02,-1.73,1.75,12642.97,13244.48,8365.8,9442.41,66.17,71.29,-5.12,17.25,17.94,-0.69,2.64,5.05,-2.41,4.39,-0.3,4.69
4426,利勤實業股份有限公司,2025,3,合併,215.1,232.03,-7.3,-42.9,-24.12,-77.86,-101.01,-88.66,-13.93,-72.4,-106.25,31.86,-0.42,-0.62,0.2,651.56,735.41,-11.4,-107.27,-15.98,-571.28,-275.78,-187.45,-47.12,-401.53,-162.97,-146.38,-2.33,-0.94,-1.39,4305.18,4704.82,2335.88,2211.12,54.26,47.0,7.26,-19.94,-10.39,-9.55,-46.96,-38.21,-8.75,-33.66,-45.79,12.13
4438,廣越企業股份有限公司,2025,3,合併,7271.34,6584.09,10.44,1093.31,999.69,9.36,623.3,552.35,12.85,518.2,390.61,32.66,5.05,3.78,1.27,14831.96,13084.5,13.36,2179.63,1854.19,17.55,877.34,643.52,36.33,352.92,488.85,-27.81,3.43,4.73,-1.3,22248.52,18253.5,12014.03,8126.17,54.0,44.52,9.48,15.04,15.18,-0.14,8.57,8.39,0.18,7.13,5.93,1.2
4439,冠星集團控股有限公司,2025,3,合併,1911.44,1389.63,37.55,396.57,208.16,90.51,180.35,14.6,1135.27,142.22,30.11,372.33,3.74,0.8,2.94,5624.33,4314.17,30.37,1040.59,764.73,36.07,407.64,221.11,84.36,293.17,137.47,113.26,7.71,3.63,4.08,6222.17,5580.05,3001.99,2335.16,48.25,41.85,6.4,20.75,14.98,5.77,9.44,1.05,8.39,7.44,2.17,5.27
4441,振大環球股份有限公司,2025,3,合併,2258.07,2138.32,5.6,525.13,529.31,-0.79,367.76,383.84,-4.19,377.21,360.67,4.59,6.07,5.98,0.09,5683.63,4409.4,28.9,1279.25,1160.12,10.27,888.48,800.98,10.92,694.04,814.43,-14.78,11.38,13.51,-2.13,8892.65,6530.99,2189.82,1677.02,24.63,25.68,-1.05,23.26,24.75,-1.49,16.29,17.95,-1.66,16.7,16.87,-0.17
4526,東台精機股份有限公司,2025,3,合併,1173.26,1339.75,-12.43,242.21,150.14,61.32,-112.84,-182.36,38.12,11.47,-140.19,108.18,0.05,-0.55,0.6,3983.39,4032.58,-1.22,740.16,548.36,34.98,-415.97,-553.72,24.88,663.08,-386.84,271.41,2.61,-1.52,4.13,12971.06,12913.79,8014.02,7947.21,61.78,61.54,0.24,20.64,11.21,9.43,-9.62,-13.61,3.99,0.98,-10.46,11.44
4532,瑞智精密股份有限公司,2025,3,合併,3837.23,4982.94,-22.99,574.56,732.34,-21.54,110.68,183.55,-39.7,155.82,148.33,5.05,0.31,0.3,0.01,15924.03,16072.81,-0.93,2630.79,2497.8,5.32,1072.01,940.64,13.97,742.8,723.75,2.63,1.5,1.45,0.05,26921.77,28086.2,16141.18,16911.32,59.96,60.21,-0.25,14.97,14.7,0.27,2.88,3.68,-0.8,4.06,2.98,1.08
4536,拓凱實業股份有限公司,2025,3,合併,2417.87,2600.1,-7.01,840.41,883.02,-4.83,480.71,533.0,-9.81,350.92,319.92,9.69,3.86,3.52,0.34,7333.84,6821.5,7.51,2639.54,2353.64,12.15,1524.86,1329.06,14.73,1097.24,1103.28,-0.55,12.08,12.15,-0.07,13632.22,14617.71,4223.2,5718.29,30.98,39.12,-8.14,34.76,33.96,0.8,19.88,20.5,-0.62,14.51,12.3,2.21
4540,全球傳動科技股份有限公司,2025,3,合併,674.4,495.56,36.09,28.97,-9.73,397.74,-128.25,-119.52,-7.3,-90.71,-89.01,-1.91,-0.81,-0.93,0.12,1788.79,1664.49,7.47,118.89,-129.59,191.74,-289.73,-507.86,42.95,-120.41,-340.24,64.61,-1.08,-3.54,2.46,7256.6,6878.89,3939.65,3813.54,54.29,55.44,-1.15,4.3,-1.96,6.26,-19.02,-24.12,5.1,-13.45,-17.96,4.51
4545,銘鈺精密工業股份有限公司,2025,3,合併,635.06,656.9,-3.32,85.45,161.13,-46.97,5.29,71.21,-92.57,18.95,50.45,-62.44,0.25,0.65,-0.4,1828.62,1832.04,-0.19,281.44,459.37,-38.73,47.64,195.22,-75.6,2.41,177.39,-98.64,0.03,2.3,-2.27,3081.52,3235.51,1229.32,1222.3,39.89,37.78,2.11,13.46,24.53,-11.07,0.83,10.84,-10.01,2.98,7.68,-4.7
4551,智伸科技股份有限公司,2025,3,合併,1939.78,2215.68,-12.45,420.79,535.5,-21.42,220.25,336.85,-34.61,270.95,202.25,33.97,2.35,1.76,0.59,5775.28,5707.4,1.19,1334.08,1157.99,15.21,804.62,550.42,46.18,419.37,544.79,-23.02,3.64,4.73,-1.09,13611.7,13649.25,5136.95,5274.58,37.74,38.64,-0.9,21.69,24.17,-2.48,11.35,15.2,-3.85,13.97,9.13,4.84
4552,力達控股有限公司,2025,3,合併,922.04,977.43,-5.67,169.38,200.61,-15.57,113.88,37.62,202.71,100.23,31.56,217.59,0.86,0.27,0.59,2613.87,2679.4,-2.45,507.83,543.94,-6.64,247.09,168.3,46.82,200.04,108.15,84.97,1.72,0.93,0.79,7708.54,7990.65,1740.78,1781.55,22.58,22.3,0.28,18.37,20.52,-2.15,12.35,3.85,8.5,10.87,3.23,7.64
4555,台灣氣立股份有限公司,2025,3,合併,406.67,391.04,4.0,129.99,88.7,46.55,14.77,-25.78,157.29,7.59,-54.84,113.84,0.11,-0.78,0.89,1207.58,1110.25,8.77,369.11,279.73,31.95,37.63,-33.5,212.33,-1.32,-50.73,97.4,-0.02,-0.73,0.71,4405.61,4448.88,1560.53,1510.84,35.42,33.96,1.46,31.96,22.68,9.28,3.63,-6.59,10.22,1.87,-14.02,15.89
4557,永新控股股份有限公司,2025,3,合併,907.66,1071.26,-15.27,262.19,301.68,-13.09,-391.51,153.71,-354.71,-308.9,125.79,-345.57,-6.44,3.0,-9.44,3028.65,2747.19,10.25,903.11,789.76,14.35,-88.5,386.98,-122.87,-103.82,309.33,-133.56,-2.24,7.37,-9.61,4665.2,4605.52,2048.49,2248.29,43.91,48.82,-4.91,28.89,28.16,0.73,-43.13,14.35,-57.48,-34.03,11.74,-45.77
4560,強信機械科技股份有限公司,2025,3,合併,405.9,411.46,-1.35,135.72,129.76,4.59,48.56,41.27,17.66,46.94,38.81,20.95,0.69,0.57,0.12,1259.83,1157.69,8.82,458.79,374.6,22.47,192.89,111.09,73.63,147.17,91.58,60.7,2.16,1.34,0.82,2260.42,2267.22,418.54,431.44,18.52,19.03,-0.51,33.44,31.54,1.9,11.96,10.03,1.93,11.56,9.43,2.13
4562,穎漢科技股份有限公司,2025,3,合併,196.17,224.31,-12.55,69.48,75.87,-8.42,-19.27,-12.81,-50.43,-13.3,-15.64,14.96,-0.15,-0.18,0.03,579.24,560.63,3.32,217.84,192.45,13.19,-48.62,-54.98,11.57,-66.46,-36.04,-84.41,-0.76,-0.41,-0.35,2104.95,2294.49,1147.04,1253.04,54.49,54.61,-0.12,35.42,33.82,1.6,-9.82,-5.71,-4.11,-6.78,-6.97,0.19
4564,元翎精密工業股份有限公司及子公司,2025,3,合併,215.44,289.48,-25.58,-80.14,-45.4,-76.52,-115.01,-84.39,-36.28,-106.47,-74.84,-42.26,-0.46,-0.37,-0.09,831.37,766.71,8.43,-168.75,-178.48,5.45,-281.93,-293.47,3.93,-345.89,-277.53,-24.63,-1.54,-1.37,-0.17,6704.93,7254.95,2512.86,3219.62,37.48,44.38,-6.9,-37.2,-15.68,-21.52,-53.39,-29.15,-24.24,-49.42,-25.85,-23.57
4566,時碩工業股份有限公司,2025,3,合併,1269.21,1285.46,-1.26,247.75,285.0,-13.07,71.26,37.8,88.52,103.64,35.82,189.34,0.94,0.33,0.61,3759.8,3600.13,4.44,826.26,795.14,3.91,177.02,148.88,18.9,83.28,275.33,-69.75,0.76,2.84,-2.08,10177.79,10615.3,5378.9,5462.98,52.85,51.46,1.39,19.52,22.17,-2.65,5.61,2.94,2.67,8.17,2.79,5.38
4569,英屬開曼群島商六方科技股份有限公司,2025,3,合併,469.45,388.71,20.77,106.97,98.29,8.83,46.58,39.17,18.92,76.57,49.1,55.95,2.52,1.58,0.94,1380.68,1071.89,28.81,312.51,258.42,20.93,141.96,99.21,43.09,99.14,205.56,-51.77,3.23,6.63,-3.4,3459.0,3143.64,828.95,343.9,23.97,10.94,13.03,22.79,25.29,-2.5,9.92,10.08,-0.16,16.31,12.63,3.68
4571,鈞興機電國際股份有限公司,2025,3,合併,806.82,719.61,12.12,276.03,216.98,27.21,159.04,102.85,54.63,132.71,97.57,36.02,2.56,1.89,0.67,2334.36,2232.88,4.54,760.77,676.5,12.46,396.44,334.94,18.36,379.73,352.61,7.69,7.33,6.81,0.52,3661.86,3706.29,771.6,883.27,21.07,23.83,-2.76,34.21,30.15,4.06,19.71,14.29,5.42,16.45,13.56,2.89
4572,駐龍精密機械股份有限公司,2025,3,合併,160.41,223.36,-28.18,46.81,107.26,-56.36,21.74,79.07,-72.51,32.15,60.07,-46.48,0.8,1.5,-0.7,507.22,667.93,-24.06,174.26,331.33,-47.41,102.61,241.52,-57.51,79.48,216.28,-63.25,1.99,5.41,-3.42,2950.9,2900.4,967.22,879.17,32.78,30.31,2.47,29.18,48.02,-18.84,13.55,35.4,-21.85,20.04,26.89,-6.85
4576,大銀微系統股份有限公司,2025,3,合併,689.24,598.25,15.21,232.54,197.83,17.55,71.67,34.09,110.24,72.1,24.29,196.83,0.6,0.2,0.4,1959.08,1634.71,19.84,700.75,494.69,41.65,224.34,4.72,4652.97,151.03,27.7,445.23,1.26,0.23,1.03,6722.79,6390.6,2428.31,2325.18,36.12,36.38,-0.26,33.74,33.07,0.67,10.4,5.7,4.7,10.46,4.06,6.4
4581,光隆精密股份有限公司,2025,3,合併,266.18,267.79,-0.6,86.0,92.64,-7.17,46.81,46.04,1.67,41.0,36.5,12.33,1.21,1.08,0.13,828.79,827.61,0.14,284.3,264.81,7.36,153.08,135.71,12.8,132.49,122.57,8.09,3.91,3.62,0.29,2352.01,1746.77,1198.61,640.84,50.96,36.69,14.27,32.31,34.59,-2.28,17.58,17.19,0.39,15.4,13.63,1.77
4583,台灣精銳科技股份有限公司,2025,3,合併,692.29,758.75,-8.76,359.61,415.66,-13.48,203.5,253.21,-19.63,243.64,251.63,-3.18,3.04,3.14,-0.1,2236.02,2227.34,0.39,1173.75,1212.95,-3.23,710.66,745.41,-4.66,671.35,909.13,-26.15,8.37,11.34,-2.97,10989.98,10889.26,1091.47,924.93,9.93,8.49,1.44,51.94,54.78,-2.84,29.39,33.37,-3.98,35.19,33.16,2.03
4585,達明機器人股份有限公司,2025,3,合併,455.41,322.11,41.38,228.37,171.07,33.5,9.9,-10.3,196.12,36.92,8.31,344.28,0.41,0.09,0.32,1346.74,1088.18,23.76,688.35,539.59,27.57,83.71,3.04,2653.62,73.2,52.94,38.27,0.81,0.59,0.22,7451.94,2347.56,743.72,619.05,9.98,26.37,-16.39,50.15,53.11,-2.96,2.17,-3.2,5.37,8.11,2.58,5.53
4720,德淵企業股份有限公司,2025,3,合併,874.34,936.35,-6.62,195.46,218.53,-10.56,13.93,41.43,-66.38,26.88,43.73,-38.53,0.24,0.4,-0.16,2656.39,2699.37,-1.59,611.91,644.0,-4.98,93.01,140.92,-34.0,62.93,129.89,-51.55,0.55,1.23,-0.68,3369.91,3243.69,1691.76,1529.78,50.2,47.16,3.04,22.35,23.34,-0.99,1.59,4.42,-2.83,3.07,4.67,-1.6
4722,國精化學股份有限公司,2025,3,合併,969.23,1058.36,-8.42,181.47,182.76,-0.71,86.44,73.33,17.88,81.47,55.15,47.72,0.81,0.55,0.26,2859.43,3073.7,-6.97,472.19,524.18,-9.92,188.84,214.96,-12.15,133.93,181.95,-26.39,1.33,1.82,-0.49,6229.74,5289.08,3182.58,2292.74,51.09,43.35,7.74,18.72,17.27,1.45,8.92,6.93,1.99,8.41,5.21,3.2
4736,泰博科技股份有限公司,2025,3,合併,1077.98,1231.98,-12.5,429.43,588.18,-26.99,158.01,311.76,-49.32,613.65,98.61,522.3,6.43,1.03,5.4,3175.82,3473.73,-8.58,1529.1,1505.87,1.54,776.91,596.21,30.31,1065.49,771.1,38.18,11.17,8.09,3.08,12790.5,12561.03,3057.94,3454.14,23.91,27.5,-3.59,39.84,47.74,-7.9,14.66,25.31,-10.65,56.93,8.0,48.93
4737,華廣生技股份有限公司,2025,3,合併,458.5,488.27,-6.1,126.05,178.27,-29.29,-62.9,-63.04,0.22,-60.51,-53.84,-12.39,-0.9,-0.8,-0.1,1411.62,1431.53,-1.39,458.92,585.69,-21.64,-94.28,-118.29,20.3,-87.83,-94.69,7.24,-1.31,-1.41,0.1,5584.68,5554.98,3727.73,3704.9,66.75,66.7,0.05,27.49,36.51,-9.02,-13.72,-12.91,-0.81,-13.2,-11.03,-2.17
4739,康普材料科技股份有限公司,2025,3,合併,1760.2,997.04,76.54,216.13,144.52,49.55,120.28,57.36,109.69,84.16,39.33,113.98,0.71,0.34,0.37,4264.51,3191.09,33.64,561.36,456.18,23.06,271.64,184.89,46.92,63.36,148.57,-57.35,0.54,1.27,-0.73,11267.8,9615.2,4862.19,3104.38,43.15,32.29,10.86,12.28,14.5,-2.22,6.83,5.75,1.08,4.78,3.95,0.83
4746,台耀化學股份有限公司,2025,3,合併,1160.62,1030.88,12.59,491.77,424.16,15.94,154.63,112.34,37.64,324.11,22.37,1348.86,2.7,0.19,2.51,3547.17,3379.5,4.96,1489.7,1489.03,0.04,524.48,466.34,12.47,293.79,210.28,39.71,2.44,1.75,0.69,13543.98,13938.88,4986.65,5203.21,36.82,37.33,-0.51,42.37,41.15,1.22,13.32,10.9,2.42,27.93,2.17,25.76
4755,三福化工股份有限公司,2025,3,合併,1177.69,1233.46,-4.52,241.57,256.08,-5.67,79.42,129.09,-38.48,95.93,94.63,1.37,0.95,0.94,0.01,3585.86,3568.31,0.49,772.62,776.05,-0.44,364.65,398.35,-8.46,241.08,316.46,-23.82,2.39,3.14,-0.75,8372.34,7836.14,3190.72,3375.24,38.11,43.07,-4.96,20.51,20.76,-0.25,6.74,10.47,-3.73,8.15,7.67,0.48
4763,英屬開曼群島商濟南大自然新材料股份有限公司,2025,3,合併,2447.72,4371.67,-44.01,1476.78,2718.23,-45.67,1290.64,2415.85,-46.58,1152.07,1811.19,-36.39,1.16,1.83,-0.67,10461.46,11180.49,-6.43,6151.95,7107.9,-13.45,5557.21,6396.14,-13.12,4886.1,5667.53,-13.79,4.94,5.74,-0.8,20027.93,18796.95,2057.48,4940.04,10.27,26.28,-16.01,60.33,62.18,-1.85,52.73,55.26,-2.53,47.07,41.43,5.64
4764,雙鍵化工股份有限公司,2025,3,合併,674.53,734.16,-8.12,121.22,74.35,63.04,23.8,-29.63,180.32,20.66,-22.22,192.98,0.24,-0.26,0.5,2064.24,1943.1,6.23,380.32,230.23,65.19,104.55,-65.4,259.86,52.74,-60.52,187.14,0.62,-0.71,1.33,4568.06,4809.41,2403.67,2593.38,52.62,53.92,-1.3,17.97,10.13,7.84,3.53,-4.04,7.57,3.06,-3.03,6.09
4766,南寶樹脂化學工廠股份有限公司,2025,3,合併,5910.26,6087.99,-2.92,2000.85,1995.27,0.28,962.74,968.14,-0.56,599.01,660.57,-9.32,4.97,5.48,-0.51,17270.16,16861.08,2.43,5915.21,5463.51,8.27,2857.45,2588.37,10.4,1881.47,2039.23,-7.74,15.6,16.91,-1.31,26878.95,27003.75,12612.45,11639.58,46.92,43.1,3.82,33.85,32.77,1.08,16.29,15.9,0.39,10.14,10.85,-0.71
4770,上品綜合工業股份有限公司,2025,3,合併,1397.06,1772.44,-21.18,415.38,678.82,-38.81,267.71,509.53,-47.46,244.02,422.11,-42.19,3.05,5.28,-2.23,3675.23,4840.28,-24.07,1257.68,2006.62,-37.32,851.3,1551.97,-45.15,672.01,1312.38,-48.79,8.4,16.42,-8.02,9740.36,10333.43,1866.77,2384.18,19.17,23.07,-3.9,29.73,38.3,-8.57,19.16,28.75,-9.59,17.47,23.82,-6.35
4771,望隼科技股份有限公司,2025,3,合併,853.6,742.45,14.97,341.56,276.96,23.32,234.48,205.13,14.31,192.81,144.74,33.21,3.3,2.5,0.8,2536.5,2240.25,13.22,1033.02,871.57,18.52,729.07,665.99,9.47,535.24,500.32,6.98,9.2,8.89,0.31,6534.85,5789.92,2435.87,2116.19,37.28,36.55,0.73,40.01,37.3,2.71,27.47,27.63,-0.16,22.59,19.5,3.09
4807,日成控股股份有限公司,2025,3,合併,624.06,571.8,9.14,101.14,71.59,41.28,33.54,-10.66,414.63,21.73,-29.65,173.29,0.57,-0.77,1.34,1606.54,1215.5,32.17,212.94,148.96,42.95,3.28,-79.97,104.1,-21.6,-82.75,73.9,-0.56,-2.16,1.6,1750.22,1641.81,940.14,802.52,53.72,48.88,4.84,16.21,12.52,3.69,5.38,-1.86,7.24,3.48,-5.19,8.67
4904,遠傳電信股份有限公司,2025,3,合併,26394.0,24739.15,6.69,8182.46,8054.89,1.58,4183.34,3975.27,5.23,3447.97,3171.73,8.71,0.96,0.88,0.08,77661.71,75455.27,2.92,24553.91,23737.28,3.44,12705.42,11275.55,12.68,10063.54,9232.05,9.01,2.79,2.56,0.23,181562.82,187501.42,91856.51,98872.81,50.59,52.73,-2.14,31.0,32.56,-1.56,15.85,16.07,-0.22,13.06,12.82,0.24
4906,正文科技股份有限公司,2025,3,合併,3557.47,6174.58,-42.39,581.55,805.62,-27.81,35.41,177.73,-80.08,155.03,94.96,63.26,0.36,0.23,0.13,12908.17,19545.39,-33.96,1769.95,2390.75,-25.97,115.69,568.68,-79.66,-191.28,468.83,-140.8,-0.45,1.14,-1.59,17445.49,23130.86,5737.3,9992.65,32.89,43.2,-10.31,16.35,13.05,3.3,1.0,2.88,-1.88,4.36,1.54,2.82
4912,聯德控股股份有限公司,2025,3,合併,1489.2,1545.37,-3.63,358.48,406.49,-11.81,110.43,187.58,-41.13,66.04,131.71,-49.86,1.01,2.02,-1.01,4377.86,4266.76,2.6,929.99,1034.76,-10.13,222.43,423.19,-47.44,178.35,311.39,-42.72,2.73,4.77,-2.04,8511.78,8023.22,4713.92,4205.78,55.38,52.42,2.96,24.07,26.3,-2.23,7.42,12.14,-4.72,4.43,8.52,-4.09
4915,致伸科技股份有限公司,2025,3,合併,15879.05,16008.53,-0.81,2704.18,2737.4,-1.21,775.54,832.14,-6.8,711.69,772.9,-7.92,1.55,1.7,-0.15,45238.95,45025.32,0.47,7790.75,7576.2,2.83,2220.43,2213.08,0.33,2184.91,2081.56,4.97,4.76,4.58,0.18,49239.03,50945.76,30088.16,30473.71,61.11,59.82,1.29,17.03,17.1,-0.07,4.88,5.2,-0.32,4.48,4.83,-0.35
4916,事欣科技股份有限公司,2025,3,合併,880.03,881.12,-0.12,176.04,154.24,14.13,73.65,67.58,8.98,58.58,26.18,123.76,0.5,0.27,0.23,2517.85,2762.42,-8.85,517.91,341.07,51.85,204.29,38.21,434.65,125.09,-64.47,294.03,1.14,-0.66,1.8,4207.62,3496.9,1260.95,1534.24,29.97,43.87,-13.9,20.0,17.5,2.5,8.37,7.67,0.7,6.66,2.97,3.69
4919,新唐科技股份有限公司,2025,3,合併,7272.08,7956.81,-8.61,2596.88,2971.86,-12.62,-516.2,-31.73,-1526.85,-513.47,-105.45,-386.93,-1.22,-0.25,-0.97,23452.17,24652.99,-4.87,8775.72,9327.2,-5.91,-544.51,232.96,-333.74,-970.65,282.26,-443.89,-2.31,0.67,-2.98,32799.03,30715.69,18982.5,14614.18,57.88,47.58,10.3,35.71,37.35,-1.64,-7.1,-0.4,-6.7,-7.06,-1.33,-5.73
4927,泰鼎國際股份有限公司,2025,3,合併,2913.42,3426.13,-14.96,-66.14,13.04,-607.21,-437.51,-459.12,4.71,-508.51,-510.86,0.46,-2.24,-2.69,0.45,8936.41,9378.49,-4.71,207.78,317.62,-34.58,-900.71,-998.55,9.8,-1088.61,-1135.9,4.16,-4.9,-5.98,1.08,18853.9,20703.72,12378.5,14291.34,65.65,69.03,-3.38,-2.27,0.38,-2.65,-15.02,-13.4,-1.62,-17.45,-14.91,-2.54
4930,燦星網通股份有限公司,2025,3,合併,1714.59,2534.03,-32.34,250.78,409.59,-38.77,34.79,153.62,-77.35,27.96,58.08,-51.86,0.35,0.73,-0.38,4698.61,6175.72,-23.92,689.99,983.18,-29.82,54.07,301.14,-82.04,43.41,157.44,-72.43,0.54,1.97,-1.43,10997.11,12349.09,4892.77,5937.09,44.49,48.08,-3.59,14.63,16.16,-1.53,2.03,6.06,-4.03,1.63,2.29,-0.66
4934,太極能源科技股份有限公司,2025,3,合併,28.07,73.93,-62.03,-29.54,-33.74,12.45,-97.44,-131.81,26.08,-38.14,-87.56,56.44,-0.17,-0.39,0.22,63.6,342.68,-81.44,-90.92,-87.98,-3.34,-322.6,-366.63,12.01,-150.59,-179.62,16.16,-0.67,-0.8,0.13,2385.45,2941.96,640.67,887.9,26.86,30.18,-3.32,-105.24,-45.64,-59.6,-347.13,-178.28,-168.85,-135.87,-118.42,-17.45
4935,茂林光電科技（開曼）股份有限公司,2025,3,合併,1407.01,1966.42,-28.45,205.63,298.9,-31.2,27.77,100.3,-72.31,79.43,99.19,-19.92,0.62,0.77,-0.15,4238.29,5181.68,-18.21,633.47,846.99,-25.21,104.89,271.2,-61.32,132.9,391.39,-66.04,1.03,3.04,-2.01,9978.67,10962.67,2245.12,2588.09,22.5,23.61,-1.11,14.61,15.2,-0.59,1.97,5.1,-3.13,5.65,5.04,0.61
4938,和碩聯合科技股份有限公司,2025,3,合併,257863.12,294230.23,-12.36,10902.15,12039.64,-9.45,3217.92,3640.2,-11.6,4544.9,4295.66,5.8,1.69,1.61,0.08,797632.39,798344.68,-0.09,29444.73,34219.98,-13.95,7171.72,9599.17,-25.29,9135.65,13139.44,-30.47,3.42,4.93,-1.51,613987.1,634650.34,385832.82,403043.93,62.84,63.51,-0.67,4.23,4.09,0.14,1.25,1.24,0.01,1.76,1.46,0.3
4942,嘉彰股份有限公司,2025,3,合併,1508.33,1417.64,6.4,337.51,326.04,3.52,138.84,80.31,72.88,120.23,61.79,94.58,0.84,0.43,0.41,4416.12,4243.93,4.06,1002.04,1014.65,-1.24,355.95,380.41,-6.43,252.42,422.33,-40.23,1.77,2.97,-1.2,11320.01,11093.39,2709.39,2223.92,23.93,20.05,3.88,22.38,23.0,-0.62,9.2,5.67,3.53,7.97,4.36,3.61
4943,英屬開曼群島商康而富控股股份有限公司及子公司,2025,3,合併,427.14,386.9,10.4,0.33,-25.33,101.3,-95.6,-118.99,19.66,49.72,-34.42,244.45,0.4,-0.29,0.69,1196.25,1119.18,6.89,-49.72,-57.77,13.93,-330.25,-344.78,4.21,-186.57,-92.71,-101.24,-1.51,-0.8,-0.71,2436.7,2530.06,2195.59,2048.71,90.11,80.97,9.14,0.08,-6.55,6.63,-22.38,-30.75,8.37,11.64,-8.9,20.54
4949,有成精密股份有限公司,2025,3,合併,536.42,573.89,-6.53,204.38,180.74,13.08,48.05,7.51,539.81,48.51,-12.31,494.07,0.72,-0.19,0.91,1781.23,1813.01,-1.75,627.95,389.7,61.14,140.84,-135.27,204.12,99.49,-122.56,181.18,1.48,-1.92,3.4,2172.27,2033.36,584.08,513.56,26.89,25.26,1.63,38.1,31.49,6.61,8.96,1.31,7.65,9.04,-2.15,11.19
4952,凌通科技股份有限公司,2025,3,合併,478.77,656.87,-27.11,144.29,244.13,-40.9,3.86,76.82,-94.98,8.09,60.85,-86.71,0.07,0.56,-0.49,1669.97,1991.65,-16.15,578.02,756.11,-23.55,118.59,231.78,-48.84,110.03,240.96,-54.34,1.01,2.21,-1.2,2801.29,3103.26,719.26,864.95,25.68,27.87,-2.19,30.14,37.17,-7.03,0.81,11.7,-10.89,1.69,9.26,-7.57
4956,光鋐科技股份有限公司,2025,3,合併,367.86,358.81,2.52,11.83,51.39,-76.98,-22.93,1.82,-1359.89,-4.11,-0.43,-855.81,-0.04,0.0,-0.04,1028.05,965.72,6.45,23.62,114.85,-79.43,-94.66,-32.55,-190.81,-103.33,-11.36,-809.6,-1.03,-0.11,-0.92,2689.09,2786.06,1093.08,1075.01,40.65,38.59,2.06,3.22,14.32,-11.1,-6.23,0.51,-6.74,-1.12,-0.12,-1.0
4958,臻鼎科技控股股份有限公司,2025,3,合併,47366.17,50609.0,-6.41,10410.41,11405.65,-8.73,4529.95,5933.06,-23.65,2391.74,3353.19,-28.67,2.46,3.52,-1.06,125651.52,115530.59,8.76,23306.33,20990.01,11.04,8010.67,6032.09,32.8,3629.23,4816.48,-24.65,3.79,5.08,-1.29,274787.77,259685.5,120978.67,115598.64,44.03,44.51,-0.48,21.98,22.54,-0.56,9.56,11.72,-2.16,5.05,6.63,-1.58
4960,誠美材料科技股份有限公司,2025,3,合併,2159.65,2330.03,-7.31,-59.31,163.34,-136.31,-304.22,-122.09,-149.18,-219.28,-234.25,6.39,-0.39,-0.41,0.02,6391.05,6751.08,-5.33,-203.14,400.64,-150.7,-917.87,-330.69,-177.56,-1200.45,-125.82,-854.1,-2.11,-0.22,-1.89,13935.94,14646.78,6391.85,5579.24,45.87,38.09,7.78,-2.75,7.01,-9.76,-14.09,-5.24,-8.85,-10.15,-10.05,-0.1
4961,天鈺科技股份有限公司,2025,3,合併,4271.35,5307.41,-19.52,1202.0,1489.59,-19.31,262.58,618.72,-57.56,267.32,507.62,-47.34,2.2,4.19,-1.99,14009.0,14053.26,-0.31,4021.36,4146.46,-3.02,1245.62,1706.22,-27.0,979.27,1485.78,-34.09,8.08,12.28,-4.2,25610.38,25436.57,3820.53,3569.05,14.92,14.03,0.89,28.14,28.07,0.07,6.15,11.66,-5.51,6.26,9.56,-3.3
4967,十銓科技股份有限公司,2025,3,合併,4163.41,6200.59,-32.85,552.93,458.37,20.63,252.72,93.72,169.65,199.62,144.95,37.72,2.35,1.73,0.62,14079.5,16671.81,-15.55,1486.88,1887.01,-21.2,372.12,618.15,-39.8,295.06,563.82,-47.67,3.47,7.51,-4.04,9634.85,9583.15,5600.75,5546.6,58.13,57.88,0.25,13.28,7.39,5.89,6.07,1.51,4.56,4.79,2.34,2.45
4968,立積電子股份有限公司及子公司,2025,3,合併,985.9,908.77,8.49,371.82,286.08,29.97,82.76,-1.43,5887.41,129.46,-17.47,841.04,1.4,-0.19,1.59,2809.73,2781.54,1.01,990.94,927.45,6.85,158.77,74.21,113.95,126.15,86.22,46.31,1.37,0.95,0.42,3488.52,3423.8,862.72,1100.44,24.73,32.14,-7.41,37.71,31.48,6.23,8.39,-0.16,8.55,13.13,-1.92,15.05
4977,眾達科技股份有限公司,2025,3,合併,280.1,357.64,-21.68,75.81,97.8,-22.48,33.32,46.36,-28.13,80.36,89.18,-9.89,1.02,1.11,-0.09,823.69,699.0,17.84,203.27,134.73,50.87,56.89,-13.31,527.42,278.75,99.52,180.09,3.53,1.24,2.29,4553.19,5496.36,855.86,1540.51,18.8,28.03,-9.23,27.06,27.35,-0.29,11.9,12.96,-1.06,28.69,24.94,3.75
4989,李長榮科技股份有限公司,2025,3,合併,614.32,711.98,-13.72,-92.61,-109.17,15.17,-121.86,-145.89,16.47,-116.75,-126.41,7.64,-0.85,-0.92,0.07,1863.61,2418.56,-22.95,-345.91,-129.32,-167.48,-440.15,-252.31,-74.45,-460.24,-154.34,-198.2,-3.34,-1.12,-2.22,2085.43,2756.61,595.6,655.16,28.56,23.77,4.79,-15.08,-15.33,0.25,-19.84,-20.49,0.65,-19.0,-17.75,-1.25
4994,傳奇網路遊戲股份有限公司,2025,3,合併,305.74,400.44,-23.65,205.0,260.55,-21.32,38.25,92.34,-58.58,32.28,79.34,-59.31,0.49,1.19,-0.7,894.35,1232.45,-27.43,600.63,813.25,-26.14,141.08,253.99,-44.45,113.44,246.39,-53.96,1.71,3.71,-2.0,1303.42,1541.79,297.82,389.32,22.85,25.25,-2.4,67.05,65.07,1.98,12.51,23.06,-10.55,10.56,19.81,-9.25
4999,鑫禾科技股份有限公司,2025,3,合併,484.57,504.66,-3.98,48.73,95.42,-48.93,-41.7,7.14,-684.03,-13.91,-11.31,-22.99,-0.19,-0.15,-0.04,1440.47,1451.96,-0.79,222.08,262.5,-15.4,-33.0,7.83,-521.46,-99.52,40.37,-346.52,-1.35,0.55,-1.9,3849.36,4139.16,665.41,745.23,17.29,18.0,-0.71,10.06,18.91,-8.85,-8.61,1.42,-10.03,-2.87,-2.24,-0.63
5007,三星科技股份有限公司,2025,3,合併,1546.76,1780.94,-13.15,339.6,458.11,-25.87,209.93,315.48,-33.46,219.07,253.22,-13.49,0.74,0.86,-0.12,4697.77,5274.91,-10.94,1085.53,1372.7,-20.92,702.28,967.48,-27.41,602.8,854.1,-29.42,2.04,2.9,-0.86,8258.99,8621.01,1064.36,1277.12,12.89,14.81,-1.92,21.96,25.72,-3.76,13.57,17.71,-4.14,14.16,14.22,-0.06
5203,訊連科技股份有限公司,2025,3,合併,635.88,523.18,21.54,538.28,442.5,21.65,91.77,52.64,74.34,132.04,43.9,200.77,1.67,0.56,1.11,1806.36,1546.16,16.83,1532.57,1308.0,17.17,250.57,131.57,90.45,204.09,228.35,-10.62,2.58,2.89,-0.31,5878.01,5898.85,1385.26,1332.23,23.57,22.58,0.99,84.65,84.58,0.07,14.43,10.06,4.37,20.77,8.39,12.38
5215,科嘉（開曼）股份有限公司及子公司,2025,3,合併,722.92,750.86,-3.72,200.68,199.02,0.83,87.11,79.93,8.98,97.97,58.11,68.59,1.52,0.9,0.62,1924.56,1991.85,-3.38,460.64,549.82,-16.22,131.6,188.56,-30.21,90.29,182.08,-50.41,1.4,2.83,-1.43,4427.59,4515.91,931.83,870.58,21.05,19.28,1.77,27.76,26.51,1.25,12.05,10.65,1.4,13.55,7.74,5.81
5225,東科控股股份有限公司,2025,3,合併,3617.2,3804.32,-4.92,683.15,730.87,-6.53,335.35,394.81,-15.06,323.09,341.32,-5.34,4.14,4.52,-0.38,8853.69,9638.29,-8.14,1543.63,1745.01,-11.54,740.83,791.2,-6.37,751.92,791.82,-5.04,9.66,10.62,-0.96,7141.52,7958.94,3790.76,4569.07,53.08,57.41,-4.33,18.89,19.21,-0.32,9.27,10.38,-1.11,8.93,8.97,-0.04
5234,達興材料股份有限公司,2025,3,合併,1186.25,1073.46,10.51,470.65,398.0,18.25,209.36,169.81,23.29,195.75,133.14,47.03,1.9,1.3,0.6,3443.39,3050.43,12.88,1389.91,1114.99,24.66,636.52,440.23,44.59,547.96,390.88,40.19,5.33,3.81,1.52,4837.1,4666.3,1518.58,1561.91,31.39,33.47,-2.08,39.68,37.08,2.6,17.65,15.82,1.83,16.5,12.4,4.1
5243,乙盛精密工業股份有限公司,2025,3,合併,2774.41,3394.96,-18.28,702.76,720.63,-2.48,281.07,285.6,-1.59,204.0,162.43,25.59,1.21,0.96,0.25,9188.91,9439.09,-2.65,1969.81,1834.46,7.38,760.51,600.2,26.71,567.78,399.92,41.97,3.37,2.37,1.0,12449.52,12453.53,4710.38,4992.03,37.84,40.09,-2.25,25.33,21.23,4.1,10.13,8.41,1.72,7.35,4.78,2.57
5244,弘凱光電股份有限公司,2025,3,合併,221.39,230.46,-3.94,85.77,111.84,-23.31,12.74,48.71,-73.85,28.76,42.99,-33.1,0.42,0.63,-0.21,614.67,631.17,-2.61,264.42,298.1,-11.3,64.31,108.7,-40.84,43.69,116.02,-62.34,0.64,1.71,-1.07,2557.59,2501.17,833.08,709.65,32.57,28.37,4.2,38.74,48.53,-9.79,5.76,21.14,-15.38,12.99,18.65,-5.66
5258,虹堡科技股份有限公司,2025,3,合併,2055.2,2094.03,-1.85,742.72,695.98,6.72,140.46,223.36,-37.11,138.78,168.0,-17.39,1.27,1.53,-0.26,5545.0,5692.6,-2.59,1928.07,1872.7,2.96,340.87,532.35,-35.97,171.74,502.47,-65.82,1.56,4.59,-3.03,8718.5,8414.38,4380.03,4126.76,50.24,49.04,1.2,36.14,33.24,2.9,6.83,10.67,-3.84,6.75,8.02,-1.27
5269,祥碩科技股份有限公司,2025,3,合併,3992.22,2126.81,87.71,2037.82,1124.4,81.24,1162.43,683.16,70.15,1582.73,974.19,62.47,21.21,13.06,8.15,9894.25,6181.36,60.07,5202.04,3374.34,54.16,3152.29,2028.71,55.38,3926.27,2795.69,40.44,52.62,39.03,13.59,36089.44,33565.38,3473.99,2480.17,9.63,7.39,2.24,51.04,52.87,-1.83,29.12,32.12,-3.0,39.65,45.8,-6.15
5283,禾聯碩股份有限公司,2025,3,合併,1649.46,1938.41,-14.91,599.08,704.43,-14.96,191.11,237.23,-19.44,192.94,228.48,-15.55,2.2,2.61,-0.41,5017.46,4973.77,0.88,1751.26,1680.06,4.24,444.68,380.85,16.76,370.39,396.49,-6.58,4.23,4.53,-0.3,7931.26,6996.9,3229.12,2702.31,40.71,38.62,2.09,36.32,36.34,-0.02,11.59,12.24,-0.65,11.7,11.79,-0.09
5284,經寶精密控股股份有限公司,2025,3,合併,950.1,615.41,54.38,337.17,199.38,69.11,136.84,114.79,19.21,232.6,23.85,875.26,4.56,0.5,4.06,2600.28,1688.69,53.98,934.94,556.6,67.97,522.64,55.03,849.74,467.54,-25.42,1939.26,9.16,-0.53,9.69,6856.53,4929.34,3534.25,2634.95,51.55,53.45,-1.9,35.49,32.4,3.09,14.4,18.65,-4.25,24.48,3.88,20.6
5285,界霖科技股份有限公司,2025,3,合併,1401.7,1347.43,4.03,176.99,188.35,-6.03,58.78,58.12,1.14,55.9,6.32,784.49,0.55,0.06,0.49,4087.1,3797.06,7.64,524.95,549.33,-4.44,169.77,172.76,-1.73,102.47,170.47,-39.89,1.0,1.67,-0.67,5210.57,5337.29,2405.36,2372.0,46.16,44.44,1.72,12.63,13.98,-1.35,4.19,4.31,-0.12,3.99,0.47,3.52
5288,開曼商豐祥控股股份有限公司,2025,3,合併,1533.29,1735.34,-11.64,347.09,351.46,-1.24,212.37,239.04,-11.16,244.19,166.13,46.99,3.51,2.47,1.04,5000.31,5410.79,-7.59,1118.24,1160.22,-3.62,696.45,808.17,-13.82,604.04,724.32,-16.61,8.74,10.83,-2.09,6913.86,6901.21,1174.65,1383.36,16.99,20.05,-3.06,22.64,20.25,2.39,13.85,13.77,0.08,15.93,9.57,6.36
5292,華懋科技股份有限公司,2025,3,合併,733.52,532.35,37.79,156.19,142.75,9.42,107.65,106.42,1.16,93.91,85.35,10.03,2.23,2.03,0.2,2118.44,1537.91,37.75,487.27,420.36,15.92,354.76,300.3,18.14,289.61,256.81,12.77,6.88,6.1,0.78,3897.47,3041.05,2112.3,1482.11,54.2,48.74,5.46,21.29,26.82,-5.53,14.68,19.99,-5.31,12.8,16.03,-3.23
5306,桂盟國際股份有限公司,2025,3,合併,1107.71,1366.05,-18.91,502.2,649.89,-22.73,258.87,406.15,-36.26,217.16,320.29,-32.2,1.72,2.54,-0.82,3636.91,3825.72,-4.94,1603.19,1615.5,-0.76,827.78,899.78,-8.0,789.7,734.1,7.57,6.27,5.83,0.44,13086.97,13123.68,4721.74,4693.65,36.08,35.76,0.32,45.34,47.57,-2.23,23.37,29.73,-6.36,19.6,23.45,-3.85
5388,中磊電子股份有限公司,2025,3,合併,14747.19,13460.08,9.56,2095.79,2421.45,-13.45,475.44,701.48,-32.22,296.3,546.15,-45.75,1.0,1.83,-0.83,38316.51,43364.24,-11.64,6284.96,7650.5,-17.85,1213.12,2235.47,-45.73,935.24,1765.55,-47.03,3.15,6.02,-2.87,47333.21,43207.94,32007.55,27477.57,67.62,63.59,4.03,14.21,17.99,-3.78,3.22,5.21,-1.99,2.01,4.06,-2.05
5434,崇越科技股份有限公司,2025,3,合併,17538.58,15366.52,14.14,2251.33,2043.1,10.19,1223.54,1108.2,10.41,1103.41,936.62,17.81,5.75,4.93,0.82,50284.89,41089.88,22.38,6347.04,5660.23,12.13,3377.5,2984.36,13.17,2957.28,2732.27,8.24,15.45,14.45,1.0,38416.4,35775.01,19456.15,18767.93,50.65,52.46,-1.81,12.84,13.3,-0.46,6.98,7.21,-0.23,6.29,6.1,0.19
5469,瀚宇博德股份有限公司,2025,3,合併,15716.14,11808.0,33.1,3149.69,3032.65,3.86,1660.7,2059.23,-19.35,1088.77,783.17,39.02,2.26,1.56,0.7,41848.55,31454.88,33.04,8573.37,8061.52,6.35,4879.96,5128.96,-4.85,2380.07,2234.49,6.52,4.93,4.31,0.62,106054.99,89394.91,57473.14,42555.65,54.19,47.6,6.59,20.04,25.68,-5.64,10.57,17.44,-6.87,6.93,6.63,0.3
5471,松翰科技股份有限公司,2025,3,合併,659.6,691.41,-4.6,261.52,280.82,-6.87,11.95,15.11,-20.91,40.75,23.06,76.71,0.24,0.14,0.1,1987.44,2027.84,-1.99,823.82,846.71,-2.7,94.81,75.66,25.31,84.43,144.22,-41.46,0.5,0.86,-0.36,3909.84,3975.87,471.43,492.73,12.06,12.39,-0.33,39.65,40.62,-0.97,1.81,2.18,-0.37,6.18,3.34,2.84
5484,慧友電子股份有限公司,2025,3,合併,128.15,102.07,25.55,27.83,30.97,-10.14,-22.09,-17.86,-23.68,26.8,-30.07,189.13,0.4,-0.45,0.85,329.31,359.61,-8.43,73.13,99.31,-26.36,-65.38,-101.05,35.3,-45.91,-47.53,3.41,-0.69,-0.71,0.02,947.78,913.9,458.4,371.33,48.37,40.63,7.74,21.72,30.34,-8.62,-17.24,-17.5,0.26,20.91,-29.46,50.37
5515,建國工程股份有限公司,2025,3,合併,1891.18,1412.13,33.92,384.26,166.97,130.14,270.31,68.44,294.96,446.04,157.73,182.79,2.21,0.68,1.53,5041.51,3926.28,28.4,810.62,469.23,72.76,514.68,186.64,175.76,586.9,486.24,20.7,2.91,1.98,0.93,9004.64,8905.76,4163.89,4245.69,46.24,47.67,-1.43,20.32,11.82,8.5,14.29,4.85,9.44,23.59,11.17,12.42
5519,隆大營建事業股份有限公司,2025,3,合併,3307.69,490.34,574.57,1169.37,96.28,1114.55,958.1,48.58,1872.21,770.61,38.43,1905.23,3.52,0.18,3.34,4456.68,3637.63,22.52,1463.64,748.89,95.44,1170.57,540.07,116.74,943.96,409.07,130.76,4.31,1.87,2.44,15066.75,14105.87,8993.2,8770.65,59.69,62.18,-2.49,35.35,19.63,15.72,28.97,9.91,19.06,23.3,7.84,15.46
5521,工信工程股份有限公司,2025,3,合併,2218.16,1992.52,11.32,189.98,99.06,91.78,101.51,32.95,208.07,114.9,98.99,16.07,0.23,0.2,0.03,7020.99,5137.59,36.66,451.24,229.54,96.58,167.07,-68.86,342.62,182.47,6.43,2737.79,0.37,0.01,0.36,13205.47,9997.88,7659.8,4621.18,58.0,46.22,11.78,8.56,4.97,3.59,4.58,1.65,2.93,5.18,4.97,0.21
5522,遠雄建設事業股份有限公司,2025,3,合併,8697.1,8951.96,-2.85,3131.72,2573.8,21.68,2332.23,1788.86,30.38,1815.55,1197.26,51.64,2.32,1.53,0.79,9652.71,17616.11,-45.21,3356.34,5523.6,-39.24,2041.56,3858.33,-47.09,1356.44,2672.34,-49.24,1.74,3.42,-1.68,110747.6,101799.79,64703.77,56171.08,58.42,55.18,3.24,36.01,28.75,7.26,26.82,19.98,6.84,20.88,13.37,7.51
5525,順天建設股份有限公司,2025,3,合併,92.15,642.6,-85.66,46.21,181.16,-74.49,-31.14,97.64,-131.89,-25.46,111.52,-122.83,-0.08,0.36,-0.44,348.26,2731.02,-87.25,160.67,694.92,-76.88,-85.58,404.49,-121.16,-72.25,336.23,-121.49,-0.24,1.09,-1.33,20116.07,17879.52,15030.61,12740.95,74.72,71.26,3.46,50.15,28.19,21.96,-33.79,15.2,-48.99,-27.63,17.35,-44.98
5531,鄉林建設事業股份有限公司,2025,3,合併,612.03,1062.16,-42.38,150.32,469.7,-68.0,-99.54,127.89,-177.83,374.07,241.58,54.84,0.38,0.25,0.13,903.66,1428.89,-36.76,193.66,533.68,-63.71,-568.33,-343.25,-65.57,-127.25,-493.49,74.21,-0.13,-0.5,0.37,42783.6,43987.01,32963.49,33904.24,77.05,77.08,-0.03,24.56,44.22,-19.66,-16.26,12.04,-28.3,61.12,22.74,38.38
5533,皇鼎建設開發股份有限公司,2025,3,合併,206.01,1193.87,-82.74,64.11,359.56,-82.17,16.12,309.57,-94.79,18.3,255.03,-92.82,0.06,0.89,-0.83,928.71,1643.6,-43.5,273.01,515.33,-47.02,130.85,371.77,-64.8,120.14,329.03,-63.49,0.42,1.15,-0.73,11668.44,11793.0,2134.01,2193.31,18.29,18.6,-0.31,31.12,30.12,1.0,7.83,25.93,-18.1,8.88,21.36,-12.48
5534,長虹建設股份有限公司,2025,3,合併,1490.9,2496.37,-40.28,629.48,605.93,3.89,513.32,440.47,16.54,371.9,331.01,12.35,1.28,1.14,0.14,3221.09,5200.26,-38.06,1450.88,1502.23,-3.42,1164.23,1068.6,8.95,651.25,789.72,-17.53,2.24,2.72,-0.48,49858.05,49128.44,29887.65,29805.96,59.95,60.67,-0.72,42.22,24.27,17.95,34.43,17.64,16.79,24.94,13.26,11.68
5538,開曼東明控股股份有限公司,2025,3,合併,3192.42,3306.71,-3.46,435.31,396.56,9.77,218.54,182.62,19.67,171.65,160.52,6.93,0.86,0.8,0.06,9404.2,9081.94,3.55,1170.12,1167.5,0.22,535.59,561.29,-4.58,455.93,487.73,-6.52,2.27,2.42,-0.15,13470.18,13688.19,6509.63,6589.52,48.33,48.14,0.19,13.64,11.99,1.65,6.85,5.52,1.33,5.38,4.85,0.53
5546,永固集團股份有限公司,2025,3,合併,397.96,583.0,-31.74,27.87,77.74,-64.15,22.55,24.44,-7.73,-2.92,21.6,-113.52,-0.04,0.26,-0.3,1594.75,2090.07,-23.7,113.34,282.63,-59.9,-78.75,79.15,-199.49,-86.89,36.84,-335.86,-1.06,0.45,-1.51,4711.87,5794.55,2845.9,3463.21,60.4,59.77,0.63,7.0,13.33,-6.33,5.67,4.19,1.48,-0.73,3.7,-4.43
5607,遠雄自貿港投資控股股份有限公司,2025,3,合併,1103.7,896.08,23.17,586.19,431.08,35.98,455.33,308.8,47.45,304.11,233.87,30.03,0.82,0.63,0.19,2997.91,2549.01,17.61,1519.11,1217.01,24.82,1140.96,856.8,33.17,787.53,547.39,43.87,2.13,1.48,0.65,27229.15,26849.38,16418.33,16493.25,60.3,61.43,-1.13,53.11,48.11,5.0,41.25,34.46,6.79,27.55,26.1,1.45
5608,四維航業股份有限公司,2025,3,合併,775.42,942.55,-17.73,85.96,135.17,-36.41,12.35,56.72,-78.23,-90.73,77.28,-217.4,-0.23,0.2,-0.43,2326.53,2564.21,-9.27,62.77,192.21,-67.34,-157.28,-30.57,-414.49,-54.27,-113.58,52.22,-0.14,-0.29,0.15,18233.03,20470.49,9069.58,10585.14,49.74,51.71,-1.97,11.09,14.34,-3.25,1.59,6.02,-4.43,-11.7,8.2,-19.9
5706,鳳凰國際旅行社股份有限公司,2025,3,合併,772.18,841.15,-8.2,121.68,134.06,-9.23,62.15,74.37,-16.43,116.06,107.94,7.52,1.37,1.28,0.09,2387.83,2286.57,4.43,353.0,339.69,3.92,171.04,177.91,-3.86,227.95,245.44,-7.13,2.69,2.9,-0.21,3360.87,3506.13,1451.83,1802.17,43.2,51.4,-8.2,15.76,15.94,-0.18,8.05,8.84,-0.79,15.03,12.83,2.2
5871,中租控股股份有限公司,2025,3,合併,24138.05,26230.42,-7.98,15856.78,17683.61,-10.33,6471.41,8130.07,-20.4,4534.82,6179.01,-26.61,2.65,3.68,-1.03,73418.9,76976.71,-4.62,48451.21,51333.35,-5.61,20157.36,24183.73,-16.65,15032.67,18403.64,-18.32,8.45,10.62,-2.17,957040.48,985978.33,772000.97,806544.12,80.67,81.8,-1.13,65.69,67.42,-1.73,26.81,30.99,-4.18,18.79,23.56,-4.77
5906,台南生活（開曼）股份有限公司及子公司,2025,3,合併,358.28,418.62,-14.41,201.71,223.53,-9.76,0.11,6.56,-98.32,-5.83,13.7,-142.55,-0.16,0.38,-0.54,1196.85,1333.73,-10.26,670.83,734.72,-8.7,26.36,61.89,-57.41,27.91,45.29,-38.37,0.78,1.27,-0.49,1868.69,1968.07,1193.59,1161.42,63.87,59.01,4.86,56.3,53.4,2.9,0.03,1.57,-1.54,-1.63,3.27,-4.9
5907,大洋百貨集團控股股份有限公司,2025,3,合併,600.99,707.97,-15.11,524.07,617.95,-15.19,-90.2,-125.88,28.34,-203.2,-155.09,-31.02,-1.04,-0.79,-0.25,2045.53,2398.82,-14.73,1744.82,2041.59,-14.54,-218.23,-96.72,-125.63,-593.8,-326.17,-82.05,-3.04,-1.67,-1.37,20915.85,24469.79,16988.49,19496.3,81.22,79.67,1.55,87.2,87.29,-0.09,-15.01,-17.78,2.77,-33.81,-21.91,-11.9
6108,競國實業股份有限公司,2025,3,合併,1177.13,1358.99,-13.38,78.15,28.66,172.68,-59.8,-162.98,63.31,-23.02,363.29,-106.34,-0.15,2.27,-2.42,3153.16,4040.29,-21.96,215.21,200.03,7.59,-199.68,-286.38,30.27,-143.32,355.33,-140.33,-0.91,2.22,-3.13,6869.49,8013.78,3701.27,4109.2,53.88,51.28,2.6,6.64,2.11,4.53,-5.08,-11.99,6.91,-1.96,26.73,-28.69
6112,邁達特數位股份有限公司,2025,3,合併,5644.74,4295.19,31.42,836.74,658.96,26.98,192.62,51.09,277.02,145.88,40.93,256.41,0.77,0.22,0.55,16234.44,13466.14,20.56,2266.86,1791.56,26.53,351.56,-34.54,1117.83,226.92,233.37,-2.76,1.2,1.24,-0.04,13796.83,12745.82,8673.26,7533.69,62.86,59.11,3.75,14.82,15.34,-0.52,3.41,1.19,2.22,2.58,0.95,1.63
6115,鎰勝工業股份有限公司,2025,3,合併,2002.99,1911.32,4.8,348.01,278.28,25.06,248.48,156.33,58.95,211.52,149.27,41.7,1.13,0.8,0.33,5613.81,5459.19,2.83,918.2,801.88,14.51,576.49,434.97,32.54,381.07,487.44,-21.82,2.03,2.6,-0.57,8025.77,8629.35,3072.48,3433.97,38.28,39.79,-1.51,17.37,14.56,2.81,12.41,8.18,4.23,10.56,7.81,2.75
6116,瀚宇彩晶股份有限公司,2025,3,合併,2763.14,2387.08,15.75,-461.02,-854.22,46.03,-901.56,-1310.05,31.18,328.14,-1468.25,122.35,0.11,-0.51,0.62,8664.43,7100.34,22.03,-1225.7,-2720.4,54.94,-2335.38,-4117.55,43.28,-1306.69,-3786.8,65.49,-0.46,-1.32,0.86,42699.25,48585.43,9578.33,11061.94,22.43,22.77,-0.34,-16.68,-35.78,19.1,-32.63,-54.88,22.25,11.88,-61.51,73.39
6117,迎廣科技股份有限公司,2025,3,合併,861.06,678.58,26.89,274.45,213.01,28.84,139.94,92.13,51.89,125.56,74.37,68.83,1.36,0.84,0.52,2390.9,2152.82,11.06,724.5,640.62,13.09,334.5,277.12,20.71,202.56,267.88,-24.38,2.21,3.02,-0.81,5257.47,3965.37,3220.7,2222.11,61.26,56.04,5.22,31.87,31.39,0.48,16.25,13.58,2.67,14.58,10.96,3.62
6120,達運精密工業股份有限公司,2025,3,合併,3951.43,6003.28,-34.18,216.38,364.7,-40.67,-63.09,56.49,-211.68,-30.67,15.8,-294.11,-0.05,0.02,-0.07,13051.88,16254.23,-19.7,632.54,761.12,-16.89,-183.48,-93.11,-97.06,-113.24,-71.14,-59.18,-0.17,-0.11,-0.06,16010.77,18717.74,7662.09,9336.23,47.86,49.88,-2.02,5.48,6.08,-0.6,-1.6,0.94,-2.54,-0.78,0.26,-1.04
6128,上福全球科技股份有限公司,2025,3,合併,1249.63,1356.15,-7.85,449.83,560.95,-19.81,11.28,78.86,-85.7,-1321.38,73.61,-1895.11,-10.36,0.58,-10.94,3954.3,4121.52,-4.06,1548.74,1727.43,-10.34,125.19,328.82,-61.93,-1212.03,279.97,-532.91,-9.5,2.19,-11.69,6411.73,8340.06,3738.42,4154.46,58.31,49.81,8.5,36.0,41.36,-5.36,0.9,5.81,-4.91,-105.74,5.43,-111.17
6133,金橋科技股份有限公司,2025,3,合併,360.65,322.88,11.7,95.46,67.77,40.86,43.47,25.96,67.45,27.8,8.9,212.36,0.24,0.07,0.17,1007.17,897.45,12.23,232.2,200.73,15.68,85.72,54.54,57.17,41.29,52.83,-21.84,0.35,0.45,-0.1,2263.58,2072.73,804.4,858.48,35.54,41.42,-5.88,26.47,20.99,5.48,12.05,8.04,4.01,7.71,2.76,4.95
6136,富爾特科技股份有限公司,2025,3,合併,166.3,116.0,43.36,43.13,23.02,87.36,-23.24,-15.74,-47.65,96.26,92.13,4.48,0.83,0.8,0.03,458.47,361.31,26.89,129.83,77.01,68.59,-19.71,-25.27,22.0,109.32,94.42,15.78,0.95,0.82,0.13,3823.31,3737.54,363.19,97.6,9.5,2.61,6.89,25.93,19.84,6.09,-13.98,-13.57,-0.41,57.89,79.42,-21.53
6139,亞翔工程股份有限公司,2025,3,合併,24512.24,16408.51,49.39,4415.76,1914.81,130.61,3760.87,1774.28,111.97,2496.8,1008.93,147.47,10.64,4.33,6.31,51623.5,54371.29,-5.05,7303.81,5808.66,25.74,5963.31,4789.76,24.5,4052.68,3013.11,34.5,17.33,13.05,4.28,81045.89,61509.78,59331.29,42538.87,73.21,69.16,4.05,18.01,11.67,6.34,15.34,10.81,4.53,10.19,6.15,4.04
6141,柏承科技股份有限公司,2025,3,合併,431.63,519.58,-16.93,25.66,-31.85,180.57,-61.06,-181.7,66.4,-57.25,-182.34,68.6,-0.51,-1.61,1.1,1376.63,1856.9,-25.86,141.35,-294.77,147.95,-146.15,-639.93,77.16,-225.5,-679.24,66.8,-1.99,-5.99,4.0,5595.09,6564.11,4511.65,5121.56,80.64,78.02,2.62,5.94,-6.13,12.07,-14.15,-34.97,20.82,-13.26,-35.09,21.83
6142,友勁科技股份有限公司,2025,3,合併,502.87,321.23,56.55,50.62,17.6,187.61,-44.31,-72.01,38.47,24.49,-74.71,132.78,0.07,-0.23,0.3,1426.95,813.22,75.47,162.08,-15.17,1168.42,-113.25,-271.48,58.28,-55.23,-127.9,56.82,-0.17,-0.39,0.22,4123.63,4154.41,1198.42,1123.8,29.06,27.05,2.01,10.07,5.48,4.59,-8.81,-22.42,13.61,4.87,-23.26,28.13
6152,百一電子股份有限公司,2025,3,合併,368.29,613.53,-39.97,46.59,111.39,-58.17,-84.6,-25.21,-235.58,-31.87,-28.75,-10.85,-0.19,-0.17,-0.02,1113.63,1826.49,-39.03,157.77,314.2,-49.79,-229.56,-104.05,-120.62,-204.04,-24.08,-747.34,-1.22,-0.14,-1.08,2857.61,2944.71,1584.55,1433.16,55.45,48.67,6.78,12.65,18.16,-5.51,-22.97,-4.11,-18.86,-8.65,-4.69,-3.96
6153,嘉聯益科技股份有限公司及子公司,2025,3,合併,1493.69,2086.49,-28.41,-283.66,-159.11,-78.28,-524.61,-451.99,-16.07,-474.19,-1208.48,60.76,-0.75,-2.03,1.28,4204.16,5634.38,-25.38,-930.31,-615.51,-51.14,-1717.53,-1480.54,-16.01,-1801.71,-2119.43,14.99,-2.86,-3.59,0.73,17034.94,18670.65,7049.22,7818.61,41.38,41.88,-0.5,-18.99,-7.63,-11.36,-35.12,-21.66,-13.46,-31.75,-57.92,26.17
6155,鈞寶電子工業股份有限公司,2025,3,合併,163.63,158.86,3.0,37.7,35.44,6.38,4.66,4.95,-5.86,57.93,21.99,163.44,0.66,0.25,0.41,475.62,425.04,11.9,117.61,96.03,22.47,26.77,3.16,747.15,36.11,76.56,-52.83,0.41,0.87,-0.46,2235.82,2283.34,649.91,634.46,29.07,27.79,1.28,23.04,22.31,0.73,2.85,3.11,-0.26,35.4,13.84,21.56
6164,華興電子工業股份有限公司,2025,3,合併,152.98,181.4,-15.67,44.29,57.86,-23.45,-11.88,-4.9,-142.45,4.36,4.69,-7.04,0.05,0.05,0.0,575.64,632.03,-8.92,199.79,213.1,-6.25,14.79,12.65,16.92,1.81,36.56,-95.05,0.02,0.37,-0.35,1497.04,1587.6,605.15,631.2,40.42,39.76,0.66,28.95,31.9,-2.95,-7.76,-2.7,-5.06,2.85,2.58,0.27
6165,浪凡網路科技股份有限公司,2025,3,合併,826.25,697.89,18.39,244.03,181.59,34.39,87.83,27.98,213.9,69.97,17.95,289.81,0.92,0.23,0.69,2406.89,2136.97,12.63,698.92,493.11,41.74,268.17,28.02,857.07,230.06,45.31,407.75,3.02,0.6,2.42,3278.61,1945.79,1610.7,546.32,49.13,28.08,21.05,29.54,26.02,3.52,10.63,4.01,6.62,8.47,2.57,5.9
6166,凌華科技股份有限公司,2025,3,合併,3083.01,2432.74,26.73,1131.62,949.96,19.12,265.95,41.99,533.37,280.32,39.57,608.42,1.29,0.18,1.11,8684.84,7008.09,23.93,3075.15,2670.12,15.17,454.4,-84.12,640.18,331.29,-127.55,359.73,1.52,-0.59,2.11,12939.74,12141.59,7598.22,6984.08,58.72,57.52,1.2,36.71,39.05,-2.34,8.63,1.73,6.9,9.09,1.63,7.46
6168,宏齊科技股份有限公司,2025,3,合併,563.03,534.43,5.35,154.22,147.96,4.23,7.65,9.36,-18.27,29.46,7.39,298.65,0.14,0.04,0.1,1573.07,1485.28,5.91,421.37,383.25,9.95,8.1,-23.52,134.44,8.98,14.48,-37.98,0.04,0.07,-0.03,3795.66,3963.11,653.7,719.9,17.22,18.17,-0.95,27.39,27.69,-0.3,1.36,1.75,-0.39,5.23,1.38,3.85
6176,瑞儀光電股份有限公司,2025,3,合併,12559.34,14162.51,-11.32,2902.42,3135.07,-7.42,1855.93,2103.84,-11.78,1517.67,1691.64,-10.28,3.3,3.64,-0.34,37153.78,36937.75,0.58,7984.01,7717.16,3.46,4779.03,4966.33,-3.77,3428.69,5437.38,-36.94,7.41,11.69,-4.28,66698.22,55781.9,33104.09,20594.79,49.63,36.92,12.71,23.11,22.14,0.97,14.78,14.86,-0.08,12.08,11.94,0.14
6177,達麗建設事業股份有限公司,2025,3,合併,1665.43,568.87,192.76,184.28,134.75,36.76,54.54,38.82,40.49,7.52,11.65,-35.45,0.02,0.03,-0.01,2747.81,5466.13,-49.73,417.71,1368.79,-69.48,61.08,605.53,-89.91,-101.72,376.55,-127.01,-0.22,0.83,-1.05,43786.5,36209.64,34480.46,27716.08,78.75,76.54,2.21,11.06,23.69,-12.63,3.27,6.82,-3.55,0.45,2.05,-1.6
6183,關貿網路股份有限公司,2025,3,合併,709.85,640.98,10.74,325.39,290.49,12.01,202.88,179.06,13.3,181.14,150.5,20.36,1.21,1.0,0.21,1956.98,1784.11,9.69,865.51,764.61,13.2,527.39,445.5,18.38,453.05,388.8,16.53,3.02,2.59,0.43,4470.84,4453.05,1797.32,1850.98,40.2,41.57,-1.37,45.84,45.32,0.52,28.58,27.94,0.64,25.52,23.48,2.04
6184,大豐有線電視股份有限公司,2025,3,合併,539.65,526.8,2.44,284.42,301.53,-5.67,151.86,186.02,-18.36,120.79,154.57,-21.85,0.81,1.04,-0.23,1617.94,1581.66,2.29,854.39,822.4,3.89,468.08,481.25,-2.74,382.9,404.72,-5.39,2.57,2.73,-0.16,8647.69,7256.72,3396.27,2749.16,39.27,37.88,1.39,52.7,57.24,-4.54,28.14,35.31,-7.17,22.38,29.34,-6.96
6189,豐藝電子股份有限公司,2025,3,合併,7251.0,8922.1,-18.73,612.47,826.48,-25.89,302.51,558.97,-45.88,296.21,286.46,3.4,1.12,1.1,0.02,22594.92,29850.88,-24.31,1997.11,2537.57,-21.3,1163.69,1554.71,-25.15,478.55,1151.68,-58.45,1.82,4.45,-2.63,15012.81,17085.49,8597.13,10452.1,57.27,61.18,-3.91,8.45,9.26,-0.81,4.17,6.26,-2.09,4.09,3.21,0.88
6191,精成科技股份有限公司,2025,3,合併,9570.19,5895.24,62.34,1810.74,1532.09,18.19,919.83,1051.73,-12.54,942.3,901.92,4.48,1.96,1.9,0.06,24393.16,16701.35,46.06,4878.5,4472.18,9.09,2792.04,2891.94,-3.45,2382.41,2348.57,1.44,5.02,4.96,0.06,58255.49,40830.75,34060.88,18639.45,58.47,45.65,12.82,18.92,25.99,-7.07,9.61,17.84,-8.23,9.85,15.3,-5.45
6192,巨路國際股份有限公司,2025,3,合併,1700.64,1992.86,-14.66,555.12,521.05,6.54,266.02,224.76,18.36,253.84,203.88,24.5,2.64,2.12,0.52,5341.3,5616.25,-4.9,1795.4,1649.5,8.85,927.01,788.78,17.52,736.89,688.19,7.08,7.66,7.16,0.5,11680.18,11208.58,4466.4,4468.64,38.24,39.87,-1.63,32.64,26.15,6.49,15.64,11.28,4.36,14.93,10.23,4.7
6196,帆宣系統科技股份有限公司及子公司,2025,3,合併,11466.24,15611.78,-26.55,1261.16,1497.42,-15.78,287.0,676.6,-57.58,1182.74,538.7,119.55,5.57,2.68,2.89,36923.98,45626.19,-19.07,4107.12,3718.64,10.45,1626.79,1429.51,13.8,2467.82,1396.98,76.65,12.0,6.94,5.06,51974.68,45142.31,36720.16,33545.11,70.65,74.31,-3.66,11.0,9.59,1.41,2.5,4.33,-1.83,10.31,3.45,6.86
6197,佳必琪國際股份有限公司,2025,3,合併,2116.62,1880.15,12.58,695.01,620.65,11.98,406.76,365.19,11.38,290.5,265.81,9.29,2.38,2.18,0.2,5729.21,5107.76,12.17,1919.29,1728.86,11.01,1127.12,964.78,16.83,744.64,826.35,-9.89,6.1,6.77,-0.67,7922.06,6737.85,3354.16,2612.58,42.34,38.77,3.57,32.84,33.01,-0.17,19.22,19.42,-0.2,13.72,14.14,-0.42
6201,亞弘電科技股份有限公司,2025,3,合併,884.45,925.76,-4.46,194.31,236.35,-17.79,96.52,134.28,-28.12,93.74,109.33,-14.26,1.05,1.23,-0.18,2587.28,2372.84,9.04,619.89,603.67,2.69,320.09,317.5,0.82,273.19,287.28,-4.9,3.06,3.22,-0.16,3552.7,3574.18,828.38,847.75,23.32,23.72,-0.4,21.97,25.53,-3.56,10.91,14.5,-3.59,10.6,11.81,-1.21
6202,盛群半導體股份有限公司,2025,3,合併,754.14,683.29,10.37,284.29,260.48,9.14,1.07,-78.35,101.37,27.14,-72.69,137.34,0.12,-0.32,0.44,2375.12,1809.41,31.26,900.31,702.69,28.12,88.22,-197.34,144.7,139.9,-152.14,191.95,0.62,-0.67,1.29,5524.14,5721.65,1650.44,2054.32,29.88,35.9,-6.02,37.7,38.12,-0.42,0.14,-11.47,11.61,3.6,-10.64,14.24
6205,詮欣股份有限公司,2025,3,合併,334.73,343.85,-2.65,129.47,144.48,-10.39,31.14,43.76,-28.84,50.75,49.91,1.68,0.63,0.61,0.02,1076.23,1082.61,-0.59,430.86,459.19,-6.17,141.87,140.57,0.92,122.93,181.66,-32.33,1.51,2.21,-0.7,3722.19,3876.39,1182.32,1262.32,31.76,32.56,-0.8,38.68,42.02,-3.34,9.3,12.73,-3.43,15.16,14.52,0.64
6206,飛捷科技股份有限公司,2025,3,合併,1226.61,1097.1,11.8,526.1,467.27,12.59,281.25,236.86,18.74,223.64,189.8,17.83,1.56,1.33,0.23,3948.53,3316.64,19.05,1730.27,1446.1,19.65,1016.04,765.62,32.71,762.64,679.83,12.18,5.33,4.75,0.58,5976.06,5841.72,983.84,1010.75,16.46,17.3,-0.84,42.89,42.59,0.3,22.93,21.59,1.34,18.23,17.3,0.93
6209,今國光學工業股份有限公司,2025,3,合併,908.66,526.27,72.66,212.77,50.84,318.51,64.61,-39.67,262.87,67.08,-62.19,207.86,0.39,-0.36,0.75,2429.3,1746.73,39.08,450.92,147.06,206.62,89.34,-116.72,176.54,85.22,-92.57,192.06,0.49,-0.53,1.02,4274.31,3742.15,1355.65,825.77,31.72,22.07,9.65,23.42,9.66,13.76,7.11,-7.54,14.65,7.38,-11.82,19.2
6213,聯茂電子股份有限公司,2025,3,合併,7724.39,7962.86,-2.99,1060.61,934.24,13.53,445.89,379.99,17.34,324.7,249.2,30.3,0.89,0.69,0.2,24181.6,21713.47,11.37,3523.8,2667.61,32.1,1755.42,964.49,82.0,1081.94,603.05,79.41,2.98,1.66,1.32,34733.93,36408.1,14998.67,15982.59,43.18,43.9,-0.72,13.73,11.73,2.0,5.77,4.77,1.0,4.2,3.13,1.07
6214,精誠資訊股份有限公司,2025,3,合併,12620.81,9202.84,37.14,2389.87,1896.53,26.01,345.61,294.44,17.38,562.81,454.3,23.89,2.07,1.79,0.28,32597.23,28298.14,15.19,6826.09,6011.83,13.54,1309.22,1116.05,17.31,1469.72,1575.07,-6.69,5.42,6.29,-0.87,36828.85,34979.42,18519.41,15769.05,50.29,45.08,5.21,18.94,20.61,-1.67,2.74,3.2,-0.46,4.46,4.94,-0.48
6215,和椿科技股份有限公司,2025,3,合併,704.79,467.64,50.71,172.12,144.35,19.24,49.9,51.54,-3.18,51.8,41.89,23.66,0.63,0.51,0.12,1794.49,1104.05,62.54,437.62,326.02,34.23,121.46,81.25,49.49,105.32,125.51,-16.09,1.27,1.52,-0.25,2513.56,2034.3,1022.86,540.5,40.69,26.57,14.12,24.42,30.87,-6.45,7.08,11.02,-3.94,7.35,8.96,-1.61
6224,聚鼎科技股份有限公司,2025,3,合併,694.01,866.95,-19.95,186.34,273.81,-31.95,-15.43,82.87,-118.62,11.66,80.34,-85.49,0.14,0.94,-0.8,2170.78,2163.83,0.32,649.02,651.68,-0.41,45.65,72.12,-36.7,83.15,145.02,-42.66,0.98,1.69,-0.71,3960.53,4491.32,1793.66,2122.06,45.29,47.25,-1.96,26.85,31.58,-4.73,-2.22,9.56,-11.78,1.68,9.27,-7.59
6225,天瀚科技股份有限公司,2025,3,合併,11.9,16.58,-28.23,6.41,3.13,104.79,-1.19,0.47,-353.19,-3.04,-2.23,-36.32,-0.11,-0.08,-0.03,32.16,39.78,-19.16,12.46,8.04,54.98,-4.84,0.03,-16233.33,-5.28,-1.18,-347.46,-0.19,-0.04,-0.15,97.97,102.33,14.51,18.21,14.81,17.8,-2.99,53.83,18.91,34.92,-10.03,2.83,-12.86,-25.54,-13.45,-12.09
6226,光鼎電子股份有限公司,2025,3,合併,152.34,155.64,-2.12,45.62,43.31,5.33,-10.4,-15.56,33.16,5.37,-16.48,132.58,0.05,-0.14,0.19,464.56,468.99,-0.94,132.37,119.43,10.83,-38.45,-50.78,24.28,-20.16,-35.73,43.58,-0.17,-0.31,0.14,1921.69,2390.27,858.11,1152.07,44.65,48.2,-3.55,29.95,27.83,2.12,-6.82,-10.0,3.18,3.52,-10.59,14.11
6230,尼得科超眾科技股份有限公司,2025,3,合併,2316.83,2143.63,8.08,224.38,418.96,-46.44,-156.95,68.92,-327.73,-181.01,-31.78,-469.57,-2.1,-0.37,-1.73,6608.2,5938.65,11.27,962.77,1094.36,-12.02,-77.48,72.64,-206.66,-111.99,38.23,-392.94,-1.3,0.44,-1.74,10104.71,10177.13,4508.91,4245.34,44.62,41.71,2.91,9.69,19.54,-9.85,-6.77,3.22,-9.99,-7.81,-1.48,-6.33
6235,華孚科技股份有限公司,2025,3,合併,1710.35,1368.27,25.0,435.78,395.62,10.15,132.12,139.45,-5.26,131.13,125.83,4.21,0.66,0.65,0.01,4854.4,4586.85,5.83,1265.97,1330.69,-4.86,477.35,605.32,-21.14,469.15,530.19,-11.51,2.35,2.74,-0.39,9948.88,9570.41,5265.52,5247.64,52.93,54.83,-1.9,25.48,28.91,-3.43,7.72,10.19,-2.47,7.67,9.2,-1.53
6239,力成科技股份有限公司,2025,3,合併,19968.32,18302.25,9.1,3221.76,3923.96,-17.9,2052.2,2767.19,-25.84,1537.61,1700.29,-9.57,2.08,2.28,-0.2,53522.29,56217.61,-4.79,8737.88,10856.53,-19.51,5435.37,7388.87,-26.44,3672.45,5265.21,-30.25,4.96,7.05,-2.09,111926.07,107353.31,43026.47,37476.74,38.44,34.91,3.53,16.13,21.44,-5.31,10.28,15.12,-4.84,7.7,9.29,-1.59
6257,矽格股份有限公司,2025,3,合併,4854.0,4588.27,5.79,1321.24,1213.68,8.86,865.87,798.86,8.39,803.62,482.93,66.41,1.68,1.02,0.66,14317.53,13298.81,7.66,4157.72,3471.4,19.77,2903.9,2246.87,29.24,1896.63,1985.21,-4.46,3.94,4.26,-0.32,40476.81,39192.79,17321.74,16802.29,42.79,42.87,-0.08,27.22,26.45,0.77,17.84,17.41,0.43,16.56,10.53,6.03
6269,台郡科技股份有限公司,2025,3,合併,6095.42,6416.04,-5.0,82.15,334.38,-75.43,-842.42,-517.06,-62.92,-611.43,-333.06,-83.58,-1.92,-1.03,-0.89,16763.69,20769.91,-19.29,238.59,1553.15,-84.64,-2461.2,-893.45,-175.47,-1633.7,-234.71,-596.05,-5.09,-0.73,-4.36,36110.05,39228.13,13048.27,13103.88,36.13,33.4,2.73,1.35,5.21,-3.86,-13.82,-8.06,-5.76,-10.03,-5.19,-4.84
6271,同欣電子工業股份有限公司,2025,3,合併,2850.03,3067.55,-7.09,776.23,869.99,-10.78,381.76,471.29,-19.0,477.65,529.44,-9.78,2.28,2.53,-0.25,8725.49,9107.48,-4.19,2372.39,2555.03,-7.15,1202.84,1359.54,-11.53,1130.28,1334.68,-15.31,5.41,6.38,-0.97,34244.94,34236.67,8016.06,8926.15,23.41,26.07,-2.66,27.24,28.36,-1.12,13.4,15.36,-1.96,16.76,17.26,-0.5
6272,驊陞科技股份有限公司,2025,3,合併,1093.54,768.99,42.2,301.84,194.04,55.56,122.75,50.74,141.92,96.72,16.29,493.74,1.33,0.24,1.09,3061.91,2167.32,41.28,830.06,532.8,55.79,316.99,123.7,156.26,213.35,87.71,143.24,2.94,1.32,1.62,4116.83,3734.33,2520.41,2427.85,61.22,65.01,-3.79,27.6,25.23,2.37,11.23,6.6,4.63,8.84,2.12,6.72
6277,宏正自動科技股份有限公司,2025,3,合併,1202.32,1260.05,-4.58,704.77,753.21,-6.43,143.59,182.37,-21.26,101.68,109.42,-7.07,0.85,0.92,-0.07,3538.71,3646.75,-2.96,2086.56,2183.62,-4.44,383.72,468.62,-18.12,273.89,325.45,-15.84,2.29,2.72,-0.43,6873.05,6947.5,2120.23,2214.37,30.85,31.87,-1.02,58.62,59.78,-1.16,11.94,14.47,-2.53,8.46,8.68,-0.22
6278,台灣表面黏著科技股份有限公司,2025,3,合併,12788.13,11008.96,16.16,1620.75,1423.7,13.84,943.14,646.22,45.95,695.91,662.42,5.06,2.38,2.26,0.12,37790.01,33440.26,13.01,4807.11,4318.35,11.32,2722.21,2048.47,32.89,2017.73,2202.68,-8.4,6.9,7.53,-0.63,52288.0,49211.52,30894.47,27918.54,59.09,56.73,2.36,12.67,12.93,-0.26,7.38,5.87,1.51,5.44,6.02,-0.58
6282,康舒科技股份有限公司,2025,3,合併,8070.82,8425.06,-4.2,2035.35,1922.67,5.86,281.76,-88.79,417.33,254.36,-222.24,214.45,0.3,-0.26,0.56,22529.13,23549.0,-4.33,5723.56,5539.88,3.32,355.24,-77.86,556.25,-328.57,-168.58,-94.9,-0.38,-0.2,-0.18,47156.06,51087.98,25184.65,28069.92,53.41,54.94,-1.53,25.22,22.82,2.4,3.49,-1.05,4.54,3.15,-2.64,5.79
6283,淳安電子股份有限公司,2025,3,合併,592.43,354.89,66.93,148.12,20.12,636.18,65.26,-28.43,329.55,42.01,-24.65,270.43,0.29,-0.17,0.46,1419.51,1073.53,32.23,202.78,67.71,199.48,-47.49,-86.33,44.99,-29.57,-52.3,43.46,-0.2,-0.36,0.16,2562.6,2418.19,714.51,631.37,27.88,26.11,1.77,25.0,5.67,19.33,11.02,-8.01,19.03,7.09,-6.95,14.04
6285,啟碁科技股份有限公司,2025,3,合併,27377.76,25967.01,5.43,3318.56,2951.81,12.42,748.83,601.03,24.59,664.81,519.9,27.87,1.39,1.09,0.3,83235.29,82264.22,1.18,9956.36,9785.43,1.75,2672.51,2595.45,2.97,2075.58,2434.55,-14.74,4.35,5.12,-0.77,72071.81,67579.09,39517.92,36827.04,54.83,54.49,0.34,12.12,11.37,0.75,2.74,2.31,0.43,2.43,2.0,0.43
6409,旭隼科技股份有限公司,2025,3,合併,5183.73,6700.73,-22.64,1500.14,2072.88,-27.63,1143.43,1583.68,-27.8,640.66,1229.74,-47.9,7.32,14.08,-6.76,15883.45,17806.54,-10.8,4613.91,5531.89,-16.59,3361.43,4092.2,-17.86,2987.39,3227.66,-7.44,34.16,36.96,-2.8,16003.86,17334.4,7457.6,8524.86,46.6,49.18,-2.58,28.94,30.94,-2.0,22.06,23.63,-1.57,12.36,18.35,-5.99
6412,群光電能科技股份有限公司,2025,3,合併,9036.82,10362.56,-12.79,1575.65,2175.58,-27.58,722.77,1240.26,-41.72,743.11,886.99,-16.22,1.85,2.21,-0.36,26608.92,27306.36,-2.55,4537.62,5670.5,-19.98,1856.91,2937.4,-36.78,1613.27,2479.82,-34.94,4.03,6.19,-2.16,33408.72,32674.27,19264.18,17824.81,57.66,54.55,3.11,17.44,20.99,-3.55,8.0,11.97,-3.97,8.22,8.56,-0.34
6414,樺漢科技股份有限公司,2025,3,合併,33617.46,37712.21,-10.86,7290.38,7663.3,-4.87,1286.16,1714.19,-24.97,950.71,690.67,37.65,6.91,5.03,1.88,102776.26,106750.32,-3.72,21025.56,21054.98,-0.14,2539.5,3842.6,-33.91,2343.04,1828.64,28.13,17.04,13.39,3.65,155910.76,142788.14,96970.2,90176.62,62.2,63.15,-0.95,21.69,20.32,1.37,3.83,4.55,-0.72,2.83,1.83,1.0
6415,矽力杰股份有限公司,2025,3,合併,4762.91,4889.81,-2.6,2395.09,2634.32,-9.08,608.43,718.85,-15.36,680.33,752.64,-9.61,1.76,1.96,-0.2,13420.53,13346.68,0.55,6950.42,7107.05,-2.2,1397.03,1343.83,3.96,1668.88,1391.25,19.96,4.31,3.63,0.68,40822.88,38477.31,5376.24,4190.63,13.17,10.89,2.28,50.29,53.87,-3.58,12.77,14.7,-1.93,14.28,15.39,-1.11
6416,瑞祺電通股份有限公司,2025,3,合併,966.27,1119.93,-13.72,219.53,274.15,-19.92,70.13,102.54,-31.61,77.75,87.92,-11.57,1.06,1.2,-0.14,3136.72,3083.8,1.72,733.77,741.63,-1.06,263.55,252.71,4.29,213.44,249.39,-14.42,2.91,3.4,-0.49,5427.59,5654.14,1807.65,2024.02,33.3,35.8,-2.5,22.72,24.48,-1.76,7.26,9.16,-1.9,8.05,7.85,0.2
6426,統新光訊股份有限公司,2025,3,合併,134.6,75.18,79.04,57.16,-1.66,3543.37,15.97,-48.05,133.24,27.0,-39.36,168.6,0.7,-1.02,1.72,347.37,232.69,49.28,95.4,-7.05,1453.19,-32.91,-152.12,78.37,-41.52,-103.91,60.04,-1.08,-2.7,1.62,998.88,1107.26,104.48,116.62,10.46,10.53,-0.07,42.46,-2.21,44.67,11.87,-63.92,75.79,20.06,-52.36,72.42
6431,光麗生技控股股份有限公司,2025,3,合併,67.36,105.2,-35.97,8.74,20.29,-56.92,-39.2,-29.52,-32.79,-42.05,-30.93,-35.95,-0.43,-0.43,0.0,263.0,256.93,2.36,46.56,44.11,5.55,-116.58,-110.67,-5.34,-132.07,-111.51,-18.44,-1.44,-1.66,0.22,1149.06,971.2,538.7,444.81,46.88,45.8,1.08,12.97,19.29,-6.32,-58.2,-28.06,-30.14,-62.43,-29.4,-33.03
6438,迅得機械股份有限公司,2025,3,合併,1666.06,1314.15,26.78,330.49,293.33,12.67,84.87,60.23,40.91,74.44,45.85,62.36,0.91,0.61,0.3,4852.48,3837.04,26.46,1148.67,1035.3,10.95,412.3,312.26,32.04,335.87,279.65,20.1,4.17,3.71,0.46,9574.14,8336.69,4189.02,4071.75,43.75,48.84,-5.09,19.84,22.32,-2.48,5.09,4.58,0.51,4.47,3.49,0.98
6442,光紅建聖股份有限公司,2025,3,合併,2514.03,1641.26,53.18,1517.76,1038.91,46.09,554.85,403.84,37.39,529.79,259.16,104.43,7.03,3.43,3.6,7527.53,3909.41,92.55,4351.83,2211.37,96.79,1731.09,842.4,105.5,1047.3,625.54,67.42,13.87,8.52,5.35,9127.27,5520.15,5028.89,2379.74,55.1,43.11,11.99,60.37,63.3,-2.93,22.07,24.61,-2.54,21.07,15.79,5.28
6443,元晶太陽能科技股份有限公司,2025,3,合併,341.34,1206.29,-71.7,-336.7,105.47,-419.24,-417.6,30.9,-1451.46,-620.21,18.34,-3481.73,-1.21,0.04,-1.25,1452.39,3762.73,-61.4,-542.59,358.63,-251.3,-772.83,83.5,-1025.54,-976.12,70.53,-1483.98,-1.9,0.14,-2.04,9157.67,11328.85,3295.92,3824.69,35.99,33.76,2.23,-98.64,8.74,-107.38,-122.34,2.56,-124.9,-181.7,1.52,-183.22
6446,藥華醫藥股份有限公司,2025,3,合併,3893.77,2713.36,43.5,3565.84,2385.47,49.48,1165.88,734.53,58.72,1473.08,719.69,104.68,3.99,1.99,2.0,10753.54,6673.28,61.14,9612.89,5851.77,64.27,3366.75,1194.66,181.82,3568.89,1729.9,106.31,9.66,4.71,4.95,34450.05,29144.56,4700.82,3060.32,13.65,10.5,3.15,91.58,87.92,3.66,29.94,27.07,2.87,37.83,26.52,11.31
6449,鈺邦科技股份有限公司,2025,3,合併,1162.35,921.49,26.14,392.82,278.64,40.98,198.01,153.29,29.17,200.1,117.12,70.85,2.28,1.33,0.95,3204.98,2460.96,30.23,1092.2,724.37,50.78,586.93,353.09,66.23,422.83,363.52,16.32,4.81,4.13,0.68,7956.84,6503.99,3491.6,2631.43,43.88,40.46,3.42,33.8,30.24,3.56,17.04,16.64,0.4,17.22,12.71,4.51
6451,訊芯科技控股股份有限公司,2025,3,合併,1697.44,1362.55,24.58,405.33,108.7,272.89,129.19,-129.44,199.81,106.37,8.51,1149.94,1.0,0.08,0.92,5462.4,3493.82,56.34,787.67,496.83,58.54,-22.57,-164.64,86.29,-67.69,11.8,-673.64,-0.64,0.11,-0.75,19000.57,15986.34,12076.06,8304.44,63.56,51.95,11.61,23.88,7.98,15.9,7.61,-9.5,17.11,6.27,0.62,5.65
6456,英屬蓋曼群島商業成控股股份有限公司,2025,3,合併,16143.41,18371.47,-12.13,1045.88,1101.9,-5.08,-148.32,-349.0,57.5,-95.69,-55.41,-72.69,-0.29,-0.17,-0.12,50368.78,49731.27,1.28,3418.29,3491.9,-2.11,-168.83,-553.5,69.5,-125.55,-73.86,-69.98,-0.37,-0.22,-0.15,60348.78,66581.36,31787.03,36493.31,52.67,54.81,-2.14,6.48,6.0,0.48,-0.92,-1.9,0.98,-0.59,-0.3,-0.29
6464,台灣數位光訊科技股份有限公司,2025,3,合併,1105.25,1083.83,1.98,544.14,568.06,-4.21,279.28,309.54,-9.78,170.33,206.98,-17.71,1.36,1.64,-0.28,3280.18,3205.61,2.33,1663.4,1649.58,0.84,887.82,979.34,-9.35,520.86,684.11,-23.86,4.16,5.41,-1.25,18085.51,18543.08,9547.53,10263.15,52.79,55.35,-2.56,49.23,52.41,-3.18,25.27,28.56,-3.29,15.41,19.1,-3.69
6472,保瑞藥業股份有限公司,2025,3,合併,4806.15,5027.24,-4.4,2171.87,2337.39,-7.08,1063.18,1211.84,-12.27,633.61,1705.93,-62.86,5.09,13.92,-8.83,14153.51,12301.94,15.05,6080.75,5810.6,4.65,2737.2,3009.91,-9.06,2649.55,3507.39,-24.46,21.34,28.81,-7.47,43741.05,43974.14,28052.54,29870.75,64.13,67.93,-3.8,45.19,46.49,-1.3,22.12,24.11,-1.99,13.18,33.93,-20.75
6477,安集科技股份有限公司,2025,3,合併,288.37,298.91,-3.53,104.49,83.63,24.94,74.95,53.8,39.31,-1.62,18.04,-108.98,-0.01,0.15,-0.16,652.9,721.16,-9.47,236.01,158.15,49.23,150.86,71.17,111.97,15.44,-0.54,2959.26,0.12,0.0,0.12,8369.42,8179.22,5024.52,4715.38,60.03,57.65,2.38,36.23,27.98,8.25,25.99,18.0,7.99,-0.56,6.03,-6.59
6491,晶碩光學股份有限公司,2025,3,合併,1888.68,1659.03,13.84,956.7,896.74,6.69,480.19,469.59,2.26,396.73,437.77,-9.37,5.09,5.61,-0.52,5109.0,5022.5,1.72,2662.97,2843.75,-6.36,1290.17,1601.15,-19.42,1199.38,1422.28,-15.67,15.38,18.23,-2.85,15942.92,14507.86,4622.92,3859.16,29.0,26.6,2.4,50.65,54.05,-3.4,25.42,28.31,-2.89,21.01,26.39,-5.38
6504,南六企業股份有限公司,2025,3,合併,1611.89,1687.32,-4.47,207.28,176.9,17.17,40.6,21.23,91.24,35.42,-45.85,177.25,0.49,-0.63,1.12,4906.02,4823.9,1.7,595.59,583.36,2.1,120.17,97.56,23.18,-156.19,18.66,-937.03,-2.15,0.26,-2.41,9799.59,9938.52,6560.46,6377.33,66.95,64.17,2.78,12.86,10.48,2.38,2.52,1.26,1.26,2.2,-2.72,4.92
6505,台塑石化股份有限公司,2025,3,合併,163529.26,173189.7,-5.58,11958.11,-2177.45,649.18,9283.75,-4762.75,294.92,8584.05,-3082.09,378.51,0.9,-0.32,1.22,482344.03,515002.99,-6.34,13915.93,7925.28,75.59,5619.9,-385.93,1556.2,4764.35,4676.33,1.88,0.5,0.49,0.01,375995.65,383911.95,63810.64,69065.1,16.97,17.99,-1.02,7.31,-1.26,8.57,5.68,-2.75,8.43,5.25,-1.78,7.03
6515,穎崴科技股份有限公司,2025,3,合併,1803.93,1930.32,-6.55,759.03,793.94,-4.4,407.35,487.02,-16.36,371.77,404.17,-8.02,10.43,11.75,-1.32,5623.52,4259.06,32.04,2625.02,1798.58,45.95,1594.92,972.12,64.07,1189.53,828.02,43.66,33.4,24.08,9.32,7886.3,7093.66,1984.41,2606.1,25.16,36.74,-11.58,42.08,41.13,0.95,22.58,25.23,-2.65,20.61,20.94,-0.33
6525,捷敏股份有限公司,2025,3,合併,1389.97,1193.95,16.42,393.75,291.04,35.29,287.77,200.16,43.77,239.06,146.85,62.79,1.85,1.14,0.71,3991.4,3441.29,15.99,1093.62,779.89,40.23,804.3,512.1,57.06,565.43,465.33,21.51,4.38,3.61,0.77,6490.73,6276.54,2130.5,1983.75,32.82,31.61,1.21,28.33,24.38,3.95,20.7,16.76,3.94,17.2,12.3,4.9
6526,達發科技股份有限公司,2025,3,合併,5630.51,5564.62,1.18,2937.03,2810.25,4.51,877.06,932.69,-5.96,837.66,852.19,-1.71,5.0,5.09,-0.09,16375.32,14289.86,14.59,8424.56,7408.74,13.71,2430.49,2296.48,5.84,2345.86,2062.59,13.73,14.0,12.34,1.66,27979.94,26746.49,6945.48,6326.9,24.82,23.66,1.16,52.16,50.5,1.66,15.58,16.76,-1.18,14.88,15.31,-0.43
6531,愛普科技股份有限公司,2025,3,合併,1494.73,1274.3,17.3,687.68,663.46,3.65,381.06,381.03,0.01,706.27,336.93,109.62,4.34,2.08,2.26,3798.39,2967.0,28.02,1702.15,1493.24,13.99,826.89,714.83,15.68,492.08,1075.78,-54.26,3.03,6.63,-3.6,13383.31,12396.09,1838.9,1015.57,13.74,8.19,5.55,46.01,52.06,-6.05,25.49,29.9,-4.41,47.25,26.44,20.81
6533,晶心科技股份有限公司,2025,3,合併,466.53,428.63,8.84,466.39,428.37,8.88,-24.06,23.97,-200.38,8.46,-1.79,572.63,0.17,-0.04,0.21,1017.3,920.2,10.55,1016.52,919.78,10.52,-361.18,-316.86,-13.99,-388.93,-130.46,-198.12,-7.68,-2.58,-5.1,6334.4,5126.27,1777.88,441.22,28.07,8.61,19.46,99.97,99.94,0.03,-5.16,5.59,-10.75,1.81,-0.42,2.23
6534,正瀚生技股份有限公司,2025,3,合併,216.68,134.82,60.72,172.45,89.53,92.62,-48.71,-107.62,54.74,-16.93,-91.96,81.59,-0.16,-0.89,0.73,1490.81,1360.35,9.59,1261.82,1137.93,10.89,581.48,532.97,9.1,420.2,457.25,-8.1,4.09,4.45,-0.36,3682.06,3569.33,1059.47,951.24,28.77,26.65,2.12,79.59,66.41,13.18,-22.48,-79.83,57.35,-7.82,-68.21,60.39
6541,泰福生技股份有限公司,2025,3,合併,125.34,11.5,989.91,-162.31,6.61,-2555.52,-286.29,-294.33,2.73,-273.5,-318.46,14.12,-1.08,-1.94,0.86,222.02,31.87,596.64,-197.0,6.84,-2980.12,-1014.62,-1079.31,5.99,-1079.62,-1103.34,2.15,-4.53,-7.25,2.72,8175.14,2989.94,2173.49,1841.65,26.59,61.59,-35.0,-129.5,57.47,-186.97,-228.42,-2558.75,2330.33,-218.21,-2768.47,2550.26
6550,北極星藥業集團股份有限公司,2025,3,合併,17.75,10.93,62.4,-53.35,-33.86,-57.56,-728.06,-757.88,3.93,-686.01,-744.0,7.79,-0.89,-1.0,0.11,34.58,70.75,-51.12,-156.0,-43.08,-262.12,-2146.55,-1865.6,-15.06,-2245.46,-1737.3,-29.25,-2.91,-2.33,-0.58,8180.38,8259.62,3990.71,2130.09,48.78,25.79,22.99,-300.61,-309.71,9.1,-4101.96,-6931.39,2829.43,-3865.04,-6804.51,2939.47
6558,興能高科技股份有限公司,2025,3,合併,275.4,331.79,-17.0,61.78,66.96,-7.74,-7.01,0.58,-1308.62,10.78,0.69,1462.32,0.11,0.01,0.1,828.24,872.56,-5.08,168.59,164.19,2.68,-28.9,-26.74,-8.08,-41.55,6.48,-741.2,-0.45,0.07,-0.52,1799.26,1893.69,393.72,394.47,21.88,20.83,1.05,22.43,20.18,2.25,-2.55,0.18,-2.73,3.91,0.21,3.7
6573,虹揚發展科技股份有限公司,2025,3,合併,189.66,210.21,-9.78,15.3,7.5,104.0,-32.06,-54.89,41.59,208.66,6.57,3075.95,2.59,0.08,2.51,642.54,729.71,-11.95,56.58,26.54,113.19,-92.2,-137.02,32.71,129.44,-100.27,229.09,1.61,-1.25,2.86,1648.01,1885.91,915.91,1192.56,55.58,63.24,-7.66,8.07,3.57,4.5,-16.91,-26.11,9.2,110.02,3.12,106.9
6579,研揚科技股份有限公司,2025,3,合併,2305.51,1734.1,32.95,745.85,582.37,28.07,173.34,80.16,116.24,193.17,6.75,2761.78,1.54,0.05,1.49,6365.75,5455.66,16.68,2130.11,1914.65,11.25,483.11,366.38,31.86,431.99,671.47,-35.67,3.44,5.37,-1.93,14308.88,14182.93,2741.1,2449.61,19.16,17.27,1.89,32.35,33.58,-1.23,7.52,4.62,2.9,8.38,0.39,7.99
6581,台灣鋼聯股份有限公司,2025,3,合併,496.73,491.89,0.98,229.43,258.67,-11.3,161.89,189.32,-14.49,143.32,156.26,-8.28,1.29,1.4,-0.11,1628.41,1662.1,-2.03,827.92,887.9,-6.76,617.57,674.93,-8.5,495.62,570.7,-13.16,4.45,5.13,-0.68,5112.8,5140.14,818.73,935.73,16.01,18.2,-2.19,46.19,52.59,-6.4,32.59,38.49,-5.9,28.85,31.77,-2.92
6582,申豐特用應材股份有限公司及子公司,2025,3,合併,143.35,565.85,-74.67,-22.02,46.31,-147.55,-55.69,-9.5,-486.21,65.05,100.66,-35.38,0.61,0.94,-0.33,695.79,1246.35,-44.17,-30.85,121.81,-125.33,-148.2,-30.34,-388.46,-19.82,115.04,-117.23,-0.19,1.08,-1.27,6380.12,6626.38,214.64,419.82,3.36,6.34,-2.98,-15.36,8.18,-23.54,-38.85,-1.68,-37.17,45.38,17.79,27.59
6585,鼎基先進材料股份有限公司,2025,3,合併,663.05,820.13,-19.15,178.03,322.12,-44.73,81.28,217.28,-62.59,80.76,162.4,-50.27,1.12,2.3,-1.18,2119.03,2477.35,-14.46,687.56,1020.74,-32.64,373.21,680.88,-45.19,274.06,576.74,-52.48,3.81,8.19,-4.38,4989.78,5354.37,1239.91,1535.6,24.85,28.68,-3.83,26.85,39.28,-12.43,12.26,26.49,-14.23,12.18,19.8,-7.62
6589,台康生技股份有限公司,2025,3,合併,229.0,248.22,-7.74,32.54,78.79,-58.7,-179.6,-245.86,26.95,-60.31,-256.12,76.45,-0.2,-0.84,0.64,641.53,714.32,-10.19,68.1,118.9,-42.72,-537.8,-742.92,27.61,-588.17,-580.75,-1.28,-1.94,-1.9,-0.04,10397.46,10774.24,1956.45,1345.48,18.82,12.49,6.33,14.21,31.74,-17.53,-78.43,-99.05,20.62,-26.34,-103.18,76.84
6591,動力科技股份有限公司,2025,3,合併,445.56,354.67,25.63,153.71,100.36,53.16,65.83,27.33,140.87,70.18,48.99,43.25,1.8,1.3,0.5,1370.57,987.21,38.83,487.21,263.33,85.02,234.94,64.91,261.95,178.34,93.9,89.93,4.65,2.53,2.12,3434.14,2675.86,1292.24,781.14,37.63,29.19,8.44,34.5,28.3,6.2,14.78,7.7,7.08,15.75,13.81,1.94
6592,和潤企業股份有限公司,2025,3,合併,5856.7,7180.51,-18.44,3508.05,4157.44,-15.62,940.47,997.96,-5.76,776.16,726.75,6.8,1.25,1.17,0.08,17939.84,22648.42,-20.79,10824.76,12790.16,-15.37,2929.83,2935.16,-0.18,2405.74,2590.85,-7.14,3.16,3.7,-0.54,322571.29,328885.49,281094.31,287920.47,87.14,87.54,-0.4,59.9,57.9,2.0,16.06,13.9,2.16,13.25,10.12,3.13
6598,瑞磁生物科技集團股份有限公司,2025,3,合併,122.82,74.95,63.87,77.88,45.05,72.87,-38.72,-79.28,51.16,-33.65,-76.83,56.2,-0.33,-0.8,0.47,358.7,258.08,38.99,212.34,158.48,33.99,-154.45,-204.33,24.41,-136.93,-189.96,27.92,-1.33,-2.2,0.87,1030.8,1247.21,343.23,328.62,33.3,26.35,6.95,63.41,60.11,3.3,-31.52,-105.78,74.26,-27.4,-102.51,75.11
6605,帝寶工業股份有限公司,2025,3,合併,4445.13,4948.82,-10.18,1145.47,1640.2,-30.16,521.97,922.11,-43.39,556.66,638.63,-12.84,3.36,3.85,-0.49,14418.6,14897.82,-3.22,4514.78,5106.73,-11.59,2425.76,2936.12,-17.38,1466.06,2337.39,-37.28,8.84,14.1,-5.26,31493.95,33140.43,11981.15,14360.52,38.04,43.33,-5.29,25.77,33.14,-7.37,11.74,18.63,-6.89,12.52,12.9,-0.38
6606,建德工業股份有限公司,2025,3,合併,199.74,172.82,15.58,86.37,61.92,39.49,48.82,24.89,96.14,33.56,17.48,91.99,0.31,0.16,0.15,599.93,550.98,8.88,245.47,208.16,17.92,135.66,100.55,34.92,83.77,81.08,3.32,0.76,0.74,0.02,1963.98,2312.87,390.7,459.93,19.89,19.89,0.0,43.24,35.83,7.41,24.44,14.41,10.03,16.8,10.12,6.68
6614,資拓宏宇國際股份有限公司,2025,3,合併,1391.98,877.27,58.67,168.85,119.65,41.12,43.75,-23.45,286.57,29.59,-8.6,444.07,0.41,-0.12,0.53,3248.09,2800.73,15.97,405.54,366.1,10.77,76.07,-11.26,775.58,63.12,24.31,159.65,0.87,0.33,0.54,3289.97,2711.3,2124.79,1601.17,64.58,59.06,5.52,12.13,13.64,-1.51,3.14,-2.67,5.81,2.13,-0.98,3.11
6625,必應創造股份有限公司,2025,3,合併,1185.99,1060.44,11.84,276.09,150.77,83.12,195.63,91.95,112.76,179.41,71.01,152.65,3.1,1.46,1.64,2977.45,2233.91,33.28,576.42,348.93,65.2,384.34,177.22,116.87,359.6,179.55,100.28,6.5,3.69,2.81,3445.53,1763.41,1727.0,864.69,50.12,49.04,1.08,23.28,14.22,9.06,16.5,8.67,7.83,15.13,6.7,8.43
6641,基士德科技股份有限公司,2025,3,合併,438.12,489.96,-10.58,144.39,138.19,4.49,2.57,-5.07,150.69,9.62,8.4,14.52,0.26,0.23,0.03,1277.93,1365.24,-6.4,398.72,401.99,-0.81,-9.3,-7.16,-29.89,3.97,50.38,-92.12,0.11,1.38,-1.27,1996.76,2149.2,603.09,661.82,30.2,30.79,-0.59,32.96,28.2,4.76,0.59,-1.04,1.63,2.19,1.72,0.47
6645,金萬林企業股份有限公司,2025,3,合併,144.36,124.54,15.91,23.76,19.77,20.18,-31.29,-32.59,3.99,-31.97,-35.66,10.35,-0.53,-0.67,0.14,372.25,342.19,8.78,55.05,38.47,43.1,-116.5,-122.81,5.14,-119.06,-115.32,-3.24,-1.96,-2.2,0.24,1041.03,973.56,502.47,458.69,48.27,47.11,1.16,16.46,15.87,0.59,-21.67,-26.17,4.5,-22.15,-28.63,6.48
6655,科定企業股份有限公司,2025,3,合併,679.51,678.85,0.1,317.14,360.94,-12.13,74.17,137.79,-46.17,62.0,109.2,-43.22,0.79,1.4,-0.61,1870.91,1847.15,1.29,919.52,975.83,-5.77,276.56,373.31,-25.92,194.97,300.71,-35.16,2.48,3.83,-1.35,8738.01,8193.45,6218.46,5907.78,71.17,72.1,-0.93,46.67,53.17,-6.5,10.91,20.3,-9.39,9.12,16.09,-6.97
6657,華安醫學股份有限公司,2025,3,合併,1.58,2.12,-25.47,1.24,1.41,-12.06,-52.64,-91.48,42.46,-49.01,-89.68,45.35,-0.55,-1.17,0.62,4.86,5.15,-5.63,3.81,3.74,1.87,-205.86,-200.49,-2.68,-193.61,-181.19,-6.85,-2.19,-2.38,0.19,1031.8,673.22,37.85,29.74,3.67,4.42,-0.75,78.26,66.52,11.74,-3327.62,-4325.2,997.58,-3097.85,-4240.33,1142.48
6658,聯策科技股份有限公司,2025,3,合併,375.35,327.91,14.47,72.75,77.56,-6.2,-11.78,-3.81,-209.19,2.36,-8.61,127.41,0.06,-0.26,0.32,1580.82,1092.73,44.67,348.02,246.46,41.21,60.65,16.09,276.94,12.97,7.37,75.98,0.36,0.22,0.14,3069.07,2553.51,1676.35,1376.67,54.62,53.91,0.71,19.38,23.65,-4.27,-3.14,-1.16,-1.98,0.63,-2.63,3.26
6666,羅麗芬控股股份有限公司,2025,3,合併,257.36,298.41,-13.76,168.29,191.02,-11.9,28.47,34.98,-18.61,31.66,31.96,-0.94,0.67,0.67,0.0,853.68,887.89,-3.85,560.73,562.43,-0.3,133.86,125.78,6.42,124.53,92.24,35.01,2.63,1.95,0.68,2197.63,2270.01,536.22,527.28,24.4,23.23,1.17,65.39,64.01,1.38,11.06,11.72,-0.66,12.3,10.71,1.59
6668,中揚光電股份有限公司,2025,3,合併,291.33,265.62,9.68,35.9,57.81,-37.9,-60.78,-13.4,-353.58,-57.66,-8.92,-546.41,-0.54,-0.09,-0.45,804.18,687.35,17.0,147.38,100.16,47.14,-126.35,-138.73,8.92,-112.75,-113.77,0.9,-1.11,-1.22,0.11,3682.74,3393.81,1522.28,1326.89,41.34,39.1,2.24,12.32,21.76,-9.44,-20.86,-5.05,-15.81,-19.79,-3.36,-16.43
6669,緯穎科技服務股份有限公司,2025,3,合併,266824.04,97818.37,172.77,23531.64,10432.13,125.57,19571.72,7905.05,147.59,15410.91,6327.91,143.54,82.92,34.36,48.56,658222.83,244927.48,168.74,57324.56,26526.59,116.1,47451.64,19968.12,137.64,37326.65,15728.87,137.31,200.85,88.38,112.47,311596.47,177092.65,203575.52,97196.3,65.33,54.88,10.45,8.82,10.66,-1.84,7.34,8.08,-0.74,5.78,6.47,-0.69
6670,復盛應用科技股份有限公司,2025,3,合併,5894.73,7024.7,-16.09,1418.91,1875.53,-24.35,699.81,1160.57,-39.7,485.8,827.11,-41.27,3.49,6.09,-2.6,20946.23,19536.74,7.21,5212.98,5106.63,2.08,3033.94,3123.86,-2.88,2021.54,2501.96,-19.2,14.55,18.66,-4.11,25466.21,23603.62,8778.66,8905.26,34.47,37.73,-3.26,24.07,26.7,-2.63,11.87,16.52,-4.65,8.24,11.77,-3.53
6671,三能集團控股股份有限公司,2025,3,合併,501.05,501.07,-0.0,189.35,187.88,0.78,60.26,52.53,14.72,49.02,40.63,20.65,0.81,0.67,0.14,1464.15,1464.66,-0.03,557.87,549.71,1.48,138.07,153.29,-9.93,100.5,133.06,-24.47,1.65,2.19,-0.54,2120.41,2250.83,445.42,495.19,21.01,22.0,-0.99,37.79,37.5,0.29,12.03,10.48,1.55,9.78,8.11,1.67
6672,騰輝電子國際集團股份有限公司,2025,3,合併,1032.56,1004.99,2.74,337.19,339.45,-0.67,108.99,70.84,53.85,83.9,50.44,66.34,1.17,0.71,0.46,3157.98,3199.06,-1.28,1017.76,1085.98,-6.28,282.28,268.37,5.18,247.26,274.13,-9.8,3.46,3.85,-0.39,4856.8,4734.59,1522.48,1356.45,31.35,28.65,2.7,32.66,33.78,-1.12,10.56,7.05,3.51,8.13,5.02,3.11
6674,鋐寶科技股份有限公司,2025,3,合併,159.54,249.77,-36.13,55.25,37.7,46.55,-16.77,-33.4,49.79,-13.07,-34.1,61.67,-0.19,-0.5,0.31,473.89,679.18,-30.23,164.08,114.08,43.83,-79.43,-103.98,23.61,-65.96,-97.75,32.52,-0.98,-1.45,0.47,1272.22,1575.32,352.96,528.04,27.74,33.52,-5.78,34.63,15.09,19.54,-10.51,-13.37,2.86,-8.19,-13.65,5.46
6689,伊雲谷數位科技股份有限公司,2025,3,合併,2999.58,3337.55,-10.13,288.14,341.45,-15.61,8.05,31.57,-74.5,21.29,59.9,-64.46,0.31,0.88,-0.57,9399.71,9142.89,2.81,930.13,1002.88,-7.25,17.31,53.86,-67.86,78.0,119.32,-34.63,1.15,1.75,-0.6,6091.74,6184.79,3077.63,3072.22,50.52,49.67,0.85,9.61,10.23,-0.62,0.27,0.95,-0.68,0.71,1.79,-1.08
6691,洋基工程股份有限公司,2025,3,合併,5549.33,3767.42,47.3,980.85,767.76,27.75,874.36,632.62,38.21,735.44,549.41,33.86,6.1,4.56,1.54,15377.23,9952.92,54.5,2906.82,2027.11,43.4,2522.56,1657.61,52.18,2006.3,1364.48,47.04,16.64,11.31,5.33,16785.51,12678.89,10225.38,7055.88,60.92,55.65,5.27,17.68,20.38,-2.7,15.76,16.79,-1.03,13.25,14.58,-1.33
6695,芯鼎科技股份有限公司,2025,3,合併,273.64,276.84,-1.16,103.18,117.71,-12.34,-57.24,-26.46,-116.33,-35.9,-28.53,-25.83,-0.37,-0.3,-0.07,843.64,709.43,18.92,322.52,294.05,9.68,-196.22,-128.95,-52.17,-178.64,-88.33,-102.24,-1.86,-0.92,-0.94,1800.92,1798.44,248.8,137.21,13.82,7.63,6.19,37.71,42.52,-4.81,-20.92,-9.56,-11.36,-13.12,-10.3,-2.82
6698,旭暉應用材料股份有限公司,2025,3,合併,354.24,206.12,71.86,85.66,52.34,63.66,14.75,-7.07,308.63,-21.73,-19.34,-12.36,-0.33,-0.29,-0.04,804.57,612.62,31.33,214.52,142.02,51.05,9.91,-49.1,120.18,-95.3,-63.23,-50.72,-1.45,-0.96,-0.49,2813.62,2859.68,963.77,932.74,34.25,32.62,1.63,24.18,25.39,-1.21,4.16,-3.43,7.59,-6.13,-9.38,3.25
6706,惠特科技股份有限公司,2025,3,合併,108.14,212.98,-49.23,39.9,31.48,26.75,-77.87,-95.55,18.5,-21.97,-100.16,78.07,-0.28,-1.36,1.08,778.32,561.74,38.56,128.57,52.79,143.55,-241.74,-426.43,43.31,-289.61,-294.95,1.81,-3.69,-4.01,0.32,7202.93,6575.17,3373.38,3170.94,46.83,48.23,-1.4,36.9,14.78,22.12,-72.0,-44.86,-27.14,-20.31,-47.03,26.72
6715,嘉基科技股份有限公司及子公司,2025,3,合併,307.47,580.57,-47.04,84.59,226.19,-62.6,-29.72,113.03,-126.29,2.13,89.32,-97.62,0.03,1.35,-1.32,1233.55,1695.17,-27.23,451.76,699.24,-35.39,114.53,341.8,-66.49,77.53,291.74,-73.42,1.17,4.5,-3.33,4435.48,4625.9,1001.27,973.25,22.57,21.04,1.53,27.51,38.96,-11.45,-9.67,19.47,-29.14,0.69,15.38,-14.69
6719,力智電子股份有限公司,2025,3,合併,1185.51,994.56,19.2,411.27,244.03,68.53,174.17,29.89,482.7,249.08,20.45,1118.0,2.36,0.2,2.16,3391.73,2762.58,22.77,1179.35,803.55,46.77,487.85,123.81,294.03,447.88,233.29,91.98,4.25,2.53,1.72,16535.17,15765.47,2734.41,2244.03,16.54,14.23,2.31,34.69,24.54,10.15,14.69,3.01,11.68,21.01,2.06,18.95
6722,輝創電子股份有限公司,2025,3,合併,1220.27,1337.87,-8.79,260.53,259.21,0.51,49.43,54.45,-9.22,41.79,53.47,-21.84,0.54,0.69,-0.15,3822.04,3859.24,-0.96,788.52,719.02,9.67,165.44,130.62,26.66,157.66,177.48,-11.17,2.02,2.28,-0.26,4558.87,4556.99,2511.13,2524.29,55.08,55.39,-0.31,21.35,19.37,1.98,4.05,4.07,-0.02,3.42,4.0,-0.58
6742,澤米科技股份有限公司,2025,3,合併,108.48,188.49,-42.45,-15.27,35.39,-143.15,-44.74,7.15,-725.73,-20.44,-4.33,-372.06,-0.29,-0.06,-0.23,436.95,510.94,-14.48,-6.1,83.83,-107.28,-90.2,-0.35,-25671.43,-105.94,5.94,-1883.5,-1.5,0.08,-1.58,1709.57,1865.11,450.79,450.52,26.37,24.16,2.21,-14.07,18.77,-32.84,-41.25,3.79,-45.04,-18.84,-2.3,-16.54
6743,安普新股份有限公司,2025,3,合併,1733.17,2445.27,-29.12,374.55,465.55,-19.55,214.86,290.31,-25.99,116.64,263.87,-55.8,0.79,1.79,-1.0,4137.06,5398.93,-23.37,776.91,1020.79,-23.89,330.82,513.11,-35.53,57.56,332.13,-82.67,0.39,2.25,-1.86,8749.56,10076.01,6160.08,7119.49,70.4,70.66,-0.26,21.61,19.04,2.57,12.4,11.87,0.53,6.73,10.79,-4.06
6754,匯僑室內裝修設計股份有限公司,2025,3,合併,1030.4,1425.03,-27.69,249.66,306.63,-18.58,98.66,139.04,-29.04,98.44,110.23,-10.7,1.49,1.67,-0.18,2731.59,3930.61,-30.5,607.62,903.51,-32.75,177.64,407.95,-56.46,150.96,330.0,-54.25,2.29,5.0,-2.71,4581.19,4901.33,2365.5,2608.41,51.63,53.22,-1.59,24.23,21.52,2.71,9.58,9.76,-0.18,9.55,7.74,1.81
6756,威鋒電子股份有限公司,2025,3,合併,326.93,446.76,-26.82,160.57,223.64,-28.2,-45.97,24.6,-286.87,9.98,29.5,-66.17,0.14,0.42,-0.28,1141.73,1333.45,-14.38,559.21,643.27,-13.07,-70.1,42.12,-266.43,49.82,132.77,-62.48,0.71,1.91,-1.2,3717.46,3795.61,892.31,915.84,24.0,24.13,-0.13,49.11,50.06,-0.95,-14.06,5.51,-19.57,3.05,6.6,-3.55
6768,志強國際企業股份有限公司,2025,3,合併,4143.48,4291.51,-3.45,751.33,949.44,-20.87,210.15,394.07,-46.67,173.89,344.39,-49.51,0.86,1.76,-0.9,15424.54,13239.16,16.51,3135.86,2797.33,12.1,1396.82,1160.88,20.32,1061.49,1132.62,-6.28,5.32,5.78,-0.46,20675.65,21326.85,6361.53,7005.45,30.77,32.85,-2.08,18.13,22.12,-3.99,5.07,9.18,-4.11,4.2,8.02,-3.82
6770,力晶積成電子製造股份有限公司,2025,3,合併,11840.43,11650.77,1.63,-773.29,-489.06,-58.12,-2686.16,-2694.11,0.3,-2727.94,-2878.76,5.24,-0.65,-0.69,0.04,34234.87,33594.04,1.91,-2331.33,1763.19,-232.22,-5240.73,-5993.65,12.56,-7158.58,-5275.89,-35.68,-1.71,-1.27,-0.44,178362.65,191521.61,96210.74,101945.43,53.94,53.23,0.71,-6.53,-4.2,-2.33,-22.69,-23.12,0.43,-23.04,-24.71,1.67
6771,平和環保科技股份有限公司,2025,3,合併,153.24,158.44,-3.28,68.88,72.23,-4.64,36.95,40.12,-7.9,28.87,30.96,-6.75,0.93,1.03,-0.1,477.83,467.36,2.24,228.46,213.95,6.78,128.12,114.72,11.68,98.4,88.65,11.0,3.16,2.94,0.22,1355.69,1300.69,478.37,460.2,35.29,35.38,-0.09,44.95,45.59,-0.64,24.11,25.32,-1.21,18.84,19.54,-0.7
6776,展碁國際股份有限公司,2025,3,合併,8333.3,6579.67,26.65,442.25,463.55,-4.59,120.66,128.52,-6.12,95.56,82.42,15.94,1.17,1.01,0.16,21243.41,18118.09,17.25,1247.8,1254.25,-0.51,320.68,363.87,-11.87,259.32,252.27,2.79,3.18,3.09,0.09,10527.07,9417.21,8132.8,7045.57,77.26,74.82,2.44,5.31,7.05,-1.74,1.45,1.95,-0.5,1.15,1.25,-0.1
6781,"Advanced Energy Solution Holding Co., Ltd.",2025,3,合併,4129.34,2365.05,74.6,1442.61,937.74,53.84,957.84,558.03,71.65,798.41,535.49,49.1,9.35,6.27,3.08,11539.9,6846.61,68.55,4229.81,2689.64,57.26,2897.35,1562.68,85.41,2452.2,1443.36,69.9,28.71,16.9,11.81,22410.88,19399.61,7154.4,5567.69,31.92,28.7,3.22,34.94,39.65,-4.71,23.2,23.59,-0.39,19.34,22.64,-3.3
6782,視陽光學股份有限公司,2025,3,合併,1132.49,1037.15,9.19,523.45,370.38,41.33,337.14,197.37,70.82,255.6,198.54,28.74,4.06,3.15,0.91,3155.63,2758.17,14.41,1409.06,1083.5,30.05,841.36,615.71,36.65,636.1,512.74,24.06,10.1,8.14,1.96,5820.33,5596.6,1836.78,1821.12,31.56,32.54,-0.98,46.22,35.71,10.51,29.77,19.03,10.74,22.57,19.14,3.43
6790,永豐餘消費品實業股份有限公司及子公司,2025,3,合併,2673.36,2832.81,-5.63,675.78,587.53,15.02,243.01,173.06,40.42,203.18,144.48,40.63,0.76,0.54,0.22,8097.29,8154.81,-0.71,1989.67,1875.14,6.11,710.16,709.46,0.1,596.15,581.53,2.51,2.23,2.18,0.05,10095.31,9475.54,4662.61,3895.71,46.19,41.11,5.08,25.28,20.74,4.54,9.09,6.11,2.98,7.6,5.1,2.5
6792,詠業科技股份有限公司,2025,3,合併,350.04,327.09,7.02,110.81,95.58,15.93,30.59,11.46,166.93,36.9,15.79,133.69,0.79,0.34,0.45,1024.92,939.98,9.04,331.95,276.18,20.19,110.49,58.03,90.4,88.4,62.8,40.76,1.89,1.34,0.55,1986.68,1963.82,447.84,378.2,22.54,19.26,3.28,31.66,29.22,2.44,8.74,3.5,5.24,10.54,4.83,5.71
6796,晉弘科技股份有限公司,2025,3,合併,152.79,104.13,46.73,59.61,42.02,41.86,-9.63,-20.73,53.55,2.15,-22.66,109.49,0.06,-0.59,0.65,441.06,323.77,36.23,187.22,139.53,34.18,-13.34,-38.28,65.15,-26.04,-30.51,14.65,-0.68,-0.8,0.12,1348.26,1313.11,650.08,606.69,48.22,46.2,2.02,39.02,40.35,-1.33,-6.3,-19.91,13.61,1.41,-21.76,23.17
6799,來頡科技股份有限公司,2025,3,合併,237.13,221.03,7.28,111.55,103.62,7.65,49.2,37.28,31.97,59.25,23.08,156.72,1.4,0.55,0.85,729.5,685.75,6.38,352.31,322.7,9.18,158.33,100.03,58.28,96.95,91.49,5.97,2.29,2.22,0.07,1765.03,1689.26,181.42,172.27,10.28,10.2,0.08,47.04,46.88,0.16,20.75,16.87,3.88,24.99,10.44,14.55
6805,富世達股份有限公司,2025,3,合併,3565.85,1988.28,79.34,986.44,483.77,103.91,792.69,331.66,139.01,686.96,334.16,105.58,10.02,4.87,5.15,8437.78,5417.91,55.74,2115.46,1295.19,63.33,1655.15,854.07,93.8,1373.8,814.43,68.68,20.04,11.88,8.16,12351.09,9860.81,6162.14,4708.5,49.89,47.75,2.14,27.66,24.33,3.33,22.23,16.68,5.55,19.26,16.81,2.45
6806,森崴股份有限公司,2025,3,合併,8875.73,3341.86,165.59,-8876.65,589.75,-1605.15,-9104.22,429.78,-2218.34,-7736.41,173.43,-4560.83,-28.17,0.77,-28.94,21385.23,9922.65,115.52,-13993.86,1230.1,-1237.62,-14761.63,725.6,-2134.4,-12172.93,412.89,-3048.23,-46.34,1.87,-48.21,51248.25,45208.9,46807.25,31852.36,91.33,70.46,20.87,-100.01,17.65,-117.66,-102.57,12.86,-115.43,-87.16,5.19,-92.35
6807,峰源集團股份有限公司,2025,3,合併,990.55,1397.96,-29.14,182.78,265.02,-31.03,61.95,156.51,-60.42,67.53,124.9,-45.93,1.25,2.31,-1.06,3197.38,3558.42,-10.15,594.18,661.97,-10.24,247.79,348.18,-28.83,203.64,330.65,-38.41,3.77,6.12,-2.35,3496.78,3670.67,1049.96,1232.97,30.03,33.59,-3.56,18.45,18.96,-0.51,6.25,11.2,-4.95,6.82,8.93,-2.11
6830,汎銓科技股份有限公司,2025,3,合併,576.92,518.51,11.26,145.92,140.26,4.04,34.8,33.12,5.07,30.53,13.56,125.15,0.59,0.28,0.31,1586.45,1462.65,8.46,347.01,409.98,-15.36,30.18,122.54,-75.37,-33.01,44.74,-173.78,-0.64,0.94,-1.58,5973.21,6010.97,2985.9,2885.65,49.99,48.01,1.98,25.29,27.05,-1.76,6.03,6.39,-0.36,5.29,2.62,2.67
6831,邁科技股份有限公司,2025,3,合併,1154.66,506.31,128.05,320.69,126.41,153.69,212.55,41.66,410.2,149.31,6.83,2086.09,2.49,0.11,2.38,2762.69,1478.46,86.86,649.04,351.86,84.46,345.22,97.18,255.24,188.1,72.06,161.03,3.14,1.23,1.91,4247.17,2405.71,2579.04,862.03,60.72,35.83,24.89,27.77,24.97,2.8,18.41,8.23,10.18,12.93,1.35,11.58
6834,天二科技股份有限公司,2025,3,合併,365.38,347.52,5.14,58.91,71.06,-17.1,4.07,18.95,-78.52,39.56,17.71,123.38,0.45,0.2,0.25,1100.24,936.63,17.47,202.18,171.92,17.6,46.8,25.16,86.01,21.51,50.89,-57.73,0.24,0.58,-0.34,2239.36,2131.89,813.62,674.71,36.33,31.65,4.68,16.12,20.45,-4.33,1.11,5.45,-4.34,10.83,5.1,5.73
6835,圓裕企業股份有限公司,2025,3,合併,609.85,641.13,-4.88,125.49,156.72,-19.93,28.69,67.5,-57.5,32.38,29.0,11.66,0.49,0.44,0.05,1857.95,1811.51,2.56,424.89,457.29,-7.09,149.72,193.73,-22.72,61.11,157.6,-61.22,0.92,2.38,-1.46,3730.77,3273.6,1956.04,1554.95,52.43,47.5,4.93,20.58,24.44,-3.86,4.7,10.53,-5.83,5.31,4.52,0.79
6838,台新藥股份有限公司,2025,3,合併,0.91,4.33,-78.98,-5.2,0.64,-912.5,-44.61,-51.9,14.05,-59.19,-46.05,-28.53,-0.39,-0.29,-0.1,6.27,137.46,-95.44,-2.11,116.33,-101.81,-131.23,-139.53,5.95,-35.6,-162.37,78.07,-0.24,-1.16,0.92,2106.13,2149.84,595.7,545.58,28.28,25.38,2.9,-570.69,14.72,-585.41,-4896.93,-1197.88,-3699.05,-6497.48,-1062.7,-5434.78
6854,錼創科技股份有限公司,2025,3,合併,359.69,525.42,-31.54,156.42,190.03,-17.69,-5.01,47.03,-110.65,71.31,59.33,20.19,0.61,0.55,0.06,864.02,1054.35,-18.05,307.63,358.51,-14.19,-221.16,-95.89,-130.64,-350.33,-57.54,-508.85,-3.06,-0.54,-2.52,4892.36,2555.45,1267.55,634.03,25.91,24.81,1.1,43.49,36.17,7.32,-1.39,8.95,-10.34,19.83,11.29,8.54
6861,睿生光電股份有限公司及子公司,2025,3,合併,554.84,483.75,14.7,134.88,141.26,-4.52,21.8,8.92,144.39,29.75,30.92,-3.78,0.72,0.75,-0.03,1642.42,1451.98,13.12,440.02,402.68,9.27,95.93,16.04,498.07,104.66,112.31,-6.81,2.52,2.77,-0.25,2449.35,2266.81,1049.39,885.4,42.84,39.06,3.78,24.31,29.2,-4.89,3.93,1.84,2.09,5.36,6.39,-1.03
6862,三集瑞科技國際集團股份有限公司,2025,3,合併,503.01,616.69,-18.43,191.15,246.49,-22.45,110.59,159.39,-30.62,141.06,106.29,32.71,2.82,2.42,0.4,1762.42,1642.05,7.33,720.17,682.88,5.46,464.63,444.04,4.64,300.82,374.08,-19.58,6.02,8.5,-2.48,3977.38,3235.7,1157.1,1544.72,29.09,47.74,-18.65,38.0,39.97,-1.97,21.98,25.85,-3.87,28.04,17.23,10.81
6863,"Arizon RFID Technology (Cayman) Co., Ltd.",2025,3,合併,821.16,1149.94,-28.59,172.0,366.88,-53.12,44.94,191.73,-76.56,64.67,171.09,-62.2,0.86,2.29,-1.43,2889.16,3221.07,-10.3,772.38,1093.29,-29.35,365.84,635.66,-42.45,221.15,585.77,-62.25,2.95,7.87,-4.92,8517.04,7635.45,2805.61,1831.72,32.94,23.99,8.95,20.95,31.9,-10.95,5.47,16.67,-11.2,7.88,14.88,-7.0
6869,雲豹能源科技股份有限公司,2025,3,合併,1905.52,618.5,208.09,194.52,81.59,138.41,34.97,-62.71,155.76,-66.42,7.34,-1004.9,-0.49,0.05,-0.54,5490.77,2633.85,108.47,522.65,377.51,38.45,71.9,-59.53,220.78,214.18,139.28,53.78,1.57,1.12,0.45,16148.23,12837.08,9665.22,7046.98,59.85,54.9,4.95,10.21,13.19,-2.98,1.84,-10.14,11.98,-3.49,1.19,-4.68
6873,泓德能源科技股份有限公司,2025,3,合併,2049.98,3845.26,-46.69,488.94,865.85,-43.53,175.31,557.35,-68.55,37.0,436.49,-91.52,0.26,3.59,-3.33,5405.68,6000.95,-9.92,1366.91,1426.15,-4.15,446.73,808.77,-44.76,218.62,598.08,-63.45,1.57,5.0,-3.43,30573.24,16319.64,18653.21,7757.02,61.01,47.53,13.48,23.85,22.52,1.33,8.55,14.49,-5.94,1.8,11.35,-9.55
6885,全福生物科技股份有限公司,2025,3,合併,1.23,0.07,1657.14,-0.16,0.01,-1700.0,-104.45,-65.15,-60.32,-83.83,-70.73,-18.52,-0.63,-0.61,-0.02,2.9,0.07,4042.86,1.33,0.01,13200.0,-266.84,-220.25,-21.15,-275.0,-202.77,-35.62,-2.08,-1.75,-0.33,1934.36,1575.19,57.65,25.27,2.98,1.6,1.38,-13.1,9.09,-22.19,-8498.54,-98715.15,90216.61,-6821.07,-107160.61,100339.54
6887,寶綠特資源再生工程股份有限公司,2025,3,合併,897.17,1143.0,-21.51,173.41,184.65,-6.09,14.81,16.12,-8.13,20.73,32.08,-35.38,0.28,0.49,-0.21,3345.02,3444.07,-2.88,727.84,646.39,12.6,183.53,164.06,11.87,182.6,160.36,13.87,2.54,2.46,0.08,4624.31,4761.79,1952.07,2869.11,42.21,60.25,-18.04,19.33,16.15,3.18,1.65,1.41,0.24,2.31,2.81,-0.5
6890,來億興業股份有限公司,2025,3,合併,8024.81,9300.96,-13.72,1169.0,1907.46,-38.71,592.99,1244.35,-52.35,509.42,797.95,-36.16,2.04,3.2,-1.16,29027.39,26838.28,8.16,4679.47,5443.28,-14.03,2739.41,3411.55,-19.7,2284.43,2611.43,-12.52,9.16,11.23,-2.07,31262.11,30866.46,8157.27,6950.75,26.09,22.52,3.57,14.57,20.51,-5.94,7.39,13.38,-5.99,6.35,8.58,-2.23
6902,走著瞧股份有限公司,2025,3,合併,266.94,210.4,26.87,235.38,189.57,24.17,3.9,-34.42,111.33,7.03,-37.26,118.87,0.2,-1.16,1.36,747.56,619.36,20.7,658.67,562.86,17.02,26.34,-50.1,152.57,7.68,-36.13,121.26,0.23,-1.13,1.36,1210.77,876.47,559.08,458.41,46.18,52.3,-6.12,88.18,90.1,-1.92,1.46,-16.36,17.82,2.63,-17.71,20.34
6906,現觀科技股份有限公司,2025,3,合併,80.97,103.6,-21.84,69.05,92.13,-25.05,4.77,37.25,-87.19,10.27,31.25,-67.14,0.32,0.93,-0.61,229.27,247.85,-7.5,196.44,198.28,-0.93,18.09,54.19,-66.62,18.45,56.52,-67.36,0.56,1.69,-1.13,833.97,1027.04,152.25,136.82,18.26,13.32,4.94,85.28,88.93,-3.65,5.89,35.95,-30.06,12.68,30.17,-17.49
6908,宏碁遊戲股份有限公司,2025,3,合併,1253.35,800.94,56.48,163.52,98.47,66.06,30.41,-35.26,186.25,11.07,0.9,1130.0,0.32,0.03,0.29,3722.56,2894.69,28.6,444.85,310.6,43.22,61.31,4.7,1204.47,36.7,26.02,41.05,1.05,0.74,0.31,3730.26,3006.36,1914.14,1229.56,51.31,40.9,10.41,13.05,12.29,0.76,2.43,-4.4,6.83,0.88,0.11,0.77
6914,阜爾運通股份有限公司,2025,3,合併,1523.58,1187.5,28.3,366.36,220.15,66.41,278.01,138.67,100.48,205.03,96.5,112.47,3.1,1.46,1.64,4222.06,3444.24,22.58,935.92,709.56,31.9,681.13,470.32,44.82,488.94,333.03,46.82,7.38,5.24,2.14,10412.01,8936.38,6864.86,5605.63,65.93,62.73,3.2,24.05,18.54,5.51,18.25,11.68,6.57,13.46,8.13,5.33
6916,華凌光電股份有限公司,2025,3,合併,503.89,567.29,-11.18,120.99,150.64,-19.68,-9.58,28.42,-133.71,-3.61,11.62,-131.07,-0.05,0.17,-0.22,1519.99,1543.87,-1.55,359.5,363.29,-1.04,-59.88,-3.03,-1876.24,-65.82,15.52,-524.1,-0.98,0.23,-1.21,2397.76,2431.91,1353.66,1299.35,56.46,53.43,3.03,24.01,26.55,-2.54,-1.9,5.01,-6.91,-0.72,2.05,-2.77
6918,愛派司生技股份有限公司,2025,3,合併,210.69,200.27,5.2,144.45,134.03,7.77,48.77,45.27,7.73,43.4,37.51,15.7,1.26,1.23,0.03,620.98,565.05,9.9,431.55,392.36,9.99,158.39,131.18,20.74,130.39,109.91,18.63,4.05,3.64,0.41,1528.88,1111.48,273.98,231.73,17.92,20.85,-2.93,68.56,66.92,1.64,23.15,22.6,0.55,20.6,18.73,1.87
6919,康霈生技股份有限公司,2025,3,合併,13.41,23.26,-42.35,9.33,16.01,-41.72,-201.48,-153.14,-31.57,-7.73,-137.57,94.38,-0.01,-0.1,0.09,25.63,35.07,-26.92,17.51,23.91,-26.77,-586.54,-588.64,0.36,-432.11,-532.69,18.88,-0.28,-0.38,0.1,9455.4,9801.5,78.32,70.23,0.83,0.72,0.11,69.53,68.83,0.7,-1501.89,-658.48,-843.41,-57.62,-591.52,533.9
6923,中台資源科技股份有限公司,2025,3,合併,287.49,401.71,-28.43,103.42,173.65,-40.44,83.89,155.03,-45.89,66.61,119.58,-44.3,0.73,1.43,-0.7,859.96,1401.0,-38.62,322.62,480.23,-32.82,261.69,417.88,-37.38,190.65,331.17,-42.43,2.08,4.0,-1.92,4055.26,4491.31,1536.12,1829.56,37.88,40.74,-2.86,35.97,43.23,-7.26,29.18,38.59,-9.41,23.17,29.77,-6.6
6924,榮惠集團(開曼)股份有限公司,2025,3,合併,399.31,477.69,-16.41,88.83,122.11,-27.25,28.87,61.08,-52.73,31.62,74.48,-57.55,1.52,3.77,-2.25,1266.69,1292.42,-1.99,268.07,296.35,-9.54,94.51,123.89,-23.71,67.37,121.46,-44.53,3.23,6.25,-3.02,1042.27,1058.44,518.99,563.3,49.79,53.22,-3.43,22.25,25.56,-3.31,7.23,12.79,-5.56,7.92,15.59,-7.67
6928,攸泰科技股份有限公司,2025,3,合併,482.26,449.75,7.23,127.36,80.75,57.72,-32.97,-58.22,43.37,-19.62,-28.64,31.49,-0.23,-0.33,0.1,1629.41,1538.99,5.88,412.17,343.59,19.96,-30.49,-96.32,68.35,-8.18,-41.28,80.18,-0.1,-0.51,0.41,2745.23,2751.44,663.61,602.34,24.17,21.89,2.28,26.41,17.95,8.46,-6.84,-12.95,6.11,-4.07,-6.37,2.3
6931,青松健康股份有限公司,2025,3,合併,284.49,254.6,11.74,35.93,33.62,6.87,14.61,12.61,15.86,31.01,7.65,305.36,0.47,0.13,0.34,824.92,726.14,13.6,101.16,89.17,13.45,35.12,32.08,9.48,51.11,26.37,93.82,0.78,0.44,0.34,2542.3,1942.79,1407.01,1268.88,55.34,65.31,-9.97,12.63,13.2,-0.57,5.14,4.95,0.19,10.9,3.01,7.89
6933,艾瑪斯科技控股股份有限公司,2025,3,合併,1383.97,1095.05,26.38,156.99,141.28,11.12,20.46,-19.0,207.68,12.12,3.75,223.2,0.29,0.09,0.2,5238.79,3838.32,36.49,622.34,517.86,20.18,169.1,60.9,177.67,155.77,82.41,89.02,3.69,1.99,1.7,3444.74,4005.43,1290.23,1957.0,37.46,48.86,-11.4,11.34,12.9,-1.56,1.48,-1.73,3.21,0.88,0.34,0.54
6934,心誠鎂行動醫電股份有限公司,2025,3,合併,6.9,17.57,-60.73,-9.09,10.11,-189.91,-37.09,-20.9,-77.46,-36.13,-20.75,-74.12,-1.1,-0.69,-0.41,17.75,36.42,-51.26,-28.66,6.36,-550.63,-124.53,-90.81,-37.13,-133.06,-88.83,-49.79,-4.17,-2.96,-1.21,354.66,232.06,87.87,35.71,24.78,15.39,9.39,-131.73,57.5,-189.23,-537.63,-118.92,-418.71,-523.7,-118.07,-405.63
6937,天虹科技股份有限公司,2025,3,合併,549.49,563.63,-2.51,200.6,246.1,-18.49,26.37,84.42,-68.76,61.57,82.89,-25.72,0.91,1.23,-0.32,1522.99,1568.96,-2.93,594.72,700.49,-15.1,84.14,244.98,-65.65,129.68,261.16,-50.34,1.92,3.87,-1.95,4265.52,4006.52,859.38,741.74,20.15,18.51,1.64,36.51,43.66,-7.15,4.8,14.98,-10.18,11.21,14.71,-3.5
6944,兆聯實業股份有限公司,2025,3,合併,4785.72,2597.88,84.22,1090.16,530.97,105.31,926.02,434.23,113.26,683.06,331.05,106.33,8.95,4.89,4.06,11557.27,7214.95,60.19,2542.75,1622.22,56.75,2120.73,1332.13,59.2,1612.96,1027.91,56.92,22.26,15.18,7.08,13627.81,8232.77,6465.89,4285.09,47.45,52.05,-4.6,22.78,20.44,2.34,19.35,16.71,2.64,14.27,12.74,1.53
6949,沛爾生技醫藥股份有限公司,2025,3,合併,7.54,4.98,51.41,-6.66,-2.68,-148.51,-125.33,-106.16,-18.06,-118.41,-100.84,-17.42,-2.02,-1.76,-0.26,25.36,14.99,69.18,-5.74,-8.73,34.25,-293.19,-306.53,4.35,-271.98,-287.68,5.46,-4.65,-5.09,0.44,1619.77,1624.12,385.71,246.15,23.81,15.16,8.65,-88.26,-53.8,-34.46,-1662.02,-2131.65,469.63,-1570.22,-2024.88,454.66
6951,青新環境工程股份有限公司,2025,3,合併,250.77,208.49,20.28,148.06,125.12,18.33,106.58,84.95,25.46,85.49,74.79,14.31,1.86,1.63,0.23,611.46,497.02,23.03,357.62,279.43,27.98,241.91,172.06,40.6,196.03,145.04,35.16,4.26,3.41,0.85,1554.52,1465.6,456.48,449.41,29.36,30.66,-1.3,59.04,60.01,-0.97,42.5,40.75,1.75,34.09,35.87,-1.78
6952,大武山牧場科技股份有限公司,2025,3,合併,545.17,504.19,8.13,97.52,142.91,-31.76,9.57,50.98,-81.23,6.38,19.67,-67.56,0.09,0.52,-0.43,1395.52,1489.83,-6.33,238.31,406.88,-41.43,-1.75,161.29,-101.09,-123.97,77.81,-259.32,-1.72,1.74,-3.46,3807.81,3647.97,2080.18,1173.91,54.63,32.18,22.45,17.89,28.34,-10.45,1.75,10.11,-8.36,1.17,3.9,-2.73
6955,邦睿生技股份有限公司,2025,3,合併,73.26,57.05,28.41,56.85,44.48,27.81,22.93,14.45,58.69,25.82,14.04,83.9,1.04,0.62,0.42,224.07,159.85,40.18,175.24,125.92,39.17,73.54,40.63,81.0,72.69,44.77,62.36,2.93,1.98,0.95,661.63,362.38,50.28,42.32,7.6,11.68,-4.08,77.6,77.97,-0.37,31.31,25.33,5.98,35.25,24.6,10.65
6957,裕慶金屬股份有限公司,2025,3,合併,1085.22,1045.51,3.8,420.72,350.02,20.2,233.55,135.69,72.12,196.87,83.63,135.41,3.59,1.51,2.08,2673.59,2871.06,-6.88,991.52,1134.78,-12.62,333.12,509.9,-34.67,298.38,419.09,-28.8,5.41,8.18,-2.77,4125.91,5733.94,1864.56,3195.45,45.19,55.73,-10.54,38.77,33.48,5.29,21.52,12.98,8.54,18.14,8.0,10.14
6958,日盛台駿國際租賃股份有限公司,2025,3,合併,2592.48,3015.54,-14.03,744.63,1025.58,-27.39,-593.28,179.88,-429.82,-356.73,146.96,-342.74,-0.88,0.38,-1.26,8254.46,8786.81,-6.06,2548.05,3023.49,-15.72,-1214.46,517.08,-334.87,-687.86,429.01,-260.34,-1.71,1.12,-2.83,79362.41,93461.6,69938.95,82964.86,88.13,88.77,-0.64,28.72,34.01,-5.29,-22.88,5.97,-28.85,-13.76,4.87,-18.63
6962,ITH Corporation,2025,3,合併,5107.65,5865.82,-12.93,1082.22,1384.78,-21.85,166.74,603.06,-72.35,293.71,233.33,25.88,0.62,0.59,0.03,14355.22,17119.27,-16.15,4360.14,4764.38,-8.48,1733.8,1946.66,-10.93,1233.01,1763.21,-30.07,2.6,4.48,-1.88,26879.35,25279.4,7087.5,8292.17,26.37,32.8,-6.43,21.19,23.61,-2.42,3.26,10.28,-7.02,5.75,3.98,1.77
6965,中傑投資控股股份有限公司,2025,3,合併,5391.13,7972.23,-32.38,527.52,1094.26,-51.79,38.54,470.88,-91.82,55.87,354.32,-84.23,0.36,2.53,-2.17,16722.52,20231.08,-17.34,1935.76,3159.06,-38.72,371.5,1471.33,-74.75,446.77,1290.83,-65.39,2.94,9.22,-6.28,17545.69,18971.84,5800.06,9119.94,33.06,48.07,-15.01,9.78,13.73,-3.95,0.71,5.91,-5.2,1.04,4.44,-3.4
6969,成信實業股份有限公司,2025,3,合併,78.58,44.06,78.35,24.0,4.57,425.16,5.35,-19.27,127.76,0.14,-20.65,100.68,0.0,-0.57,0.57,229.81,117.81,95.07,70.76,-2.03,3585.71,6.44,-71.52,109.0,-9.17,-72.17,87.29,-0.24,-2.0,1.76,1138.87,1121.28,820.02,786.56,72.0,70.15,1.85,30.55,10.37,20.18,6.81,-43.74,50.55,0.18,-46.86,47.04
6988,威力暘電子股份有限公司,2025,3,合併,188.18,224.78,-16.28,57.16,70.42,-18.83,-0.44,9.48,-104.64,0.52,9.87,-94.73,0.01,0.21,-0.2,600.86,676.41,-11.17,176.87,200.04,-11.58,-7.46,23.44,-131.83,-9.92,26.23,-137.82,-0.21,0.57,-0.78,1220.77,1315.71,465.8,540.73,38.16,41.1,-2.94,30.37,31.33,-0.96,-0.23,4.22,-4.45,0.27,4.39,-4.12
6994,富威電力股份有限公司,2025,3,合併,674.9,392.55,71.93,134.43,67.68,98.63,78.8,36.22,117.56,31.2,6.02,418.27,0.43,0.1,0.33,1529.98,1264.47,21.0,283.69,193.96,46.26,163.53,110.83,47.55,79.73,44.06,80.96,1.13,0.73,0.4,6492.05,3740.48,3964.77,2787.76,61.07,74.53,-13.46,19.92,17.24,2.68,11.68,9.23,2.45,4.62,1.53,3.09
7610,聯友金屬科技股份有限公司,2025,3,合併,367.58,286.15,28.46,105.15,23.75,342.74,73.48,6.54,1023.55,55.04,7.05,680.71,1.25,0.17,1.08,889.16,931.47,-4.54,176.87,111.73,58.3,102.55,61.73,66.13,75.07,51.97,44.45,1.75,1.25,0.5,2764.97,1953.11,1335.79,1165.85,48.31,59.69,-11.38,28.61,8.3,20.31,19.99,2.29,17.7,14.97,2.46,12.51
7631,聚賢研發股份有限公司,2025,3,合併,211.96,226.08,-6.25,59.3,61.39,-3.4,21.7,28.81,-24.68,18.48,24.77,-25.39,0.93,1.47,-0.54,633.51,621.09,2.0,182.34,189.97,-4.02,70.97,99.03,-28.33,58.5,59.15,-1.1,3.07,3.52,-0.45,1373.28,992.94,607.66,505.35,44.25,50.89,-6.64,27.98,27.16,0.82,10.24,12.74,-2.5,8.72,10.96,-2.24
7705,三商餐飲股份有限公司,2025,3,合併,1718.63,1659.39,3.57,634.29,601.03,5.53,66.42,80.85,-17.85,63.39,66.22,-4.27,0.96,1.1,-0.14,4864.1,4782.48,1.71,1722.72,1800.24,-4.31,123.52,268.06,-53.92,89.2,252.57,-64.68,1.35,4.18,-2.83,3817.64,3450.03,2306.46,2228.28,60.42,64.59,-4.17,36.91,36.22,0.69,3.86,4.87,-1.01,3.69,3.99,-0.3
7711,永擎電子股份有限公司,2025,3,合併,6635.05,2265.99,192.81,493.31,401.91,22.74,242.52,182.02,33.24,161.34,173.87,-7.21,2.67,2.88,-0.21,17510.55,4782.15,266.16,1382.5,1011.36,36.7,589.21,348.31,69.16,562.09,337.13,66.73,9.3,5.58,3.72,6895.37,3958.1,5228.02,2790.01,75.82,70.49,5.33,7.43,17.74,-10.31,3.66,8.03,-4.37,2.43,7.67,-5.24
7721,微程式資訊股份有限公司,2025,3,合併,119.82,182.14,-34.22,88.69,122.52,-27.61,4.87,46.38,-89.5,5.44,40.13,-86.44,0.11,0.89,-0.78,367.83,631.62,-41.76,254.43,363.37,-29.98,24.23,150.1,-83.86,20.9,145.3,-85.62,0.4,3.22,-2.82,1563.94,973.7,281.53,281.36,18.0,28.9,-10.9,74.03,67.27,6.76,4.06,25.46,-21.4,4.54,22.03,-17.49
7722,連加網路商業股份有限公司,2025,3,合併,2015.09,1594.64,26.37,656.94,488.75,34.41,171.43,142.58,20.23,180.32,112.06,60.91,2.65,1.87,0.78,5693.73,4529.95,25.69,1906.05,1404.31,35.73,496.19,582.6,-14.83,411.85,479.12,-14.04,6.06,7.99,-1.93,19729.65,13749.97,9088.8,7831.38,46.07,56.96,-10.89,32.6,30.65,1.95,8.51,8.94,-0.43,8.95,7.03,1.92
7730,暉盛科技股份有限公司,2025,3,合併,99.94,113.26,-11.76,45.07,50.61,-10.95,10.28,24.22,-57.56,13.85,16.23,-14.66,0.4,0.47,-0.07,355.6,376.72,-5.61,156.21,155.95,0.17,47.72,57.25,-16.65,29.0,55.62,-47.86,0.84,1.61,-0.77,1095.17,1069.09,345.38,354.3,31.54,33.14,-1.6,45.1,44.69,0.41,10.29,21.39,-11.1,13.86,14.33,-0.47
7732,金興精密工業股份有限公司,2025,3,合併,225.86,202.92,11.3,65.25,53.31,22.4,18.04,9.98,80.76,29.97,-6.05,595.37,0.46,-0.1,0.56,876.82,837.93,4.64,261.59,280.34,-6.69,119.07,149.24,-20.22,84.56,125.67,-32.71,1.3,2.1,-0.8,2136.91,1996.07,333.0,354.4,15.58,17.76,-2.18,28.89,26.27,2.62,7.99,4.92,3.07,13.27,-2.98,16.25
7736,虎山實業股份有限公司,2025,3,合併,429.12,360.87,18.91,111.34,136.48,-18.42,50.97,96.63,-47.25,112.39,62.42,80.05,1.49,0.91,0.58,1278.16,970.7,31.67,379.74,394.43,-3.72,234.56,244.91,-4.23,251.3,339.38,-25.95,3.4,4.94,-1.54,4237.42,3419.66,735.34,747.97,17.35,21.87,-4.52,25.95,37.82,-11.87,11.88,26.78,-14.9,26.19,17.3,8.89
7740,熙特爾新能源股份有限公司,2025,3,合併,706.84,115.21,513.52,83.84,13.11,539.51,54.88,-11.11,593.97,-7.92,-13.52,41.42,-0.15,-0.27,0.12,1159.07,232.43,398.67,295.92,13.7,2060.0,112.06,-48.17,332.63,165.19,-43.87,476.54,3.22,-0.97,4.19,9450.97,1598.25,8097.38,945.11,85.68,59.13,26.55,11.86,11.38,0.48,7.76,-9.64,17.4,-1.12,-11.74,10.62
7749,意騰科技股份有限公司,2025,3,合併,481.58,250.16,92.51,364.07,202.98,79.36,175.91,61.61,185.52,196.26,51.06,284.37,4.22,1.39,2.83,1142.71,552.42,106.86,890.74,487.34,82.78,444.91,125.47,254.59,393.46,159.15,147.23,9.12,4.42,4.7,3865.55,1301.89,287.08,183.0,7.43,14.06,-6.63,75.6,81.14,-5.54,36.53,24.63,11.9,40.75,20.41,20.34
7750,新代科技股份有限公司,2025,3,合併,3028.99,2503.2,21.0,1347.43,1104.47,22.0,422.7,312.3,35.35,365.06,280.5,30.15,5.66,4.47,1.19,10265.48,8135.57,26.18,4693.93,3585.82,30.9,1939.99,1301.96,49.01,1445.34,1086.09,33.08,22.8,17.76,5.04,16157.49,9168.1,5870.07,4526.15,36.33,49.37,-13.04,44.48,44.12,0.36,13.96,12.48,1.48,12.05,11.21,0.84
7769,鴻勁精密股份有限公司,2025,3,合併,8197.81,3581.61,128.89,4730.23,1972.6,139.8,4165.51,1614.01,158.08,3616.88,1179.72,206.59,22.39,7.37,15.02,20995.04,9032.16,132.45,12261.19,5016.35,144.42,10942.03,4091.17,167.45,8650.63,3320.44,160.53,53.54,20.75,32.79,34027.09,19204.85,15243.34,7442.95,44.8,38.76,6.04,57.7,55.08,2.62,50.81,45.06,5.75,44.12,32.94,11.18
7780,大研生醫國際股份有限公司,2025,3,合併,449.32,294.04,52.81,287.94,191.2,50.6,82.95,40.69,103.86,69.42,47.74,45.41,1.06,0.8,0.26,1238.98,818.47,51.38,804.44,511.43,57.29,164.39,40.43,306.6,213.22,51.17,316.69,3.44,1.33,2.11,5653.31,1719.71,304.81,423.2,5.39,24.61,-19.22,64.08,65.03,-0.95,18.46,13.84,4.62,15.45,16.24,-0.79
7788,松川精密股份有限公司,2025,3,合併,1529.5,1549.74,-1.31,404.62,441.18,-8.29,102.18,168.33,-39.3,111.04,103.03,7.77,1.53,1.42,0.11,4763.06,4393.19,8.42,1304.82,1246.96,4.64,403.91,415.64,-2.82,158.25,365.23,-56.67,2.18,5.03,-2.85,9388.06,9467.16,4483.95,4607.19,47.76,48.66,-0.9,26.45,28.47,-2.02,6.68,10.86,-4.18,7.26,6.65,0.61
7791,皇家可口股份有限公司,2025,3,合併,801.89,818.04,-1.97,270.8,317.62,-14.74,113.38,128.2,-11.56,90.33,100.28,-9.92,1.29,1.43,-0.14,2070.17,2139.84,-3.26,720.32,792.43,-9.1,322.06,283.89,13.45,376.25,337.86,11.36,5.38,4.76,0.62,4082.43,4447.74,1245.29,1064.43,30.5,23.93,6.57,33.77,38.83,-5.06,14.14,15.67,-1.53,11.26,12.26,-1.0
7795,長廣精機股份有限公司,2025,3,合併,398.01,514.07,-22.58,161.5,217.08,-25.6,60.26,122.2,-50.69,30.2,59.28,-49.06,0.43,0.84,-0.41,1262.89,1736.29,-27.27,549.47,795.75,-30.95,265.9,447.15,-40.53,141.34,228.34,-38.1,2.0,3.22,-1.22,2647.34,3562.95,1123.68,1960.32,42.45,55.02,-12.57,40.58,42.23,-1.65,15.14,23.77,-8.63,7.59,11.53,-3.94
7821,神達數位股份有限公司,2025,3,合併,2014.74,1765.65,14.11,512.5,449.3,14.07,105.19,40.36,160.63,92.8,48.35,91.93,0.85,0.47,0.38,5944.43,4851.9,22.52,1439.28,1310.78,9.8,194.93,122.17,59.56,196.96,138.44,42.27,1.76,1.34,0.42,6183.42,6239.9,4162.99,4292.67,67.33,68.79,-1.46,25.44,25.45,-0.01,5.22,2.29,2.93,4.61,2.74,1.87
7822,倍利科技股份有限公司,2025,3,合併,565.01,227.89,147.93,357.28,134.66,165.32,195.98,75.07,161.06,150.18,74.22,102.34,3.61,1.85,1.76,1306.48,367.28,255.72,809.95,213.19,279.92,428.99,32.47,1221.19,366.86,35.12,944.59,8.86,0.92,7.94,2169.2,668.45,1363.49,371.13,62.86,55.52,7.34,63.24,59.09,4.15,34.69,32.94,1.75,26.58,32.57,-5.99
7823,英屬開曼群島商奧義賽博科技股份有限公司,2025,3,合併,87.03,72.25,20.46,68.14,64.3,5.97,-20.07,-12.4,-61.85,-8.79,-9.68,9.19,-0.28,-0.6,0.32,251.07,210.61,19.21,207.21,187.29,10.64,-56.01,-25.68,-118.11,-61.85,-16.82,-267.72,-2.01,-0.95,-1.06,603.13,343.57,311.22,211.61,51.6,61.59,-9.99,78.3,88.99,-10.69,-23.06,-17.16,-5.9,-10.1,-13.4,3.3
8011,台通光電股份有限公司,2025,3,合併,532.05,481.42,10.52,103.5,95.3,8.6,40.74,11.18,264.4,40.71,22.1,84.21,0.25,0.13,0.12,1557.91,2003.1,-22.23,399.75,365.08,9.5,212.69,133.36,59.49,165.5,130.48,26.84,1.0,0.78,0.22,7082.18,7277.65,3208.78,3646.65,45.31,50.11,-4.8,19.45,19.79,-0.34,7.66,2.32,5.34,7.65,4.59,3.06
8016,矽創電子股份有限公司及子公司,2025,3,合併,4713.88,4683.34,0.65,1362.56,1549.45,-12.06,451.76,647.11,-30.19,389.83,463.49,-15.89,3.28,3.87,-0.59,13694.53,13209.64,3.67,4202.12,4561.74,-7.88,1466.59,1943.74,-24.55,1227.31,1428.18,-14.06,10.3,11.92,-1.62,21184.81,20077.34,5491.04,5263.51,25.92,26.22,-0.3,28.91,33.08,-4.17,9.58,13.82,-4.24,8.27,9.9,-1.63
8021,尖點科技股份有限公司,2025,3,合併,1168.68,961.83,21.51,366.09,265.85,37.71,186.13,103.62,79.63,109.35,68.25,60.22,0.77,0.48,0.29,3068.83,2588.29,18.57,893.25,668.73,33.57,399.29,198.67,100.98,239.6,157.25,52.37,1.69,1.11,0.58,7354.7,7005.01,2281.4,1875.06,31.02,26.77,4.25,31.32,27.64,3.68,15.93,10.77,5.16,9.36,7.1,2.26
8033,雷虎科技股份有限公司,2025,3,合併,324.97,282.4,15.07,112.91,117.49,-3.9,-28.54,3.86,-839.38,5.77,-30.65,118.83,0.03,-0.21,0.24,1079.53,919.89,17.35,408.21,412.71,-1.09,2.13,56.85,-96.25,110.73,40.91,170.67,0.73,0.29,0.44,2993.71,2498.67,922.22,1076.5,30.81,43.08,-12.27,34.75,41.6,-6.85,-8.78,1.37,-10.15,1.77,-10.85,12.62
8039,台虹科技股份有限公司,2025,3,合併,2874.96,2853.72,0.74,532.15,606.02,-12.19,132.05,228.68,-42.26,226.34,159.32,42.07,0.88,0.65,0.23,7864.26,7707.69,2.03,1503.85,1787.2,-15.85,383.66,669.6,-42.7,341.63,571.38,-40.21,1.33,2.51,-1.18,14489.38,15187.98,3816.32,4504.8,26.34,29.66,-3.32,18.51,21.24,-2.73,4.59,8.01,-3.42,7.87,5.58,2.29
8045,達運光電股份有限公司,2025,3,合併,353.15,390.69,-9.61,132.14,78.55,68.22,43.16,8.42,412.59,37.63,5.91,536.72,0.4,0.07,0.33,999.08,1386.85,-27.96,344.27,446.7,-22.93,63.95,149.87,-57.33,40.83,167.47,-75.62,0.43,2.05,-1.62,2589.66,2056.89,610.47,767.22,23.57,37.3,-13.73,37.42,20.1,17.32,12.22,2.16,10.06,10.66,1.51,9.15
8046,南亞電路板股份有限公司,2025,3,合併,10967.45,9191.87,19.32,1049.79,537.74,95.22,620.29,124.96,396.39,724.87,58.89,1130.89,1.12,0.09,1.03,29008.4,24413.05,18.82,2248.88,340.76,559.96,1019.46,-876.02,216.37,744.92,25.07,2871.36,1.15,0.04,1.11,59486.52,63616.46,15078.56,18552.1,25.35,29.16,-3.81,9.57,5.85,3.72,5.66,1.36,4.3,6.61,0.64,5.97
8070,長華電材股份有限公司,2025,3,合併,4990.15,4465.63,11.75,964.48,1009.23,-4.43,573.38,579.83,-1.11,607.77,439.19,38.38,0.86,0.63,0.23,14241.08,12739.45,11.79,2649.14,2615.37,1.29,1595.96,1453.49,9.8,1049.79,1256.19,-16.43,1.49,1.84,-0.35,40408.01,38711.84,17918.49,15552.34,44.34,40.17,4.17,19.33,22.6,-3.27,11.49,12.98,-1.49,12.18,9.83,2.35
8072,陞泰科技股份有限公司,2025,3,合併,321.56,259.88,23.73,55.63,45.15,23.21,9.05,6.46,40.09,33.7,9.89,240.75,0.42,0.12,0.3,906.44,704.17,28.72,155.97,126.36,23.43,40.31,9.51,323.87,45.38,67.48,-32.75,0.57,0.84,-0.27,2570.44,2539.94,241.48,208.27,9.39,8.2,1.19,17.3,17.37,-0.07,2.82,2.48,0.34,10.48,3.81,6.67
8081,致新科技股份有限公司,2025,3,合併,2215.41,2277.99,-2.75,781.27,904.22,-13.6,352.95,493.07,-28.42,389.38,414.17,-5.99,4.54,4.83,-0.29,6621.44,6275.96,5.5,2598.58,2522.26,3.03,1346.94,1271.46,5.94,1118.57,1159.01,-3.49,13.05,13.52,-0.47,11133.79,10447.67,2204.23,1957.99,19.8,18.74,1.06,35.27,39.69,-4.42,15.93,21.64,-5.71,17.58,18.18,-0.6
8101,華冠通訊(股)公司,2025,3,合併,122.45,34.07,259.41,28.82,-9.18,413.94,-10.85,-50.06,78.33,-28.25,-30.64,7.8,-0.83,-2.1,1.27,306.44,76.59,300.1,58.88,-14.0,520.57,-68.01,-143.78,52.7,-80.54,-121.72,33.83,-2.53,-8.36,5.83,546.91,522.65,270.69,443.14,49.49,84.79,-35.3,23.54,-26.95,50.49,-8.86,-146.91,138.05,-23.07,-89.92,66.85
8103,瀚荃股份有限公司,2025,3,合併,874.44,883.19,-0.99,335.33,325.33,3.07,139.72,141.01,-0.91,115.38,55.18,109.1,1.35,0.62,0.73,2463.5,2358.85,4.44,906.27,849.7,6.66,346.44,307.49,12.67,221.79,252.78,-12.26,2.47,3.03,-0.56,5522.25,5582.56,2063.97,1743.09,37.38,31.22,6.16,38.35,36.84,1.51,15.98,15.97,0.01,13.19,6.25,6.94
8104,錸寶科技股份有限公司,2025,3,合併,969.87,595.56,62.85,165.29,121.7,35.82,61.03,23.2,163.06,6.32,28.44,-77.78,0.07,0.36,-0.29,3024.67,1748.96,72.94,474.56,323.45,46.72,164.57,19.52,743.08,12.69,47.84,-73.47,0.14,0.56,-0.42,7711.44,5840.16,4856.38,3177.15,62.98,54.4,8.58,17.04,20.44,-3.4,6.29,3.9,2.39,0.65,4.77,-4.12
8105,凌巨科技股份有限公司,2025,3,合併,2188.73,2461.34,-11.08,81.32,171.45,-52.57,-87.93,6.86,-1381.78,0.49,10.94,-95.52,0.01,0.02,-0.01,6467.36,6362.55,1.65,351.38,313.94,11.93,-157.05,-202.43,22.42,-249.42,12.53,-2090.58,-0.56,0.03,-0.59,10689.79,11377.26,3001.33,3466.83,28.08,30.47,-2.39,3.72,6.97,-3.25,-4.02,0.28,-4.3,0.02,0.44,-0.42
8110,華東科技股份有限公司,2025,3,合併,1872.28,1968.26,-4.88,69.47,80.06,-13.23,-32.08,-21.72,-47.7,871.76,-39.1,2329.57,1.72,-0.08,1.8,5325.56,5851.66,-8.99,58.8,352.74,-83.33,-241.48,40.21,-700.55,650.07,174.29,272.98,1.29,0.34,0.95,15424.85,16398.29,4309.22,6112.96,27.94,37.28,-9.34,3.71,4.07,-0.36,-1.71,-1.1,-0.61,46.56,-1.99,48.55
8112,至上電子股份有限公司,2025,3,合併,53519.32,60466.74,-11.49,1414.71,1976.6,-28.43,874.2,1389.43,-37.08,525.33,523.79,0.29,1.01,1.0,0.01,156194.6,186342.31,-16.18,4178.65,6159.02,-32.15,2573.77,4501.26,-42.82,905.6,1832.24,-50.57,1.62,3.42,-1.8,60908.14,67537.32,42779.25,48061.37,70.24,71.16,-0.92,2.64,3.27,-0.63,1.63,2.3,-0.67,0.98,0.87,0.11
8114,振樺電子股份有限公司,2025,3,合併,3499.64,3597.22,-2.71,1558.78,1673.42,-6.85,784.67,725.35,8.18,461.11,294.67,56.48,3.57,3.51,0.06,15252.32,9001.04,69.45,7516.88,4053.37,85.45,4045.7,1508.03,168.28,1702.58,646.08,163.52,15.84,8.02,7.82,18833.23,16624.18,4899.56,9722.94,26.02,58.49,-32.47,44.54,46.52,-1.98,22.42,20.16,2.26,13.18,8.19,4.99
8150,南茂科技股份有限公司及子公司,2025,3,合併,6143.65,6068.05,1.25,759.71,843.42,-9.93,369.93,420.33,-11.99,352.2,299.4,17.64,0.5,0.41,0.09,17411.82,17296.32,0.67,1656.93,2429.29,-31.79,507.13,1157.24,-56.18,-4.56,1187.76,-100.38,-0.01,1.63,-1.64,42945.63,45290.47,19574.39,20448.4,45.58,45.15,0.43,12.37,13.9,-1.53,6.02,6.93,-0.91,5.73,4.93,0.8
8163,達方電子股份有限公司,2025,3,合併,6502.69,5350.77,21.53,919.59,971.31,-5.32,-257.94,148.95,-273.17,8.18,189.41,-95.68,0.03,0.68,-0.65,18888.8,15659.9,20.62,3009.53,2915.39,3.23,-98.81,548.41,-118.02,128.45,505.13,-74.57,0.46,1.82,-1.36,33348.77,32033.92,20525.62,17530.55,61.55,54.72,6.83,14.14,18.15,-4.01,-3.97,2.78,-6.75,0.13,3.54,-3.41
8201,無敵科技股份有限公司,2025,3,合併,107.84,118.72,-9.16,25.49,22.18,14.92,-7.02,-15.57,54.91,0.7,-11.22,106.24,0.01,-0.18,0.19,339.34,364.98,-7.03,86.11,64.61,33.28,-23.12,-61.59,62.46,-20.38,-44.53,54.23,-0.33,-0.71,0.38,638.14,671.34,176.56,190.17,27.67,28.33,-0.66,23.64,18.68,4.96,-6.51,-13.12,6.61,0.65,-9.45,10.1
8210,勤誠興業股份有限公司,2025,3,合併,5664.6,4271.63,32.61,1774.67,1231.8,44.07,1293.08,893.69,44.69,993.32,643.77,54.3,8.01,5.34,2.67,15261.34,10652.25,43.27,4602.35,2833.52,62.43,3422.18,1920.91,78.15,2489.06,1462.01,70.25,20.45,12.14,8.31,20898.35,15368.38,11195.01,8632.94,53.57,56.17,-2.6,31.33,28.84,2.49,22.83,20.92,1.91,17.54,15.07,2.47
8213,志超科技股份有限公司,2025,3,合併,4594.15,4646.64,-1.13,504.05,619.27,-18.61,194.82,266.59,-26.92,146.85,199.99,-26.57,0.54,0.74,-0.2,13767.45,13569.61,1.46,1608.54,1671.76,-3.78,690.14,656.21,5.17,481.39,524.74,-8.26,1.77,1.93,-0.16,29841.05,30201.93,14171.04,13714.97,47.49,45.41,2.08,10.97,13.33,-2.36,4.24,5.74,-1.5,3.2,4.3,-1.1
8215,明基材料股份有限公司,2025,3,合併,4518.56,4488.22,0.68,724.65,1001.68,-27.66,-5.73,228.84,-102.5,-88.29,44.48,-298.49,-0.28,0.14,-0.42,13518.49,13670.15,-1.11,2106.96,2535.08,-16.89,-41.87,384.19,-110.9,-37.65,154.51,-124.37,-0.12,0.48,-0.6,23051.83,22259.68,15295.89,13977.78,66.35,62.79,3.56,16.04,22.32,-6.28,-0.13,5.1,-5.23,-1.95,0.99,-2.94
8249,菱光科技股份有限公司,2025,3,合併,803.9,1300.13,-38.17,156.68,271.79,-42.35,39.76,152.42,-73.91,185.52,219.17,-15.35,1.73,2.01,-0.28,2760.28,3003.93,-8.11,579.18,608.07,-4.75,259.47,334.17,-22.35,402.65,299.85,34.28,3.8,2.66,1.14,10645.23,8535.59,2447.2,2824.36,22.99,33.09,-10.1,19.49,20.91,-1.42,4.95,11.72,-6.77,23.08,16.86,6.22
8261,富鼎先進電子股份有限公司,2025,3,合併,830.12,807.33,2.82,305.08,256.86,18.77,209.65,157.94,32.74,228.38,155.1,47.25,1.93,1.31,0.62,2364.2,2130.88,10.95,880.1,568.84,54.72,599.84,304.46,97.02,479.32,377.09,27.11,4.05,3.2,0.85,6485.47,6089.22,759.45,677.26,11.71,11.12,0.59,36.75,31.82,4.93,25.26,19.56,5.7,27.51,19.21,8.3
8271,宇瞻科技股份有限公司,2025,3,合併,3224.54,1898.0,69.89,593.19,282.9,109.68,267.76,36.85,626.62,219.07,35.83,511.42,1.71,0.28,1.43,7986.11,5728.48,39.41,1348.78,1035.85,30.21,492.24,274.3,79.45,442.57,242.27,82.68,3.45,1.9,1.55,7259.13,6083.8,2546.8,1517.31,35.08,24.94,10.14,18.4,14.9,3.5,8.3,1.94,6.36,6.79,1.89,4.9
8341,日友環保科技股份有限公司,2025,3,合併,1069.1,988.6,8.14,479.01,438.84,9.15,268.76,211.39,27.14,179.97,157.48,14.28,1.38,1.21,0.17,2948.9,2700.81,9.19,1292.66,1109.18,16.54,709.35,463.59,53.01,468.29,349.09,34.15,3.6,2.69,0.91,9844.56,10671.9,4362.18,5097.52,44.31,47.77,-3.46,44.81,44.39,0.42,25.14,21.38,3.76,16.83,15.93,0.9
8367,建新國際股份有限公司,2025,3,合併,805.3,739.77,8.86,249.9,247.46,0.99,157.38,169.91,-7.37,84.85,82.73,2.56,0.92,0.94,-0.02,2378.14,2129.25,11.69,738.65,694.22,6.4,484.27,470.03,3.03,235.56,243.14,-3.12,2.56,2.77,-0.21,17137.87,16221.8,12518.99,11928.97,73.05,73.54,-0.49,31.03,33.45,-2.42,19.54,22.97,-3.43,10.54,11.18,-0.64
8374,羅昇企業股份有限公司,2025,3,合併,1210.35,995.8,21.55,279.18,236.09,18.25,72.66,48.57,49.6,25.21,16.23,55.33,0.22,0.15,0.07,3518.87,2464.77,42.77,876.25,572.27,53.12,247.58,61.13,305.01,78.75,21.92,259.26,0.7,0.2,0.5,5078.85,5192.38,2106.06,2467.45,41.47,47.52,-6.05,23.07,23.71,-0.64,6.0,4.88,1.12,2.08,1.63,0.45
8404,百和興業股份有限公司,2025,3,合併,2031.14,1970.46,3.08,798.59,780.38,2.33,376.15,373.5,0.71,207.53,140.51,47.7,0.49,0.33,0.16,5743.43,5237.05,9.67,2271.37,1983.87,14.49,1035.25,823.48,25.72,500.76,330.73,51.41,1.19,0.8,0.39,18598.13,18862.96,11898.51,12309.8,63.98,65.26,-1.28,39.32,39.6,-0.28,18.52,18.95,-0.43,10.22,7.13,3.09
8411,福貞控股股份有限公司,2025,3,合併,2433.48,2268.43,7.28,125.37,234.56,-46.55,-35.62,51.5,-169.17,-14.86,-169.09,91.21,-0.07,-0.77,0.7,6782.69,6474.94,4.75,358.45,561.99,-36.22,-135.85,33.2,-509.19,-194.16,-154.31,-25.82,-0.89,-0.71,-0.18,13445.61,13456.74,7788.66,7479.5,57.93,55.58,2.35,5.15,10.34,-5.19,-1.46,2.27,-3.73,-0.61,-7.45,6.84
8422,可寧衛股份有限公司,2025,3,合併,1055.67,1142.28,-7.58,514.58,523.5,-1.7,364.92,369.71,-1.3,281.73,283.46,-0.61,2.48,2.6,-0.12,3785.49,3872.4,-2.24,2046.01,1455.68,40.55,1591.59,1017.18,56.47,1179.34,804.33,46.62,10.47,7.37,3.1,21583.0,18668.43,13271.26,12036.57,61.49,64.48,-2.99,48.74,45.83,2.91,34.57,32.37,2.2,26.69,24.82,1.87
8429,金麗集團控股有限公司,2025,3,合併,32.21,34.3,-6.09,5.72,6.04,-5.3,-3.15,-4.32,27.08,3.28,9.1,-63.96,0.01,0.05,-0.04,103.99,87.98,18.2,18.25,15.2,20.07,-9.31,-24.41,61.86,13.53,0.95,1324.21,0.07,0.01,0.06,6725.22,7090.11,671.49,683.44,9.98,9.64,0.34,17.77,17.6,0.17,-9.79,-12.6,2.81,10.2,26.54,-16.34
8438,昶昕實業股份有限公司,2025,3,合併,998.74,923.56,8.14,113.86,131.74,-13.57,46.48,63.85,-27.2,39.88,44.65,-10.68,0.57,0.64,-0.07,2796.55,2538.63,10.16,348.47,363.02,-4.01,150.6,160.57,-6.21,84.46,123.51,-31.62,1.21,1.77,-0.56,2918.0,2890.85,1087.28,1095.72,37.26,37.9,-0.64,11.4,14.26,-2.86,4.65,6.91,-2.26,3.99,4.83,-0.84
8442,WW Holding Inc.,2025,3,合併,1935.4,2267.17,-14.63,370.68,451.85,-17.96,74.71,215.07,-65.26,70.34,140.4,-49.9,1.0,2.09,-1.09,5890.81,6310.6,-6.65,1170.53,1337.01,-12.45,401.57,578.39,-30.57,236.23,565.8,-58.25,3.46,8.47,-5.01,7049.38,6771.42,3485.63,3177.89,49.45,46.93,2.52,19.15,19.93,-0.78,3.86,9.49,-5.63,3.63,6.19,-2.56
8443,阿瘦實業股份有限公司,2025,3,合併,258.45,269.56,-4.12,144.5,137.64,4.98,-48.06,-34.25,-40.32,-43.07,-26.29,-63.83,-0.64,-0.39,-0.25,824.11,816.9,0.88,475.87,455.02,4.58,-79.45,-60.2,-31.98,-76.07,-41.62,-82.77,-1.14,-0.62,-0.52,1672.65,1746.11,984.5,961.54,58.86,55.07,3.79,55.91,51.06,4.85,-18.6,-12.71,-5.89,-16.67,-9.75,-6.92
8454,富邦媒體科技股份有限公司,2025,3,合併,24555.88,25552.94,-3.9,2187.83,2279.38,-4.02,645.26,822.55,-21.55,558.77,666.15,-16.12,2.11,2.51,-0.4,76991.9,79087.75,-2.65,6913.74,7243.93,-4.56,2204.31,2864.16,-23.04,2070.33,2343.36,-11.65,7.81,8.84,-1.03,25458.51,26084.02,16594.14,17069.09,65.18,65.44,-0.26,8.91,8.92,-0.01,2.63,3.22,-0.59,2.28,2.61,-0.33
8462,柏文健康事業股份有限公司,2025,3,合併,1599.23,1345.04,18.9,500.46,378.23,32.32,231.13,133.09,73.66,168.4,94.91,77.43,2.15,1.23,0.92,4428.44,3764.26,17.64,1381.31,1028.96,34.24,617.0,341.39,80.73,445.79,233.52,90.9,5.69,3.02,2.67,11234.55,10488.72,9081.32,8599.02,80.83,81.98,-1.15,31.29,28.12,3.17,14.45,9.89,4.56,10.53,7.06,3.47
8463,潤泰精密材料股份有限公司,2025,3,合併,1853.53,1743.44,6.31,239.76,214.85,11.59,141.36,121.81,16.05,139.19,64.04,117.35,0.93,0.43,0.5,5383.65,4814.28,11.83,645.45,600.05,7.57,355.25,323.0,9.98,276.53,143.63,92.53,1.84,0.96,0.88,9942.13,8277.41,6936.91,5201.88,69.77,62.84,6.93,12.94,12.32,0.62,7.63,6.99,0.64,7.51,3.67,3.84
8464,億豐綜合工業股份有限公司,2025,3,合併,7317.08,7860.09,-6.91,4296.6,4632.5,-7.25,2133.22,2401.71,-11.18,1706.6,1770.97,-3.63,5.83,6.04,-0.21,22296.94,21586.32,3.29,13095.13,12367.38,5.88,6608.88,6149.92,7.46,4637.42,4968.66,-6.67,15.83,16.96,-1.13,36475.88,34690.85,8633.38,8854.44,23.67,25.52,-1.85,58.72,58.94,-0.22,29.15,30.56,-1.41,23.32,22.53,0.79
8466,美喆國際股份有限公司,2025,3,合併,762.39,1150.52,-33.74,74.98,177.34,-57.72,-21.27,67.71,-131.41,-17.29,29.84,-157.94,-0.22,0.44,-0.66,2481.72,2805.54,-11.54,360.69,478.27,-24.58,58.26,145.42,-59.94,0.24,95.34,-99.75,0.0,1.44,-1.44,6423.57,6419.79,3424.05,3635.81,53.3,56.63,-3.33,9.83,15.41,-5.58,-2.79,5.89,-8.68,-2.27,2.59,-4.86
8467,英屬開曼群島商波力環球企業股份有限公司,2025,3,合併,703.41,622.08,13.07,309.23,246.84,25.28,212.58,141.5,50.23,159.97,144.5,10.71,3.18,2.82,0.36,2004.77,1813.35,10.56,859.46,732.6,17.32,555.99,429.76,29.37,480.98,410.83,17.08,9.42,8.02,1.4,4556.65,3921.8,1729.92,1346.16,37.96,34.33,3.63,43.96,39.68,4.28,30.22,22.75,7.47,22.74,23.23,-0.49
8473,山林水環境工程股份有限公司,2025,3,合併,1481.31,797.68,85.7,249.87,96.95,157.73,181.34,37.92,378.22,97.84,-1.45,6847.59,0.54,-0.01,0.55,3604.0,2212.72,62.88,868.2,571.82,51.83,658.39,394.4,66.93,371.63,160.97,130.87,2.05,0.94,1.11,16164.63,15177.41,8101.4,7338.59,50.12,48.35,1.77,16.87,12.15,4.72,12.24,4.75,7.49,6.61,-0.18,6.79
8476,台境企業股份有限公司,2025,3,合併,280.11,384.21,-27.09,47.87,67.22,-28.79,23.58,37.94,-37.85,17.2,115.15,-85.06,0.1,0.69,-0.59,919.37,1298.75,-29.21,188.59,418.2,-54.9,102.44,316.27,-67.61,76.86,331.63,-76.82,0.47,2.0,-1.53,3853.25,3219.27,2023.2,1056.3,52.51,32.81,19.7,17.09,17.49,-0.4,8.42,9.88,-1.46,6.14,29.97,-23.83
8478,東哥企業股份有限公司,2025,3,合併,1545.85,937.57,64.88,565.57,427.11,32.42,463.65,135.65,241.8,509.78,149.76,240.4,5.42,1.63,3.79,4160.96,4467.19,-6.86,1634.75,2078.07,-21.33,952.44,1233.8,-22.8,1000.18,1205.84,-17.06,10.64,13.5,-2.86,15412.52,14745.79,6859.0,6164.17,44.5,41.8,2.7,36.59,45.56,-8.97,29.99,14.47,15.52,32.98,15.97,17.01
8481,政伸企業股份有限公司,2025,3,合併,305.6,295.12,3.55,149.44,142.7,4.72,71.26,67.34,5.82,65.19,54.33,19.99,0.98,0.82,0.16,887.15,814.42,8.93,428.63,370.1,15.81,205.56,149.65,37.36,161.16,144.21,11.75,2.42,2.17,0.25,1829.22,1833.94,193.97,194.71,10.6,10.62,-0.02,48.9,48.35,0.55,23.32,22.82,0.5,21.33,18.41,2.92
8482,SHANE GLOBAL HOLDING INC.,2025,3,合併,919.62,979.54,-6.12,342.53,345.44,-0.84,140.93,136.17,3.5,83.03,115.69,-28.23,0.79,1.08,-0.29,2567.79,2697.04,-4.79,854.79,939.72,-9.04,238.65,315.48,-24.35,183.75,339.9,-45.94,1.74,3.16,-1.42,4477.16,4823.41,1490.16,1268.33,33.28,26.3,6.98,37.25,35.27,1.98,15.32,13.9,1.42,9.03,11.81,-2.78
8488,吉源控股股份有限公司,2025,3,合併,819.01,834.05,-1.8,41.77,47.96,-12.91,-22.29,-9.66,-130.75,-7.05,-29.54,76.13,-0.1,-0.4,0.3,2158.64,2348.17,-8.07,78.22,108.57,-27.95,-97.32,-76.27,-27.6,-128.89,-73.26,-75.94,-1.75,-1.0,-0.75,4806.02,5114.84,2537.5,2635.07,52.8,51.52,1.28,5.1,5.75,-0.65,-2.72,-1.16,-1.56,-0.86,-3.54,2.68
8499,鼎炫投資控股股份有限公司,2025,3,合併,747.21,546.43,36.74,324.34,243.59,33.15,164.7,136.31,20.83,120.58,95.5,26.26,2.93,2.3,0.63,1778.75,1483.54,19.9,779.1,600.81,29.67,409.24,289.21,41.5,261.98,278.44,-5.91,6.34,6.71,-0.37,15280.55,11838.8,3988.35,877.12,26.1,7.41,18.69,43.41,44.58,-1.17,22.04,24.94,-2.9,16.14,17.48,-1.34
8926,台灣汽電共生股份有限公司,2025,3,合併,1399.77,2138.79,-34.55,110.84,178.31,-37.84,16.82,84.38,-80.07,135.77,252.1,-46.14,0.19,0.35,-0.16,5644.1,6548.1,-13.81,794.4,517.8,53.42,476.09,234.96,102.63,1360.71,967.0,40.71,1.86,1.32,0.54,30537.07,26613.24,15178.71,11609.96,49.71,43.62,6.09,7.92,8.34,-0.42,1.2,3.95,-2.75,9.7,11.79,-2.09
8940,新天地國際實業股份有限公司,2025,3,合併,203.22,297.95,-31.79,66.73,133.57,-50.04,-84.15,-25.19,-234.06,-63.97,-20.73,-208.59,-0.95,-0.31,-0.64,1107.58,1234.8,-10.3,530.63,623.06,-14.83,12.22,94.13,-87.02,1.55,-41.79,103.71,0.02,-0.62,0.64,1987.25,1860.3,1172.83,1101.85,59.02,59.23,-0.21,32.84,44.83,-11.99,-41.41,-8.45,-32.96,-31.48,-6.96,-24.52
8996,高力熱處理工業股份有限公司,2025,3,合併,1786.02,1209.67,47.65,442.17,404.3,9.37,249.43,259.99,-4.06,258.47,207.0,24.86,2.83,2.27,0.56,4287.89,3007.67,42.57,1183.38,951.96,24.31,680.07,557.8,21.92,513.58,501.3,2.45,5.62,5.56,0.06,7028.13,5103.03,3254.78,1836.69,46.31,35.99,10.32,24.76,33.42,-8.66,13.97,21.49,-7.52,14.47,17.11,-2.64
9802,鈺齊國際股份有限公司,2025,3,合併,3819.39,3598.9,6.13,670.49,683.53,-1.91,298.25,307.21,-2.92,301.01,102.29,194.27,1.5,0.54,0.96,12719.35,10223.3,24.42,2337.11,1893.09,23.45,1162.86,826.55,40.69,853.36,792.05,7.74,4.26,4.16,0.1,20944.84,20112.29,7671.35,7079.84,36.63,35.2,1.43,17.55,18.99,-1.44,7.81,8.54,-0.73,7.88,2.84,5.04
9902,台火開發股份有限公司,2025,3,合併,20.94,8.43,148.4,6.79,6.33,7.27,-0.88,-0.21,-319.05,16.79,7.35,128.44,0.17,0.07,0.1,133.98,172.24,-22.21,20.16,40.23,-49.89,1.36,17.77,-92.35,13.2,66.52,-80.16,0.13,0.68,-0.55,1357.83,1369.07,94.39,79.43,6.95,5.8,1.15,32.44,75.14,-42.7,-4.18,-2.5,-1.68,80.17,87.15,-6.98
9904,寶成工業股份有限公司,2025,3,合併,58824.95,66803.82,-11.94,13811.62,16354.94,-15.55,2988.81,4142.16,-27.84,3788.4,5727.42,-33.86,1.28,1.94,-0.66,188630.91,195420.04,-3.47,43669.51,48035.43,-9.09,8815.32,11232.05,-21.52,8936.4,13793.5,-35.21,3.03,4.68,-1.65,346179.84,359597.88,132643.67,137898.72,38.32,38.35,-0.03,23.48,24.48,-1.0,5.08,6.2,-1.12,6.44,8.57,-2.13
9905,大華金屬工業股份有限公司,2025,3,合併,2238.01,2467.99,-9.32,216.34,329.4,-34.32,110.88,217.18,-48.95,131.61,184.94,-28.84,0.43,0.61,-0.18,6370.11,6596.54,-3.43,603.99,755.86,-20.09,285.7,426.16,-32.96,298.17,403.55,-26.11,0.98,1.32,-0.34,11525.19,11571.92,3485.24,3384.14,30.24,29.24,1.0,9.67,13.35,-3.68,4.95,8.8,-3.85,5.88,7.49,-1.61
9906,欣巴巴事業股份有限公司,2025,3,合併,193.68,2220.54,-91.28,33.05,645.98,-94.88,-34.94,433.96,-108.05,-49.58,328.28,-115.1,-0.55,3.64,-4.19,421.36,2942.75,-85.68,84.61,828.56,-89.79,-154.44,465.72,-133.16,-179.77,324.94,-155.32,-1.99,3.69,-5.68,9046.65,9276.64,7888.8,7631.53,87.2,82.27,4.93,17.07,29.09,-12.02,-18.04,19.54,-37.58,-25.6,14.78,-40.38
9907,統一實業股份有限公司,2025,3,合併,11745.25,12488.56,-5.95,1622.57,1603.55,1.19,811.0,739.19,9.71,574.9,457.74,25.6,0.36,0.29,0.07,35982.18,33479.46,7.48,5316.02,4134.63,28.57,2765.33,1767.77,56.43,1776.12,1132.86,56.78,1.12,0.72,0.4,34209.89,35900.33,13271.66,14560.08,38.79,40.56,-1.77,13.81,12.84,0.97,6.9,5.92,0.98,4.89,3.67,1.22
9908,大台北區瓦斯股份有限公司及子公司,2025,3,合併,761.74,728.14,4.61,183.35,169.46,8.2,101.21,94.55,7.04,409.52,319.12,28.33,0.82,0.64,0.18,2551.57,2472.71,3.19,617.78,605.95,1.95,414.39,405.66,2.15,772.61,772.03,0.08,1.54,1.54,0.0,20761.28,20576.85,5640.29,5385.66,27.17,26.17,1.0,24.07,23.27,0.8,13.29,12.99,0.3,53.76,43.83,9.93
9910,豐泰企業股份有限公司,2025,3,合併,21679.99,22719.05,-4.57,5141.96,5379.69,-4.42,2137.06,2244.82,-4.8,1739.67,1426.63,21.94,1.76,1.45,0.31,62802.53,65602.2,-4.27,14447.84,14795.06,-2.35,5861.93,5591.14,4.84,3608.07,4282.97,-15.76,3.65,4.34,-0.69,51365.34,51955.24,26068.19,26186.37,50.75,50.4,0.35,23.72,23.68,0.04,9.86,9.88,-0.02,8.02,6.28,1.74
9911,台灣櫻花股份有限公司,2025,3,合併,2555.29,2463.41,3.73,910.73,885.96,2.8,382.22,383.4,-0.31,332.98,335.27,-0.68,1.52,1.53,-0.01,7719.19,7176.81,7.56,2707.6,2559.55,5.78,1174.68,1139.86,3.05,999.15,998.54,0.06,4.57,4.56,0.01,10541.37,9980.18,4037.26,3726.99,38.3,37.34,0.96,35.64,35.96,-0.32,14.96,15.56,-0.6,13.03,13.61,-0.58
9912,偉聯科技股份有限公司,2025,3,合併,120.37,132.88,-9.41,48.38,51.38,-5.84,-15.56,-10.63,-46.38,-14.33,-9.9,-44.75,-0.27,-0.19,-0.08,362.61,382.51,-5.2,148.05,153.07,-3.28,-59.31,-40.44,-46.66,-61.2,-34.89,-75.41,-1.15,-0.66,-0.49,810.63,881.23,422.0,404.2,52.06,45.87,6.19,40.19,38.66,1.53,-12.92,-8.0,-4.92,-11.9,-7.45,-4.45
9914,美利達工業股份有限公司,2025,3,合併,7223.39,8664.29,-16.63,982.61,1580.1,-37.81,425.33,1137.26,-62.6,624.86,690.18,-9.46,2.09,2.31,-0.22,21795.57,23832.49,-8.55,3275.35,4597.56,-28.76,1734.26,2800.68,-38.08,1437.4,1761.5,-18.4,4.81,5.89,-1.08,36125.11,41862.1,16652.94,19227.47,46.1,45.93,0.17,13.6,18.24,-4.64,5.89,13.13,-7.24,8.65,7.97,0.68
9917,中興保全科技股份有限公司,2025,3,合併,4695.46,4467.85,5.09,1538.94,1454.34,5.82,744.27,705.49,5.5,768.91,726.28,5.87,1.73,1.64,0.09,14083.66,13090.28,7.59,4673.26,4267.74,9.5,2320.17,2083.43,11.36,2213.97,2134.82,3.71,4.99,4.82,0.17,29771.45,27650.42,16472.97,14830.07,55.33,53.63,1.7,32.77,32.55,0.22,15.85,15.79,0.06,16.38,16.26,0.12
9918,欣欣天然氣股份有限公司,2025,3,合併,396.67,378.38,4.83,113.14,102.53,10.35,52.78,43.62,21.0,85.9,33.64,155.35,0.48,0.19,0.29,1601.97,1525.3,5.03,505.33,467.15,8.17,301.62,257.96,16.93,231.94,321.55,-27.87,1.3,1.8,-0.5,5783.85,5840.82,2528.97,2620.13,43.72,44.86,-1.14,28.52,27.1,1.42,13.31,11.53,1.78,21.66,8.89,12.77
9919,康那香企業股份有限公司,2025,3,合併,689.36,816.12,-15.53,6.47,76.07,-91.49,-155.49,-106.05,-46.62,-182.67,-117.85,-55.0,-0.94,-0.6,-0.34,2004.76,2199.91,-8.87,87.85,260.43,-66.27,-371.03,-216.38,-71.47,-290.32,-289.04,-0.44,-1.49,-1.48,-0.01,6153.54,6922.11,3890.51,4251.74,63.22,61.42,1.8,0.94,9.32,-8.38,-22.56,-12.99,-9.57,-26.5,-14.44,-12.06
9921,巨大機械工業股份有限公司,2025,3,合併,15354.74,20457.75,-24.94,3295.79,3777.82,-12.76,396.07,758.21,-47.76,349.99,498.88,-29.84,0.89,1.27,-0.38,47960.03,57686.98,-16.86,9513.0,11704.98,-18.73,1259.41,2902.27,-56.61,907.44,2171.08,-58.2,2.31,5.54,-3.23,69864.71,81900.81,33801.14,43969.76,48.38,53.69,-5.31,21.46,18.47,2.99,2.58,3.71,-1.13,2.28,2.44,-0.16
9924,台灣福興工業股份有限公司,2025,3,合併,1977.26,2223.97,-11.09,402.74,565.61,-28.8,188.46,329.52,-42.81,236.52,217.49,8.75,1.42,1.16,0.26,5673.62,6102.97,-7.04,1255.49,1454.61,-13.69,606.88,756.96,-19.83,387.44,696.63,-44.38,2.14,3.7,-1.56,8848.78,9478.02,2031.12,2140.44,22.95,22.58,0.37,20.37,25.43,-5.06,9.53,14.82,-5.29,11.96,9.78,2.18
9925,台灣新光保全股份有限公司,2025,3,合併,2035.76,1979.92,2.82,677.46,682.92,-0.8,178.2,200.25,-11.01,291.46,177.84,63.89,0.76,0.46,0.3,6024.55,5877.96,2.49,2036.3,2039.44,-0.15,580.13,592.43,-2.08,784.54,717.22,9.39,2.04,1.86,0.18,19146.48,19045.24,5918.29,6116.9,30.91,32.12,-1.21,33.28,34.49,-1.21,8.75,10.11,-1.36,14.32,8.98,5.34
9926,新海瓦斯股份有限公司,2025,3,合併,542.78,511.64,6.09,154.13,148.56,3.75,105.06,105.23,-0.16,152.51,134.73,13.2,0.85,0.75,0.1,1876.87,1769.68,6.06,517.56,510.16,1.45,380.68,386.41,-1.48,412.04,412.85,-0.2,2.3,2.3,0.0,8747.38,8484.9,4571.73,4426.06,52.26,52.16,0.1,28.4,29.04,-0.64,19.36,20.57,-1.21,28.1,26.33,1.77
9927,泰銘實業股份有限公司,2025,3,合併,1850.94,2189.37,-15.46,206.15,294.55,-30.01,145.94,230.59,-36.71,218.36,188.12,16.07,1.37,1.12,0.25,5914.79,6500.53,-9.01,730.66,986.91,-25.96,559.87,791.01,-29.22,429.4,822.03,-47.76,2.61,4.91,-2.3,6496.48,7983.46,1130.04,1632.96,17.39,20.45,-3.06,11.14,13.45,-2.31,7.88,10.53,-2.65,11.8,8.59,3.21
9928,中國電視事業股份有限公司,2025,3,合併,196.65,204.83,-3.99,2.71,15.6,-82.63,-39.45,-28.86,-36.69,-29.66,-16.13,-83.88,-0.42,-0.26,-0.16,595.92,657.19,-9.32,11.33,88.14,-87.15,-114.8,-43.47,-164.09,-85.6,-10.43,-720.71,-1.21,-0.17,-1.04,5257.2,5388.51,3111.36,3259.35,59.18,60.49,-1.31,1.38,7.62,-6.24,-20.06,-14.09,-5.97,-15.08,-7.87,-7.21
9929,秋雨創新股份有限公司,2025,3,合併,156.84,163.76,-4.23,24.59,17.63,39.48,5.43,-5.84,192.98,-3.59,-18.48,80.57,-0.04,-0.18,0.14,472.66,491.49,-3.83,56.63,45.79,23.67,-2.37,-18.66,87.3,-19.59,-18.46,-6.12,-0.19,-0.18,-0.01,1791.27,2001.88,998.37,1169.66,55.74,58.43,-2.69,15.68,10.77,4.91,3.46,-3.57,7.03,-2.29,-11.28,8.99
9930,中聯資源股份有限公司,2025,3,合併,3321.89,3420.03,-2.87,492.13,485.49,1.37,350.13,353.81,-1.04,284.89,280.02,1.74,1.15,1.13,0.02,10465.86,9739.66,7.46,1610.78,1482.85,8.63,1210.12,1097.98,10.21,955.89,865.15,10.49,3.85,3.48,0.37,11345.02,11944.66,4825.69,5568.7,42.54,46.62,-4.08,14.81,14.2,0.61,10.54,10.35,0.19,8.58,8.19,0.39
9931,欣高石油氣股份有限公司,2025,3,合併,369.44,336.92,9.65,53.99,65.88,-18.05,33.49,44.97,-25.53,96.61,63.46,52.24,0.8,0.53,0.27,1167.63,1615.55,-27.73,222.06,375.35,-40.84,153.16,271.38,-43.56,223.77,238.84,-6.31,1.86,1.98,-0.12,6494.23,6072.66,3292.51,3113.98,50.7,51.28,-0.58,14.61,19.55,-4.94,9.06,13.35,-4.29,26.15,18.84,7.31
9933,中鼎工程股份有限公司,2025,3,合併,21211.09,28324.22,-25.11,1967.66,1549.06,27.02,1518.06,1177.31,28.94,758.58,379.36,99.96,0.85,0.43,0.42,67659.53,88426.67,-23.49,6316.0,4718.55,33.85,1810.37,3196.25,-43.36,-204.59,1449.36,-114.12,-0.23,1.65,-1.88,115796.73,127326.69,93221.53,103447.7,80.5,81.25,-0.75,9.28,5.47,3.81,7.16,4.16,3.0,3.58,1.34,2.24
9934,成霖企業股份有限公司,2025,3,合併,4300.65,4556.57,-5.62,1505.62,1533.63,-1.83,93.53,89.54,4.46,-134.83,3.61,-3834.9,-0.33,0.01,-0.34,13024.45,13756.98,-5.32,4524.22,4770.53,-5.16,240.1,602.8,-60.17,-50.99,349.0,-114.61,-0.12,0.85,-0.97,15830.59,16638.69,10100.37,10334.72,63.8,62.11,1.69,35.01,33.66,1.35,2.17,1.96,0.21,-3.14,0.08,-3.22
9935,慶豐富實業股份有限公司,2025,3,合併,1311.23,1564.46,-16.19,344.79,384.68,-10.37,146.41,211.7,-30.84,127.33,112.75,12.93,0.71,0.65,0.06,3680.15,3970.65,-7.32,944.05,948.94,-0.52,398.27,410.76,-3.04,179.8,296.77,-39.41,1.01,1.71,-0.7,7598.34,7695.8,5190.92,5150.1,68.32,66.92,1.4,26.3,24.59,1.71,11.17,13.53,-2.36,9.71,7.21,2.5
9937,全國加油站股份有限公司,2025,3,合併,5610.74,6188.21,-9.33,690.12,699.05,-1.28,192.26,178.96,7.43,203.55,192.37,5.81,0.66,0.62,0.04,16999.82,18085.01,-6.0,2052.29,2072.93,-1.0,553.78,561.88,-1.44,539.24,542.5,-0.6,1.74,1.76,-0.02,11976.15,12347.22,6316.93,6854.44,52.75,55.51,-2.76,12.3,11.3,1.0,3.43,2.89,0.54,3.63,3.11,0.52
9938,台灣百和工業股份有限公司,2025,3,合併,4168.72,4319.73,-3.5,1493.0,1654.38,-9.75,742.23,935.38,-20.65,344.68,456.15,-24.44,1.16,1.53,-0.37,12008.42,11596.48,3.55,4377.86,4258.27,2.81,2172.94,2202.17,-1.33,1002.89,1137.81,-11.86,3.37,3.82,-0.45,32497.04,33323.07,16476.03,17376.04,50.7,52.14,-1.44,35.81,38.3,-2.49,17.8,21.65,-3.85,8.27,10.56,-2.29
9939,宏全國際股份有限公司,2025,3,合併,7928.32,7894.55,0.43,1912.37,1754.83,8.98,1155.49,1036.79,11.45,870.59,858.0,1.47,2.94,2.98,-0.04,22899.2,21866.68,4.72,5186.07,4984.55,4.04,3146.39,3021.36,4.14,2246.61,2476.69,-9.29,7.6,8.61,-1.01,45691.17,42840.96,26720.58,24198.4,58.48,56.48,2.0,24.12,22.23,1.89,14.57,13.13,1.44,10.98,10.87,0.11
9940,信義房屋股份有限公司,2025,3,合併,2304.14,2958.14,-22.11,558.09,703.94,-20.72,130.49,258.1,-49.44,86.67,405.43,-78.62,0.12,0.55,-0.43,6809.73,10383.36,-34.42,1434.81,3017.08,-52.44,155.89,1644.7,-90.52,54.83,1542.79,-96.45,0.07,2.09,-2.02,31507.13,34065.44,19255.91,20288.88,61.12,59.56,1.56,24.22,23.8,0.42,5.66,8.72,-3.06,3.76,13.71,-9.95
9941,裕融企業股份有限公司,2025,3,合併,9855.81,10514.92,-6.27,4389.58,5042.62,-12.95,1465.07,1590.75,-7.9,1253.59,1587.02,-21.01,2.08,2.65,-0.57,29739.97,31401.92,-5.29,13233.81,15671.48,-15.55,4290.77,5090.67,-15.71,3512.49,4234.03,-17.04,5.8,7.05,-1.25,283170.26,294385.59,243749.47,256085.61,86.08,86.99,-0.91,44.54,47.96,-3.42,14.87,15.13,-0.26,12.72,15.09,-2.37
9942,茂順密封元件科技股份有限公司,2025,3,合併,1007.59,980.87,2.72,402.43,403.17,-0.18,240.47,247.15,-2.7,186.62,170.54,9.43,2.24,2.05,0.19,2978.38,2924.78,1.83,1162.53,1185.76,-1.96,734.45,732.62,0.25,501.68,525.72,-4.57,6.03,6.32,-0.29,5323.09,5061.4,1303.71,1088.47,24.49,21.51,2.98,39.94,41.1,-1.16,23.87,25.2,-1.33,18.52,17.39,1.13
9943,好樂迪股份有限公司,2025,3,合併,565.97,625.23,-9.48,264.81,314.48,-15.79,47.77,92.11,-48.14,95.85,114.63,-16.38,1.13,1.35,-0.22,1817.47,1956.68,-7.11,888.9,1021.25,-12.96,255.72,356.71,-28.31,258.42,493.36,-47.62,3.05,5.83,-2.78,5308.18,5460.9,1555.04,1548.62,29.3,28.36,0.94,46.79,50.3,-3.51,8.44,14.73,-6.29,16.94,18.33,-1.39
9944,新麗企業股份有限公司,2025,3,合併,490.85,501.78,-2.18,98.31,105.19,-6.54,-42.84,-34.42,-24.46,-41.05,-88.69,53.72,-0.39,-0.84,0.45,1760.81,1865.54,-5.61,506.25,616.96,-17.94,59.38,170.25,-65.12,-12.44,35.91,-134.64,-0.12,0.34,-0.46,5732.54,6267.42,2345.62,2684.08,40.92,42.83,-1.91,20.03,20.96,-0.93,-8.73,-6.86,-1.87,-8.36,-17.67,9.31
9945,"Ruentex Development Co.,Ltd.",2025,3,合併,9100.3,8585.99,5.99,2262.67,2062.2,9.72,1621.61,1491.0,8.76,2634.41,3555.72,-25.91,0.96,1.3,-0.34,25147.88,23013.44,9.27,6208.84,5913.02,5.0,4409.42,4220.16,4.48,7323.86,14495.3,-49.47,2.68,5.31,-2.63,193880.97,195308.23,86413.57,79633.53,44.57,40.77,3.8,24.86,24.02,0.84,17.82,17.37,0.45,28.95,41.41,-12.46
9946,三發地產股份有限公司,2025,3,合併,30.45,251.52,-87.89,14.62,78.57,-81.39,-21.76,20.75,-204.87,-17.63,26.75,-165.91,-0.05,0.08,-0.13,92.96,1342.45,-93.08,46.04,391.95,-88.25,-66.94,211.41,-131.66,-105.42,211.57,-149.83,-0.32,0.65,-0.97,17598.7,16106.72,11435.81,9477.02,64.98,58.84,6.14,48.03,31.24,16.79,-71.46,8.25,-79.71,-57.9,10.64,-68.54
9955,佳龍科技工程股份有限公司,2025,3,合併,381.75,288.9,32.14,42.56,21.38,99.06,7.49,-12.77,158.65,3.63,-22.01,116.49,0.04,-0.21,0.25,1076.7,914.01,17.8,98.78,22.86,332.11,-8.41,-72.23,88.36,-38.57,-78.12,50.63,-0.37,-0.76,0.39,2698.33,2738.93,1563.42,1485.21,57.94,54.23,3.71,11.15,7.4,3.75,1.96,-4.42,6.38,0.95,-7.62,8.57
9958,世紀鋼鐵結構股份有限公司,2025,3,合併,3022.5,2867.47,5.41,800.63,957.19,-16.36,454.43,841.29,-45.98,288.61,437.63,-34.05,1.17,1.7,-0.53,10904.53,9049.85,20.49,3126.18,3132.53,-0.2,2439.01,2770.36,-11.96,1206.68,1651.23,-26.92,4.78,6.53,-1.75,40844.92,38025.1,20216.8,18301.81,49.5,48.13,1.37,26.49,33.38,-6.89,15.03,29.34,-14.31,9.55,15.26,-5.71
1342,八貫企業股份有限公司,2025,3,個別,614.44,600.04,2.4,165.23,195.79,-15.61,102.6,143.11,-28.31,106.05,113.99,-6.97,1.34,1.46,-0.12,2099.53,1832.96,14.54,572.57,569.95,0.46,388.78,407.42,-4.58,316.5,376.73,-15.99,4.02,4.82,-0.8,3464.03,3390.4,1093.79,1105.38,31.58,32.6,-1.02,26.89,32.63,-5.74,16.7,23.85,-7.15,17.26,19.0,-1.74
1413,宏洲纖維工業股份有限公司,2025,3,個別,453.07,646.12,-29.88,23.02,20.87,10.3,12.35,8.49,45.47,13.96,3.64,283.52,0.11,0.03,0.08,1662.01,1774.6,-6.34,100.42,25.3,296.92,63.98,-11.98,634.06,56.34,-24.79,327.27,0.43,-0.19,0.62,2413.87,2448.47,1285.14,1378.09,53.24,56.28,-3.04,5.08,3.23,1.85,2.73,1.31,1.42,3.08,0.56,2.52
1423,利華羊毛工業股份有限公司,2025,3,個別,24.33,30.2,-19.44,10.97,-8.37,231.06,-12.75,-18.3,30.33,268.94,31.43,755.68,2.7,0.32,2.38,67.24,88.51,-24.03,-8.7,-20.09,56.69,-53.62,-44.19,-21.34,404.56,59.74,577.2,4.06,0.6,3.46,4185.31,3493.79,246.59,221.14,5.89,6.33,-0.44,45.08,-27.73,72.81,-52.41,-60.6,8.19,1105.39,104.09,1001.3
1435,中福國際股份有限公司,2025,3,個別,1.5,2.97,-49.49,0.97,2.41,-59.75,-12.02,-15.29,21.39,-9.42,-11.62,18.93,-0.07,-0.09,0.02,4.49,8.68,-48.27,2.9,7.26,-60.06,-39.11,-34.1,-14.69,-35.84,-23.4,-53.16,-0.26,-0.17,-0.09,1309.05,1447.78,185.59,186.09,14.18,12.85,1.33,64.68,81.25,-16.57,-804.15,-514.57,-289.58,-630.37,-391.25,-239.12
1438,三地開發地產股份有限公司,2025,3,個別,20.38,1164.99,-98.25,8.66,0.0,,-1.89,-7.0,73.0,-29.75,-46.53,36.06,-0.27,-0.51,0.24,20.62,1166.65,-98.23,8.73,0.28,3017.86,-19.89,-19.11,-4.08,-99.6,-91.72,-8.59,-0.9,-1.01,0.11,14305.41,10939.13,11454.7,9173.08,80.07,83.86,-3.79,42.52,0.0,42.52,-9.28,-0.6,-8.68,-146.0,-3.99,-142.01
1465,偉全實業股份有限公司,2025,3,個別,88.43,143.94,-38.56,-7.87,10.49,-175.02,-22.26,-11.36,-95.95,21.33,-14.88,243.35,0.21,-0.14,0.35,278.43,373.14,-25.38,-9.33,26.48,-135.23,-49.86,-34.16,-45.96,-53.34,43.88,-221.56,-0.51,0.42,-0.93,1714.49,1933.8,160.47,288.41,9.36,14.91,-5.55,-8.9,7.29,-16.19,-25.18,-7.89,-17.29,24.12,-10.34,34.46
1516,川飛能源股份有限公司,2025,3,個別,15.41,50.52,-69.5,1.25,2.6,-51.92,-4.07,-18.67,78.2,7.78,-14.71,152.89,0.19,-0.37,0.56,55.94,593.59,-90.58,3.38,31.81,-89.37,-8.67,1.11,-881.08,4.0,13.76,-70.93,0.1,0.34,-0.24,212.81,469.05,3.94,5.2,1.85,1.11,0.74,8.14,5.15,2.99,-26.37,-36.97,10.6,50.44,-29.13,79.57
1524,耿鼎企業股份有限公司,2025,3,個別,635.2,734.99,-13.58,137.74,228.9,-39.83,63.72,152.34,-58.17,76.4,113.59,-32.74,0.46,0.69,-0.23,1922.4,2096.38,-8.3,535.75,641.72,-16.51,309.15,407.44,-24.12,211.61,387.11,-45.34,1.28,2.34,-1.06,5153.03,5218.69,2263.68,2359.44,43.93,45.21,-1.28,21.68,31.14,-9.46,10.03,20.73,-10.7,12.03,15.45,-3.42
1527,鑽全實業股份有限公司,2025,3,個別,745.18,836.12,-10.88,137.23,234.38,-41.45,24.45,120.81,-79.76,110.58,117.65,-6.01,0.8,0.85,-0.05,2302.44,2392.41,-3.76,502.67,666.94,-24.63,170.96,353.39,-51.62,144.74,398.66,-63.69,1.04,2.88,-1.84,5370.77,5546.77,625.95,708.82,11.65,12.78,-1.13,18.42,28.03,-9.61,3.28,14.45,-11.17,14.84,14.07,0.77
1540,喬福機械工業股份有限公司,2025,3,個別,114.45,96.25,18.91,20.15,41.22,-51.12,1.19,24.59,-95.16,35.38,11.31,212.82,0.41,0.13,0.28,404.81,424.81,-4.71,133.36,155.43,-14.2,77.61,101.13,-23.26,46.36,138.17,-66.45,0.54,1.62,-1.08,1605.73,1783.12,175.88,306.05,10.95,17.16,-6.21,17.6,42.83,-25.23,1.04,25.55,-24.51,30.92,11.75,19.17
1623,大東電業廠股份有限公司,2025,3,個別,1598.19,1440.29,10.96,237.62,252.17,-5.77,199.0,211.99,-6.13,174.76,224.81,-22.26,2.91,3.75,-0.84,4836.8,3915.15,23.54,855.97,751.64,13.88,701.17,652.15,7.52,565.38,586.22,-3.55,9.42,10.17,-0.75,7327.99,6729.73,4631.19,4347.37,63.2,64.6,-1.4,14.87,17.51,-2.64,12.45,14.72,-2.27,10.94,15.61,-4.67
1713,國泰化工廠股份有限公司,2025,3,個別,112.85,105.35,7.12,3.37,13.85,-75.67,-36.18,-13.59,-166.23,178.39,46.64,282.48,1.18,0.31,0.87,323.64,374.97,-13.69,11.89,47.09,-74.75,-64.27,-31.43,-104.49,385.99,448.08,-13.86,2.56,2.97,-0.41,3765.2,3425.94,160.85,187.35,4.27,5.47,-1.2,2.98,13.15,-10.17,-32.06,-12.9,-19.16,158.08,44.27,113.81
1727,臺灣中華化學股份有限公司,2025,3,個別,514.87,590.89,-12.87,53.14,89.95,-40.92,1.7,34.3,-95.04,1.94,27.8,-93.02,0.02,0.22,-0.2,1485.24,1582.56,-6.15,158.69,215.49,-26.36,1.4,60.43,-97.68,3.58,54.61,-93.44,0.03,0.45,-0.42,3312.37,2928.84,1221.89,894.21,36.89,30.53,6.36,10.32,15.22,-4.9,0.33,5.8,-5.47,0.38,4.7,-4.32
1906,寶隆國際股份有限公司,2025,3,個別,706.87,755.61,-6.45,55.77,71.32,-21.8,10.03,6.21,61.51,34.45,-28.55,220.67,0.23,-0.19,0.42,2306.18,2477.34,-6.91,187.43,193.1,-2.94,32.23,-2.59,1344.4,-23.06,-2.53,-811.46,-0.15,-0.02,-0.13,5547.47,6814.38,2725.66,2529.57,49.13,37.12,12.01,7.89,9.44,-1.55,1.42,0.82,0.6,4.87,-3.78,8.65
2007,燁興企業股份有限公司,2025,3,個別,1226.07,1936.97,-36.7,-112.95,-101.26,-11.54,-161.67,-161.52,-0.09,-300.57,-297.31,-1.1,-0.57,-0.56,-0.01,4312.05,5243.03,-17.76,-339.27,-367.1,7.58,-488.0,-516.78,5.57,-817.66,-815.38,-0.28,-1.54,-1.54,0.0,12064.04,13037.59,7570.7,7469.69,62.75,57.29,5.46,-9.21,-5.23,-3.98,-13.19,-8.34,-4.85,-24.52,-15.35,-9.17
2008,高興昌鋼鐵股份有限公司,2025,3,個別,462.99,345.83,33.88,79.47,53.54,48.43,52.43,25.56,105.13,57.87,31.25,85.18,0.3,0.16,0.14,1458.06,1090.46,33.71,241.41,176.23,36.99,126.93,88.79,42.96,130.67,64.89,101.37,0.68,0.34,0.34,7996.98,7738.18,4441.73,4175.72,55.54,53.96,1.58,17.16,15.48,1.68,11.32,7.39,3.93,12.5,9.04,3.46
2009,第一伸銅科技股份有限公司,2025,3,個別,795.25,796.59,-0.17,-0.43,33.81,-101.27,-16.98,15.82,-207.33,194.76,216.56,-10.07,0.54,0.6,-0.06,2197.03,2336.89,-5.98,-33.04,116.02,-128.48,-81.54,68.56,-218.93,120.53,270.16,-55.39,0.34,0.75,-0.41,10152.66,10624.43,1767.7,1923.8,17.41,18.11,-0.7,-0.05,4.24,-4.29,-2.14,1.99,-4.13,24.49,27.19,-2.7
2024,志聯工業股份有限公司,2025,3,個別,236.47,261.01,-9.4,9.99,21.53,-53.6,-7.04,3.89,-280.98,-5.82,-1.0,-482.0,-0.06,-0.01,-0.05,743.25,803.14,-7.46,45.76,59.21,-22.72,-0.42,8.16,-105.15,-13.59,4.55,-398.68,-0.14,0.05,-0.19,1689.27,1782.69,581.97,677.33,34.45,37.99,-3.54,4.22,8.25,-4.03,-2.98,1.49,-4.47,-2.46,-0.38,-2.08
2025,千興不銹鋼股份有限公司,2025,3,個別,203.04,169.54,19.76,-22.62,-82.49,72.58,-33.27,-94.97,64.97,53.42,-104.66,151.04,0.31,-0.61,0.92,580.51,689.49,-15.81,-189.58,-142.62,-32.93,-223.78,-174.62,-28.15,-70.59,-159.1,55.63,-0.41,-0.92,0.51,2042.2,1652.34,642.47,100.97,31.46,6.11,25.35,-11.14,-48.65,37.51,-16.39,-56.01,39.62,26.31,-61.73,88.04
2028,威致鋼鐵工業股份有限公司,2025,3,個別,1744.33,2331.8,-25.19,3.09,91.86,-96.64,-40.18,45.86,-187.61,-40.3,26.62,-251.39,-0.13,0.08,-0.21,6322.59,7836.76,-19.32,214.08,464.73,-53.93,67.99,329.56,-79.37,30.61,271.52,-88.73,0.09,0.84,-0.75,8417.18,9642.41,3735.74,5055.93,44.38,52.43,-8.05,0.18,3.94,-3.76,-2.3,1.97,-4.27,-2.31,1.14,-3.45
2032,新鋼工業股份有限公司,2025,3,個別,819.06,739.2,10.8,55.82,12.37,351.25,29.18,-11.48,354.18,32.38,1.5,2058.67,0.25,0.01,0.24,2339.98,2138.44,9.42,83.72,87.48,-4.3,9.17,12.31,-25.51,48.15,42.65,12.9,0.37,0.33,0.04,2168.43,1959.69,446.72,260.79,20.6,13.31,7.29,6.81,1.67,5.14,3.56,-1.55,5.11,3.95,0.2,3.75
2033,佳大世界股份有限公司,2025,3,個別,164.73,136.31,20.85,22.55,16.84,33.91,4.87,1.98,145.96,7.42,4.67,58.89,0.09,0.06,0.03,526.65,421.53,24.94,75.03,58.4,28.48,21.2,12.14,74.63,20.74,12.32,68.34,0.25,0.15,0.1,1219.79,1269.35,171.71,214.06,14.08,16.86,-2.78,13.69,12.36,1.33,2.95,1.45,1.5,4.51,3.42,1.09
2114,鑫永銓股份有限公司,2025,3,個別,406.99,363.76,11.88,160.25,146.16,9.64,125.59,106.56,17.86,121.14,103.14,17.45,1.55,1.32,0.23,1157.88,1063.11,8.91,462.59,423.24,9.3,362.27,317.59,14.07,323.31,294.61,9.74,4.15,3.78,0.37,3640.8,3612.54,597.24,614.34,16.4,17.01,-0.61,39.37,40.18,-0.81,30.86,29.3,1.56,29.76,28.36,1.4
2455,全新光電科技股份有限公司,2025,3,個別,912.8,805.75,13.29,299.92,330.54,-9.26,159.2,194.83,-18.29,160.46,144.41,11.11,0.86,0.78,0.08,2420.55,2518.74,-3.9,862.13,1018.82,-15.38,460.25,599.09,-23.18,354.06,538.19,-34.21,1.92,2.91,-0.99,4592.98,4462.25,1488.25,1261.51,32.4,28.27,4.13,32.86,41.02,-8.16,17.44,24.18,-6.74,17.58,17.92,-0.34
2528,皇普建設股份有限公司,2025,3,個別,5580.83,23.7,23447.81,1020.91,8.56,11826.52,805.59,-115.46,797.72,658.37,-110.54,695.59,1.58,-0.27,1.85,10862.64,24.49,44255.41,2241.13,9.2,24260.11,1768.8,-310.22,670.18,1403.8,-313.2,548.21,3.39,-0.79,4.18,23561.19,28707.15,15799.66,23296.84,67.06,81.15,-14.09,18.29,36.1,-17.81,14.44,-487.14,501.58,11.8,-466.4,478.2
2537,聯上開發股份有限公司,2025,3,個別,164.35,275.84,-40.42,49.68,85.93,-42.19,13.94,51.55,-72.96,-14.71,24.95,-158.96,-0.05,0.08,-0.13,597.15,1512.44,-60.52,210.71,404.27,-47.88,114.42,260.7,-56.11,31.23,177.32,-82.39,0.1,0.59,-0.49,18596.93,16949.4,14175.43,12696.82,76.22,74.91,1.31,30.23,31.15,-0.92,8.48,18.69,-10.21,-8.95,9.04,-17.99
2633,台灣高速鐵路股份有限公司,2025,3,個別,13373.58,13247.65,0.95,5533.51,5556.61,-0.42,5032.24,5105.64,-1.44,1522.96,1385.29,9.94,0.27,0.25,0.02,40108.11,39750.49,0.9,17356.63,17563.27,-1.18,15855.28,16192.76,-2.08,5011.92,5100.34,-1.73,0.89,0.91,-0.02,375779.28,383112.43,304602.07,312416.64,81.06,81.55,-0.49,41.38,41.94,-0.56,37.63,38.54,-0.91,11.39,10.46,0.93
2645,長榮航太科技股份有限公司,2025,3,個別,4488.32,4027.96,11.43,981.08,891.63,10.03,814.66,742.43,9.73,731.79,402.06,82.01,1.95,1.07,0.88,13347.48,11709.89,13.98,3014.61,2370.81,27.16,2520.05,1902.57,32.46,1558.41,1414.04,10.21,4.16,3.78,0.38,22865.92,22908.47,9762.71,10188.07,42.7,44.47,-1.77,21.86,22.14,-0.28,18.15,18.43,-0.28,16.3,9.98,6.32
2646,星宇航空股份有限公司,2025,3,個別,10732.43,9594.59,11.86,1201.88,2069.84,-41.93,-63.77,945.85,-106.74,-448.6,634.96,-170.65,-0.15,0.25,-0.4,32696.82,25927.22,26.11,5210.62,5486.62,-5.03,1460.06,2322.21,-37.13,474.64,1535.37,-69.09,0.16,0.64,-0.48,130482.37,100462.41,98148.99,80278.66,75.22,79.91,-4.69,11.2,21.57,-10.37,-0.59,9.86,-10.45,-4.18,6.62,-10.8
2701,萬華企業股份有限公司,2025,3,個別,65.63,76.63,-14.35,51.16,49.88,2.57,41.61,40.75,2.11,104.01,120.66,-13.8,0.23,0.27,-0.04,191.65,231.89,-17.35,150.85,158.26,-4.68,122.4,132.66,-7.73,219.95,226.59,-2.93,0.49,0.5,-0.01,9596.26,9835.21,1385.01,1405.74,14.43,14.29,0.14,77.95,65.1,12.85,63.4,53.18,10.22,158.48,157.46,1.02
2706,第一華僑大飯店股份有限公司,2025,3,個別,107.55,97.15,10.71,86.46,76.24,13.41,77.07,68.41,12.66,115.64,139.6,-17.16,0.23,0.28,-0.05,283.11,265.48,6.64,221.62,204.54,8.35,196.21,180.86,8.49,277.64,267.8,3.67,0.56,0.54,0.02,11458.64,11790.15,1671.68,1709.39,14.59,14.5,0.09,80.39,78.48,1.91,71.66,70.42,1.24,107.53,143.7,-36.17
2712,遠雄悅來大飯店股份有限公司,2025,3,個別,186.21,94.76,96.51,60.61,-6.49,1033.9,24.5,-37.24,165.79,23.17,-37.13,162.4,0.22,-0.35,0.57,423.32,250.81,68.78,97.72,-29.79,428.03,-6.54,-123.76,94.72,-11.65,-121.9,90.44,-0.11,-1.16,1.05,1678.73,1817.56,624.43,725.68,37.2,39.93,-2.73,32.55,-6.85,39.4,13.16,-39.3,52.46,12.44,-39.18,51.62
2901,欣欣大眾市場股份有限公司,2025,3,個別,32.78,33.81,-3.05,28.27,29.2,-3.18,3.77,7.11,-46.98,6.72,7.93,-15.26,0.09,0.11,-0.02,97.03,100.72,-3.66,82.83,86.07,-3.76,14.36,19.77,-27.36,18.31,23.53,-22.18,0.25,0.32,-0.07,998.53,1002.72,123.55,125.28,12.37,12.49,-0.12,86.25,86.37,-0.12,11.49,21.04,-9.55,20.51,23.46,-2.95
2913,台灣農林股份有限公司,2025,3,個別,112.41,116.62,-3.61,40.77,42.31,-3.64,-8.06,-10.37,22.28,-24.9,-38.9,35.99,-0.03,-0.05,0.02,364.97,308.98,18.12,138.6,111.13,24.72,-11.88,-58.64,79.74,-84.83,-135.12,37.22,-0.11,-0.17,0.06,21333.38,21431.77,8884.0,8861.59,41.64,41.35,0.29,36.27,36.28,-0.01,-7.17,-8.89,1.72,-22.15,-33.36,11.21
3135,凌航科技股份有限公司,2025,3,個別,1980.22,1383.13,43.17,149.69,16.59,802.29,97.09,2.66,3550.0,77.81,-3.66,2225.96,1.05,-0.06,1.11,5143.0,3817.07,34.74,284.07,188.29,50.87,176.74,117.76,50.08,102.27,112.19,-8.84,1.5,1.87,-0.37,3456.14,2687.09,1732.94,1520.55,50.14,56.59,-6.45,7.56,1.2,6.36,4.9,0.19,4.71,3.93,-0.26,4.19
3150,鈺寶科技股份有限公司,2025,3,個別,82.15,103.96,-20.98,38.01,50.09,-24.12,-0.68,15.26,-104.46,3.81,15.55,-75.5,0.09,0.35,-0.26,251.47,283.5,-11.3,114.44,135.24,-15.38,4.76,25.77,-81.53,8.49,32.16,-73.6,0.19,0.76,-0.57,716.07,762.72,48.16,60.47,6.73,7.93,-1.2,46.27,48.18,-1.91,-0.83,14.67,-15.5,4.64,14.95,-10.31
3528,安馳科技股份有限公司,2025,3,個別,2471.22,1373.39,79.94,257.63,160.94,60.08,162.83,99.37,63.86,105.33,60.14,75.14,1.58,0.9,0.68,6095.71,3946.21,54.47,642.43,568.79,12.95,382.64,308.01,24.23,17.9,221.59,-91.92,0.27,3.33,-3.06,6872.81,6832.24,5074.97,4916.13,73.84,71.95,1.89,10.43,11.72,-1.29,6.59,7.24,-0.65,4.26,4.38,-0.12
4440,宜新實業股份有限公司,2025,3,個別,287.15,316.49,-9.27,29.48,33.31,-11.5,19.21,19.16,0.26,13.0,25.82,-49.65,0.19,0.38,-0.19,751.06,837.1,-10.28,73.56,90.94,-19.11,42.85,48.24,-11.17,36.46,93.52,-61.01,0.54,1.38,-0.84,2144.95,2352.1,862.03,1021.4,40.19,43.42,-3.23,10.27,10.53,-0.26,6.69,6.05,0.64,4.53,8.16,-3.63
4588,玖鼎電力股份有限公司,2025,3,個別,261.47,250.89,4.22,85.32,79.17,7.77,54.78,49.09,11.59,40.11,36.06,11.23,0.93,0.84,0.09,620.27,744.59,-16.7,198.54,261.99,-24.22,108.2,159.64,-32.22,80.9,117.46,-31.13,1.88,2.76,-0.88,2012.45,1917.25,1139.83,1060.19,56.64,55.3,1.34,32.63,31.56,1.07,20.95,19.57,1.38,15.34,14.38,0.96
4590,富田電機股份有限公司,2025,3,個別,353.02,521.92,-32.36,150.36,137.49,9.36,57.41,37.27,54.04,73.88,40.93,80.5,1.44,0.8,0.64,1008.35,1826.85,-44.8,290.42,397.82,-27.0,3.13,87.56,-96.43,34.29,141.46,-75.76,0.67,2.77,-2.1,5333.85,5700.62,2125.3,2384.57,39.85,41.83,-1.98,42.59,26.34,16.25,16.26,7.14,9.12,20.93,7.84,13.09
4976,佳凌科技股份有限公司,2025,3,個別,258.05,319.64,-19.27,-48.69,29.86,-263.06,-93.67,-9.97,-839.52,-71.63,-27.07,-164.61,-0.52,-0.2,-0.32,786.87,877.98,-10.38,-40.06,54.48,-173.53,-180.56,-61.95,-191.46,-192.97,-10.95,-1662.28,-1.39,-0.08,-1.31,2695.55,3054.8,395.88,541.39,14.69,17.72,-3.03,-18.87,9.34,-28.21,-36.3,-3.12,-33.18,-27.76,-8.47,-19.29
5222,全訊科技股份有限公司,2025,3,個別,212.48,330.67,-35.74,90.41,181.33,-50.14,25.78,116.72,-77.91,62.17,120.58,-48.44,0.69,1.34,-0.65,691.42,972.02,-28.87,357.69,516.4,-30.73,176.01,335.73,-47.57,169.79,309.0,-45.05,1.89,3.44,-1.55,2811.94,2885.78,513.69,511.52,18.27,17.73,0.54,42.55,54.84,-12.29,12.13,35.3,-23.17,29.26,36.46,-7.2
6216,居易科技股份有限公司,2025,3,個別,191.46,337.16,-43.21,82.44,163.09,-49.45,7.17,84.78,-91.54,31.1,68.86,-54.84,0.32,0.72,-0.4,606.33,993.56,-38.97,278.31,468.5,-40.6,63.91,213.8,-70.11,38.9,238.22,-83.67,0.4,2.53,-2.13,1896.85,2092.41,172.97,242.88,9.12,11.61,-2.49,43.06,48.37,-5.31,3.75,25.15,-21.4,16.24,20.42,-4.18
6243,迅杰科技股份有限公司,2025,3,個別,155.28,174.79,-11.16,67.39,64.06,5.2,-1.12,-0.56,-100.0,2.16,-6.92,131.21,0.05,-0.15,0.2,506.95,541.51,-6.38,218.84,188.78,15.92,20.35,-6.1,433.61,-14.23,30.6,-146.5,-0.32,0.68,-1.0,1186.14,1227.0,410.37,403.62,34.6,32.89,1.71,43.4,36.65,6.75,-0.72,-0.32,-0.4,1.39,-3.96,5.35
6281,全國電子股份有限公司,2025,3,個別,4848.95,5516.63,-12.1,934.28,1028.59,-9.17,103.37,155.39,-33.48,81.46,122.81,-33.67,0.82,1.24,-0.42,14679.56,15513.94,-5.38,2854.9,3050.48,-6.41,373.31,484.83,-23.0,302.19,379.47,-20.37,3.05,3.83,-0.78,9097.11,9133.48,6293.62,6345.12,69.18,69.47,-0.29,19.27,18.65,0.62,2.13,2.82,-0.69,1.68,2.23,-0.55
6405,悅城科技股份有限公司,2025,3,個別,0.25,30.89,-99.19,-4.54,-3.73,-21.72,-25.71,-28.09,8.47,-7.62,-33.28,77.1,-0.12,-0.51,0.39,0.7,113.58,-99.38,-22.82,-7.24,-215.19,-83.4,-85.9,2.91,-68.04,-49.76,-36.74,-1.03,-0.76,-0.27,2526.97,2375.73,12.97,35.57,0.51,1.5,-0.99,-1816.0,-12.06,-1803.94,-10285.6,-90.91,-10194.69,-3047.2,-107.73,-2939.47
6552,易華電子股份有限公司,2025,3,個別,321.63,492.75,-34.73,-122.12,-30.6,-299.08,-161.42,-60.82,-165.41,-111.4,-59.48,-87.29,-1.34,-0.72,-0.62,1143.0,1559.66,-26.71,-262.52,57.05,-560.16,-389.53,-59.36,-556.22,-290.87,29.69,-1079.69,-3.5,0.36,-3.86,3574.64,4535.14,1253.7,1486.42,35.07,32.78,2.29,-37.97,-6.21,-31.76,-50.19,-12.34,-37.85,-34.64,-12.07,-22.57
6753,龍德造船工業股份有限公司,2025,3,個別,1184.74,996.35,18.91,244.74,147.78,65.61,204.48,102.89,98.74,201.33,92.96,116.58,1.76,0.85,0.91,3544.8,3408.69,3.99,699.21,906.76,-22.89,588.26,782.42,-24.82,424.08,564.44,-24.87,3.74,5.21,-1.47,10518.21,10182.3,6086.68,6631.16,57.87,65.12,-7.25,20.66,14.83,5.83,17.26,10.33,6.93,16.99,9.33,7.66
6757,台灣虎航股份有限公司,2025,3,個別,4133.38,4422.37,-6.53,1019.52,1437.19,-29.06,705.0,1152.84,-38.85,471.39,942.67,-49.99,1.03,2.1,-1.07,12587.34,12636.84,-0.39,3584.07,4106.07,-12.71,2498.26,3260.73,-23.38,1969.09,2476.38,-20.49,4.28,5.52,-1.24,26588.7,20403.02,19767.33,13698.48,74.34,67.14,7.2,24.67,32.5,-7.83,17.06,26.07,-9.01,11.4,21.32,-9.92
6789,采鈺科技股份有限公司,2025,3,個別,2255.88,2750.88,-17.99,559.7,993.02,-43.64,345.79,694.26,-50.19,346.34,576.26,-39.9,1.09,1.82,-0.73,6649.36,7313.53,-9.08,1597.48,2138.86,-25.31,909.2,1377.27,-33.99,888.89,1181.72,-24.78,2.8,3.73,-0.93,22135.69,24579.76,4122.24,7075.99,18.62,28.79,-10.17,24.81,36.1,-11.29,15.33,25.24,-9.91,15.35,20.95,-5.6
6794,向榮生醫科技股份有限公司,2025,3,個別,5.23,14.68,-64.37,3.07,8.96,-65.74,-31.08,-15.49,-100.65,-25.25,-13.65,-84.98,-0.42,-0.23,-0.19,23.75,21.05,12.83,15.87,13.05,21.61,-93.99,-80.07,-17.38,-85.09,-71.12,-19.64,-1.42,-1.25,-0.17,806.14,796.49,79.98,90.79,9.92,11.4,-1.48,58.7,61.04,-2.34,-593.96,-105.55,-488.41,-482.55,-93.0,-389.55
6901,鑽石生技投資股份有限公司,2025,3,個別,-122.08,-756.69,83.87,-122.08,-756.69,83.87,-157.23,-811.02,80.61,-144.01,-811.15,82.25,-0.17,-0.95,0.78,-1089.71,-1621.12,32.78,-1089.71,-1621.12,32.78,-1199.27,-1757.79,31.77,-1160.1,-1752.47,33.8,-1.36,-2.06,0.7,9394.81,11312.85,168.32,185.82,1.79,1.64,0.15,100.0,100.0,0.0,128.79,107.18,21.61,117.96,107.2,10.76
6909,創控科技股份有限公司,2025,3,個別,119.54,156.79,-23.76,70.52,104.65,-32.61,14.38,38.96,-63.09,16.4,35.7,-54.06,0.25,0.59,-0.34,336.19,308.21,9.08,191.72,192.28,-0.29,12.45,25.9,-51.93,2.82,35.92,-92.15,0.04,0.6,-0.56,1163.15,889.57,153.37,106.03,13.19,11.92,1.27,59.0,66.74,-7.74,12.03,24.85,-12.82,13.72,22.77,-9.05
6921,嘉雨思科技股份有限公司,2025,3,個別,34.94,61.35,-43.05,19.73,42.91,-54.02,-4.17,15.29,-127.27,-0.51,12.66,-104.03,-0.02,0.42,-0.44,150.29,99.49,51.06,86.35,67.95,27.08,13.64,2.55,434.9,6.21,8.51,-27.03,0.21,0.28,-0.07,302.51,275.51,77.97,72.39,25.77,26.27,-0.5,56.48,69.95,-13.47,-11.95,24.93,-36.88,-1.47,20.64,-22.11
6936,永鴻國際生技股份有限公司,2025,3,個別,375.17,360.78,3.99,116.67,124.13,-6.01,40.77,55.97,-27.16,33.24,42.08,-21.01,0.46,0.63,-0.17,1043.44,968.58,7.73,327.81,332.44,-1.39,107.76,129.21,-16.6,83.61,100.66,-16.94,1.19,1.52,-0.33,1583.59,1403.95,276.46,309.41,17.46,22.04,-4.58,31.1,34.41,-3.31,10.87,15.51,-4.64,8.86,11.66,-2.8
7760,享溫馨企業股份有限公司,2025,3,個別,287.58,299.8,-4.08,94.73,106.97,-11.44,-4.65,11.23,-141.41,5.58,3.68,51.63,0.11,0.08,0.03,978.87,990.23,-1.15,354.94,401.72,-11.64,43.2,109.32,-60.48,31.4,73.88,-57.5,0.63,1.63,-1.0,4439.64,4222.29,2435.68,2562.84,54.86,60.7,-5.84,32.94,35.68,-2.74,-1.62,3.75,-5.37,1.94,1.23,0.71
7765,中華資安國際股份有限公司,2025,3,個別,490.2,462.55,5.98,218.75,185.28,18.06,117.5,87.86,33.74,96.2,71.98,33.65,2.53,1.98,0.55,1469.23,1318.48,11.43,681.52,591.1,15.3,387.83,326.47,18.79,317.14,265.35,19.52,8.52,7.33,1.19,2632.25,1377.21,664.31,577.9,25.24,41.96,-16.72,44.63,40.06,4.57,23.97,18.99,4.98,19.62,15.56,4.06
7786,東方風能科技股份有限公司,2025,3,個別,4037.03,2169.05,86.12,840.11,591.67,41.99,748.03,540.81,38.32,662.53,423.99,56.26,4.23,2.79,1.44,8397.42,5326.78,57.65,2145.42,1401.87,53.04,1920.07,1192.89,60.96,1418.2,949.32,49.39,9.06,6.26,2.8,12990.1,8236.65,6685.15,3333.38,51.46,40.47,10.99,20.81,27.28,-6.47,18.53,24.93,-6.4,16.41,19.55,-3.14
7799,禾榮科技股份有限公司,2025,3,個別,3.52,0.0,,-1.99,0.0,,-233.52,-76.74,-204.3,-231.82,-75.6,-206.64,-1.6,-0.56,-1.04,5.53,0.0,,-17.38,0.0,,-405.97,-183.9,-120.76,-399.1,-188.57,-111.65,-2.82,-1.53,-1.29,12158.69,1568.08,51.28,32.69,0.42,2.08,-1.66,-56.54,,,-6637.81,,,-6589.45,,
8028,昇陽國際半導體股份有限公司,2025,3,個別,1163.87,938.15,24.06,389.12,297.43,30.83,242.83,173.12,40.27,201.54,125.73,60.3,1.17,0.73,0.44,3290.29,2501.65,31.52,1127.34,659.29,70.99,707.78,324.07,118.4,531.92,292.07,82.12,3.08,1.69,1.39,10730.01,8752.81,6003.89,4836.04,55.95,55.25,0.7,33.43,31.7,1.73,20.86,18.45,2.41,17.32,13.4,3.92
8131,福懋科技股份有限公司,2025,3,個別,2635.15,2080.39,26.67,366.9,201.45,82.13,274.4,102.61,167.42,271.17,122.21,121.89,0.61,0.28,0.33,6966.99,6777.59,2.79,557.9,959.39,-41.85,287.06,686.54,-58.19,201.3,753.53,-73.29,0.46,1.7,-1.24,12421.5,12735.41,1574.84,1354.88,12.68,10.64,2.04,13.92,9.68,4.24,10.41,4.93,5.48,10.29,5.87,4.42
8162,微矽電子股份有限公司,2025,3,個別,349.02,289.73,20.46,97.9,70.46,38.94,48.94,26.38,85.52,44.26,43.46,1.84,0.64,0.63,0.01,986.65,768.71,28.35,272.97,146.23,86.67,127.44,21.65,488.64,104.91,53.64,95.58,1.53,0.79,0.74,2565.93,2320.4,1086.39,913.85,42.34,39.38,2.96,28.05,24.32,3.73,14.02,9.1,4.92,12.68,15.0,-2.32
8222,寶一科技股份有限公司,2025,3,個別,219.46,230.06,-4.61,34.37,48.3,-28.84,3.87,19.4,-80.05,10.35,15.94,-35.07,0.15,0.23,-0.08,726.41,623.38,16.53,124.8,134.29,-7.07,37.79,56.45,-33.06,11.2,70.64,-84.14,0.16,1.03,-0.87,2113.76,1713.73,1238.6,833.39,58.6,48.63,9.97,15.66,21.0,-5.34,1.76,8.43,-6.67,4.71,6.93,-2.22
8487,愛爾達科技股份有限公司,2025,3,個別,264.71,758.21,-65.09,72.5,163.27,-55.6,34.65,109.33,-68.31,26.58,87.83,-69.74,1.0,3.31,-2.31,802.16,1188.78,-32.52,197.3,282.26,-30.1,94.92,167.64,-43.38,80.02,134.89,-40.68,3.02,5.17,-2.15,988.35,971.7,345.03,315.1,34.91,32.43,2.48,27.39,21.53,5.86,13.09,14.42,-1.33,10.04,11.58,-1.54
3041,揚智科技股份有限公司,2025,3,合併,391.19,428.48,-8.7,141.06,100.47,40.4,-85.69,-71.9,-19.18,-132.65,-122.6,-8.2,-1.02,-1.05,0.03,967.06,1232.79,-21.56,316.95,351.11,-9.73,-230.06,-189.57,-21.36,-272.66,-230.41,-18.34,-2.1,-1.98,-0.12,4298.68,3404.31,2478.56,1703.95,57.66,50.05,7.61,36.06,23.45,12.61,-21.9,-16.78,-5.12,-33.91,-28.61,-5.3
3450,聯鈞光電股份有限公司,2025,3,合併,1855.74,2100.77,-11.66,422.72,578.94,-26.98,194.79,358.3,-45.63,88.85,151.01,-41.16,0.61,1.04,-0.43,6462.65,5091.11,26.94,1989.58,1230.71,61.66,1270.83,661.62,92.08,506.64,264.47,91.57,3.48,1.82,1.66,12521.79,9915.96,5164.12,3501.72,41.24,35.31,5.93,22.78,27.56,-4.78,10.5,17.06,-6.56,4.79,7.19,-2.4
